"id","device_id","uuid","first_report_time","last_report_time","max_runtime_seconds","created_at"
"1142","303","011a399e-2585-4f6a-a56d-8a91bd85b8df","29/4/2026 03:00:53.253185","29/4/2026 03:09:53.238723","570","29/4/2026 03:00:53.253185"
"556","303","324ad087-bf83-449a-b573-50c1807f2494","27/4/2026 20:00:52.207381","27/4/2026 20:09:52.209548","570","27/4/2026 20:00:52.207381"
"342","118","46f3b9de-3bc6-41be-baeb-54c8aa724750","27/4/2026 10:23:00.948406","27/4/2026 10:40:00.983648","1050","27/4/2026 10:23:00.948406"
"1085","303","5a21ebb5-1f8f-4a2e-ac37-9b9b39a939c3","29/4/2026 00:00:52.498444","29/4/2026 00:09:52.485684","570","29/4/2026 00:00:52.498444"
"255","118","02378b3b-ae5e-424b-bc8b-e8dd0d4b5485","27/4/2026 08:00:56.24511","27/4/2026 08:09:56.247214","570","27/4/2026 08:00:56.24511"
"1","1","e6063dba-b160-4748-a177-0aae5e6b9ba0","24/4/2026 09:44:34.00271","24/4/2026 10:03:14.025082","1130","24/4/2026 09:44:34.00271"
"415","303","46381146-5d65-4751-b0ff-642c7b777cd3","27/4/2026 13:00:55.697161","27/4/2026 13:09:51.717009","570","27/4/2026 13:00:55.697161"
"114","1","dca80aa5-6dd5-4e25-85da-9241ab68ea73","27/4/2026 02:09:08.590665","27/4/2026 02:09:38.563879","40","27/4/2026 02:09:08.590665"
"118","118","0a2ff427-fc4b-4caf-85ab-535d3a9adb88","27/4/2026 03:13:43.920705","27/4/2026 03:14:13.898006","60","27/4/2026 03:13:43.920705"
"877","303","9b547a82-9028-489d-9524-6b6f0b6d8eb2","28/4/2026 13:00:53.201714","28/4/2026 13:09:53.153015","570","28/4/2026 13:00:53.201714"
"820","303","ec6caa8d-c92a-4a18-b55e-bff1a56a12c6","28/4/2026 09:00:52.794496","28/4/2026 09:09:52.796433","570","28/4/2026 09:00:52.794496"
"158","118","51c92faf-238f-43a9-b9ab-cea90574f80b","27/4/2026 06:00:53.171991","27/4/2026 06:09:53.179928","570","27/4/2026 06:00:53.171991"
"518","303","ffbc7edb-9f3b-4333-a381-1d6322156f16","27/4/2026 18:00:54.028307","27/4/2026 18:09:54.037793","570","27/4/2026 18:00:54.028307"
"472","303","13105462-4430-4314-af1d-5d5d6e7640a6","27/4/2026 16:00:57.431747","27/4/2026 16:09:57.41138","570","27/4/2026 16:00:57.431747"
"952","303","a876561a-4572-4473-8af6-959b61175e4e","28/4/2026 17:00:53.170708","28/4/2026 17:09:53.128483","570","28/4/2026 17:00:53.170708"
"304","118","cc024b20-6160-4655-84de-c6ad1e51625c","27/4/2026 10:00:52.578136","27/4/2026 10:09:52.559364","570","27/4/2026 10:00:52.578136"
"303","303","2f33301c-78a1-4faf-b88c-0855c198ef44","27/4/2026 10:00:23.949715","27/4/2026 10:09:53.978477","600","27/4/2026 10:00:23.949715"
"177","1","20e89669-78ea-4937-a4f7-f3057328a913","27/4/2026 06:18:22.260224","27/4/2026 06:28:02.259492","590","27/4/2026 06:18:22.260224"
"120","118","bbf5a6fa-4ab6-44ae-9c8c-41a8c08877f4","27/4/2026 04:00:55.276182","27/4/2026 04:09:55.279626","570","27/4/2026 04:00:55.276182"
"687","303","f4a8d7fa-2dbc-4833-86e0-88c2a2680174","28/4/2026 02:00:55.734538","28/4/2026 02:09:52.681738","570","28/4/2026 02:00:55.734538"
"650","303","129757a9-e989-4f52-8482-46ddb72b9fe7","28/4/2026 00:00:55.206631","28/4/2026 00:09:52.925715","570","28/4/2026 00:00:55.206631"
"274","118","31b11e66-dfe8-4580-9d3f-72807191ed1b","27/4/2026 09:00:52.224858","27/4/2026 09:09:52.250467","570","27/4/2026 09:00:52.224858"
"377","303","0e10a851-a9a1-4a58-bd75-ce568d7ad69d","27/4/2026 11:00:52.604118","27/4/2026 11:09:52.613792","570","27/4/2026 11:00:52.604118"
"725","303","9849e50b-8ded-43ad-925b-80abb92defe7","28/4/2026 04:00:53.445239","28/4/2026 04:09:52.179841","570","28/4/2026 04:00:53.445239"
"434","303","65c82f68-1472-443e-925d-1068f416b7cf","27/4/2026 14:00:53.941639","27/4/2026 14:09:53.931025","570","27/4/2026 14:00:53.941639"
"293","293","5b70d7b3-fa5f-468b-947e-b8fba75cc83b","27/4/2026 09:54:54.787524","27/4/2026 09:59:24.78639","300","27/4/2026 09:54:54.787524"
"236","118","bea20f61-5399-41d1-9d9f-3835595b49be","27/4/2026 07:00:54.238326","27/4/2026 07:09:54.216346","570","27/4/2026 07:00:54.238326"
"139","118","aeba6818-5b1c-4d67-a730-18e5e6be6c8c","27/4/2026 05:00:56.804791","27/4/2026 05:09:56.802925","570","27/4/2026 05:00:56.804791"
"1218","303","5da685a0-9585-46f6-8f97-d6434a257794","29/4/2026 07:00:52.478198","29/4/2026 07:09:52.463831","570","29/4/2026 07:00:52.478198"
"575","303","bb57862c-5085-44f3-9b33-942f95f4ffc2","27/4/2026 21:00:52.612113","27/4/2026 21:09:52.617485","570","27/4/2026 21:00:52.612113"
"763","303","6e59265e-f103-4cc0-bc04-af5f61f476d9","28/4/2026 06:00:52.112359","28/4/2026 06:09:52.105422","570","28/4/2026 06:00:52.112359"
"933","303","247cd26b-d287-43a4-bc83-bccd4062d286","28/4/2026 16:00:53.791191","28/4/2026 16:09:53.789612","570","28/4/2026 16:00:53.791191"
"537","303","3f69cc41-d3c0-43fe-b453-41b77208b249","27/4/2026 19:00:52.901712","27/4/2026 19:09:52.91115","570","27/4/2026 19:00:52.901712"
"396","303","3fd95613-2c6a-4769-869f-197b234dd618","27/4/2026 12:00:55.804465","27/4/2026 12:09:55.814732","570","27/4/2026 12:00:55.804465"
"1104","303","5b083097-75ff-416e-87f7-0325c0937046","29/4/2026 01:00:55.18095","29/4/2026 01:09:55.16193","570","29/4/2026 01:00:55.18095"
"858","303","51cf062e-a54b-43d1-9784-1c939243376b","28/4/2026 12:00:52.153667","28/4/2026 12:09:52.150069","570","28/4/2026 12:00:52.153667"
"801","303","44b9bf7f-9a3c-45af-abe9-0e17ea2cd512","28/4/2026 08:00:59.238306","28/4/2026 08:09:59.080413","570","28/4/2026 08:00:59.238306"
"490","303","82696897-05b7-4ed0-aa91-453e376a9d2a","27/4/2026 17:00:51.641484","27/4/2026 17:14:51.618349","870","27/4/2026 17:00:51.641484"
"453","303","2e8e53c8-7929-4b44-8f3f-4ee7bf1c66ed","27/4/2026 15:00:52.905471","27/4/2026 15:09:52.889269","570","27/4/2026 15:00:52.905471"
"669","303","29ab56fb-c945-4cc1-bcbe-df9c3bc97aef","28/4/2026 01:00:52.103701","28/4/2026 01:09:52.070141","570","28/4/2026 01:00:52.103701"
"706","303","bedc1655-852b-41bf-ad1e-f9e6f769e62e","28/4/2026 03:00:52.893093","28/4/2026 03:09:52.925621","570","28/4/2026 03:00:52.893093"
"613","303","b5a8a7d0-a1c2-4f9d-b875-fe8ef460e654","27/4/2026 23:00:52.103979","27/4/2026 23:19:52.118643","1170","27/4/2026 23:00:52.103979"
"594","303","43be6d87-90ab-40ea-986c-32c8c71963f9","27/4/2026 22:00:53.382129","27/4/2026 22:09:53.389478","570","27/4/2026 22:00:53.382129"
"914","303","edca3736-287f-49b4-8f13-2afbceb870f0","28/4/2026 15:00:52.316587","28/4/2026 15:09:52.30358","570","28/4/2026 15:00:52.316587"
"744","303","a81d5ff2-9698-4747-be34-13c1e8713f9a","28/4/2026 05:00:53.03327","28/4/2026 05:09:53.043123","570","28/4/2026 05:00:53.03327"
"1293","303","ac72b6e6-bc58-4d1a-b66d-8699ae5a1fb5","29/4/2026 10:00:54.863971","29/4/2026 10:09:54.841056","570","29/4/2026 10:00:54.863971"
"1256","303","d52eb4f1-ee41-4802-b9e8-d0b8f29c11e2","29/4/2026 09:00:54.311954","29/4/2026 09:09:54.294316","570","29/4/2026 09:00:54.311954"
"839","303","39381337-23eb-48d2-9c50-0b4a6a1d2bad","28/4/2026 10:00:54.671909","28/4/2026 10:09:52.564145","570","28/4/2026 10:00:54.671909"
"1123","303","7e23d5b8-00d6-44e5-bff4-f9d9c7684064","29/4/2026 02:00:54.905762","29/4/2026 02:09:54.908269","570","29/4/2026 02:00:54.905762"
"782","303","30ca89db-2124-4dd7-ae0a-db23b64c2e07","28/4/2026 07:00:51.990049","28/4/2026 07:09:51.987795","570","28/4/2026 07:00:51.990049"
"895","303","5df38ff0-363c-4f3b-8208-daa87ba4d710","28/4/2026 14:00:52.452391","28/4/2026 14:09:52.444741","570","28/4/2026 14:00:52.452391"
"1028","303","7fc864ff-17c7-4d7f-8418-142b66041a33","28/4/2026 21:00:53.425689","28/4/2026 21:09:53.411128","570","28/4/2026 21:00:53.425689"
"1009","303","b5efa326-1040-4c4b-8fa2-38028a56a765","28/4/2026 20:00:52.21249","28/4/2026 20:09:52.198558","570","28/4/2026 20:00:52.21249"
"990","303","a6bbb782-4c74-4a0b-a5e2-e9e61b7221d8","28/4/2026 19:00:52.20523","28/4/2026 19:09:52.213994","570","28/4/2026 19:00:52.20523"
"1047","303","6e22464f-257a-4386-84ab-988921cf89ce","28/4/2026 22:00:55.649613","28/4/2026 22:09:55.640953","570","28/4/2026 22:00:55.649613"
"971","303","9b0a8ae2-2035-458d-b86b-7f1f4216d092","28/4/2026 18:00:52.142775","28/4/2026 18:09:52.167284","570","28/4/2026 18:00:52.142775"
"1257","118","16f7c781-9297-4911-8d55-6db3c1cabaa1","29/4/2026 09:00:54.400669","29/4/2026 09:09:54.392216","570","29/4/2026 09:00:54.400669"
"1066","303","72165fe0-32ef-45ab-8ddf-49fb9ff66963","28/4/2026 23:00:54.226291","28/4/2026 23:09:54.221387","570","28/4/2026 23:00:54.226291"
"1180","303","099fbab1-ef15-4e87-b704-3c8d5b08fa00","29/4/2026 05:00:57.042967","29/4/2026 05:09:57.014968","570","29/4/2026 05:00:57.042967"
"1199","303","113c8b74-1ea5-4430-a843-2ee79605fa79","29/4/2026 06:00:52.693018","29/4/2026 06:09:52.681022","570","29/4/2026 06:00:52.693018"
"1161","303","4e7b5759-2066-4e6a-8b17-429beab129b6","29/4/2026 04:00:56.951519","29/4/2026 04:09:56.929809","570","29/4/2026 04:00:56.951519"
"1237","303","61b1b095-3a00-4eed-bd37-b94acd73ee49","29/4/2026 08:00:53.399492","29/4/2026 08:09:53.403683","570","29/4/2026 08:00:53.399492"
"1325","303","01f0a324-5c2a-4fbc-8440-81583d264ef7","29/4/2026 11:00:54.144307","29/4/2026 11:09:54.140768","570","29/4/2026 11:00:54.144307"
"1344","303","24bade0f-e17f-49b3-84c1-4a3bd59a64ad","29/4/2026 12:00:55.018391","29/4/2026 12:09:54.99359","570","29/4/2026 12:00:55.018391"
"1295","118","fc983c3a-96df-4a85-8d0e-b74bf3755ce5","29/4/2026 10:01:25.075021","29/4/2026 10:07:25.051266","420","29/4/2026 10:01:25.075021"
"1363","303","8ef1634f-efc6-4543-abd2-40286353fbb7","29/4/2026 13:00:55.411893","29/4/2026 13:09:55.419727","570","29/4/2026 13:00:55.411893"
"1382","303","858d13a9-1b66-4b34-9236-26715ca9785d","29/4/2026 14:00:51.859909","29/4/2026 14:09:51.851491","570","29/4/2026 14:00:51.859909"
"1401","303","8c50663a-8d86-49dd-bc81-10126187a7f6","29/4/2026 15:00:56.998903","29/4/2026 15:09:57.001286","570","29/4/2026 15:00:56.998903"
"1667","303","eaa9ce00-6e26-4841-9ecd-470a8bd26bb7","30/4/2026 05:01:02.406171","30/4/2026 05:01:02.406171","30","30/4/2026 05:01:02.406171"
"1496","303","423c4db0-7e2c-48e8-8e91-1eb78ed44dfd","29/4/2026 20:00:54.129361","29/4/2026 20:09:54.130308","570","29/4/2026 20:00:54.129361"
"1534","303","93557e5d-a240-4450-bfac-0ab9ce5a5cee","29/4/2026 22:00:52.718957","29/4/2026 22:09:52.719443","570","29/4/2026 22:00:52.718957"
"1572","303","af811f9e-1377-4cec-8875-57e2315cea9a","30/4/2026 00:00:52.208017","30/4/2026 00:09:52.209687","570","30/4/2026 00:00:52.208017"
"2141","118","a6ac8018-b2c0-4323-aaea-ec8d987b5ed2","6/5/2026 21:00:37.60119","6/5/2026 21:00:52.61352","30","6/5/2026 21:00:37.60119"
"2310","118","a4411052-eb90-49bf-9ffb-4c0f3d9ffe5a","7/5/2026 09:00:39.974526","7/5/2026 09:09:54.986808","570","7/5/2026 09:00:39.974526"
"2143","118","8258c78b-dbbe-492a-9798-a71f79ebaab9","6/5/2026 22:00:40.938746","6/5/2026 22:01:10.949408","45","6/5/2026 22:00:40.938746"
"1755","118","04760e53-9528-4e52-8a27-40fd9ef33ee6","3/5/2026 10:00:53.557987","3/5/2026 10:09:53.510702","570","3/5/2026 10:00:53.557987"
"1835","118","9570cacb-6f94-45a0-b615-46002b2e221c","6/5/2026 11:00:36.629401","6/5/2026 11:09:51.623197","570","6/5/2026 11:00:36.629401"
"2146","118","64493bd5-1637-4866-a533-b571943f13c5","6/5/2026 23:00:37.433586","6/5/2026 23:01:22.333941","60","6/5/2026 23:00:37.433586"
"1420","303","6be339ae-f153-488f-b705-9fc2301b27c6","29/4/2026 16:00:54.054122","29/4/2026 16:09:54.077222","570","29/4/2026 16:00:54.054122"
"1706","118","d1e79737-3a41-4fb2-9121-d2bb933c396a","1/5/2026 11:20:52.204509","1/5/2026 11:29:52.206311","570","1/5/2026 11:20:52.204509"
"1477","303","d70f1a0d-c132-42a1-b972-58820100257f","29/4/2026 19:00:53.249085","29/4/2026 19:09:53.264467","570","29/4/2026 19:00:53.249085"
"1648","303","8fb9cfe8-e0e5-48d6-8bdd-90ebe562a3a3","30/4/2026 04:00:56.706605","30/4/2026 04:09:56.707564","570","30/4/2026 04:00:56.706605"
"1591","303","035cad3b-5d9c-47bc-afdc-973fe31e681a","30/4/2026 01:00:54.400229","30/4/2026 01:09:53.395283","570","30/4/2026 01:00:54.400229"
"2149","118","975ed19d-d465-4d7f-a5af-840ce94d74cc","7/5/2026 00:00:40.744577","7/5/2026 00:00:55.67601","30","7/5/2026 00:00:40.744577"
"2151","118","09a78597-be81-4ee4-b856-04d280c9aaa4","7/5/2026 01:00:37.38802","7/5/2026 01:00:52.368576","30","7/5/2026 01:00:37.38802"
"1816","118","bc47526e-9f89-4346-a7f0-30fabb3a900b","6/5/2026 10:21:16.083627","6/5/2026 10:30:16.045713","570","6/5/2026 10:21:16.083627"
"2153","118","589224a1-3d56-42c2-86d4-6e96fa465b96","7/5/2026 02:00:40.706858","7/5/2026 02:00:55.693676","30","7/5/2026 02:00:40.706858"
"1439","303","649c15bb-bc73-4fab-8d54-7b41b7c721e3","29/4/2026 17:00:52.195053","29/4/2026 17:09:52.192202","570","29/4/2026 17:00:52.195053"
"1725","118","a894d487-6433-49f1-afea-041966820990","1/5/2026 12:00:57.176706","1/5/2026 12:05:57.143763","330","1/5/2026 12:00:57.176706"
"2155","118","a5806f55-49b0-4834-9494-d8a6b44395ba","7/5/2026 03:00:37.424316","7/5/2026 03:00:52.413144","30","7/5/2026 03:00:37.424316"
"1515","303","8a4f6456-7dea-41ce-b871-8807b0e171b1","29/4/2026 21:00:53.239978","29/4/2026 21:09:53.251072","570","29/4/2026 21:00:53.239978"
"1610","303","48f25ad0-6d0e-4dd0-9be2-a7c791dd4d5f","30/4/2026 02:00:52.091737","30/4/2026 02:09:52.082439","570","30/4/2026 02:00:52.091737"
"2157","118","9b2fb30a-888b-4072-b603-39848cb0f508","7/5/2026 04:00:38.098351","7/5/2026 04:00:53.117464","30","7/5/2026 04:00:38.098351"
"1668","118","8dba4b4d-65bd-424d-a737-a145e2a9fe16","30/4/2026 08:00:51.749216","30/4/2026 08:09:51.754803","570","30/4/2026 08:00:51.749216"
"1774","118","2a693646-392a-4f73-a9b0-2343b50bd20d","4/5/2026 12:00:55.437381","4/5/2026 12:09:55.417419","570","4/5/2026 12:00:55.437381"
"1793","118","f6bbd111-0058-41b0-b757-56b48486284e","4/5/2026 13:00:51.907912","4/5/2026 13:01:21.926873","60","4/5/2026 13:00:51.907912"
"2023","118","820fd5b3-930b-4b9d-9393-16b00e7e23dd","6/5/2026 16:00:37.196261","6/5/2026 16:09:52.171975","570","6/5/2026 16:00:37.196261"
"1458","303","d87488d7-ba70-4ba5-a591-8670baea320e","29/4/2026 18:00:52.261788","29/4/2026 18:09:52.283385","570","29/4/2026 18:00:52.261788"
"2159","118","6f40861b-f66c-41c8-8535-f7eca13bdb2f","7/5/2026 05:00:40.035691","7/5/2026 05:00:52.545129","30","7/5/2026 05:00:40.035691"
"2161","118","16ccd120-0800-4d3e-a696-9bb33753fc72","7/5/2026 06:00:37.033992","7/5/2026 06:00:37.033992","15","7/5/2026 06:00:37.033992"
"1987","118","70d16287-404e-44f7-bbc0-4dff50123c82","6/5/2026 15:00:38.94503","6/5/2026 15:09:53.918637","570","6/5/2026 15:00:38.94503"
"1553","303","a20f7b66-1419-4fb5-90e6-8a9038a23e89","29/4/2026 23:00:53.351237","29/4/2026 23:09:53.374836","570","29/4/2026 23:00:53.351237"
"2285","2285","33b3b083-849a-48b0-9909-841a0d8a675e","7/5/2026 08:06:22.706007","7/5/2026 08:07:22.567827","90","7/5/2026 08:06:22.706007"
"1629","303","38d5d738-20ee-4e17-9084-aa8d45a1432a","30/4/2026 03:00:53.934023","30/4/2026 03:09:53.928747","570","30/4/2026 03:00:53.934023"
"2305","2305","cd7b3689-b73a-4b6a-ac77-3ebe2a0a53f8","7/5/2026 08:19:13.081463","7/5/2026 08:20:38.834884","120","7/5/2026 08:19:13.081463"
"1736","118","8bc51b9d-58e2-4bfc-a8b6-131e40482851","3/5/2026 09:00:53.505629","3/5/2026 09:09:53.12634","570","3/5/2026 09:00:53.505629"
"2309","2309","cd4599ab-8dd1-45d4-98b4-ba381bd8fca3","7/5/2026 08:35:00.019416","7/5/2026 08:35:00.019416","30","7/5/2026 08:35:00.019416"
"2216","118","bd638c4d-69a6-40f1-a9a6-8983312781c6","7/5/2026 07:00:42.767208","7/5/2026 07:09:57.135564","570","7/5/2026 07:00:42.767208"
"1949","118","a9dd7988-46c5-4749-a4da-f4df411eccac","6/5/2026 14:00:38.937378","6/5/2026 14:09:53.929976","570","6/5/2026 14:00:38.937378"
"1687","118","9ce63c3f-f0e2-4ea5-8a63-fb995583e69d","30/4/2026 09:00:53.241225","30/4/2026 09:09:53.256985","570","30/4/2026 09:00:53.241225"
"2255","2255","d6878630-bed1-47c8-b67b-753b4f7b00a4","7/5/2026 07:40:56.096844","7/5/2026 07:41:26.029029","60","7/5/2026 07:40:56.096844"
"2257","2257","952a0233-2cc6-4e38-baaa-bebdd1afc20e","7/5/2026 07:46:18.360957","7/5/2026 07:46:48.355524","60","7/5/2026 07:46:18.360957"
"1795","118","b21ccaff-9a84-4994-9e05-8fcd02d09019","5/5/2026 12:00:56.519416","5/5/2026 12:09:56.229067","570","5/5/2026 12:00:56.519416"
"1814","118","fe0d5c56-a2da-452c-98a7-b1fa439fc8e5","5/5/2026 13:00:54.220862","5/5/2026 13:01:24.218473","60","5/5/2026 13:00:54.220862"
"1911","118","440c692c-f933-4a3c-8a97-b464d4a316e6","6/5/2026 13:00:38.44565","6/5/2026 13:09:53.251556","570","6/5/2026 13:00:38.44565"
"2162","2162","a4a4fb4a-8bea-4a70-a84e-a850516b0c62","7/5/2026 06:11:39.018951","7/5/2026 06:37:09.03386","1560","7/5/2026 06:11:39.018951"
"2214","2214","dd8f7d2b-d7e1-4352-8929-2edcaca7d467","7/5/2026 06:57:45.519708","7/5/2026 06:57:45.519708","30","7/5/2026 06:57:45.519708"
"2099","118","41a56f24-0d9f-4e14-8d1c-7e098c06d027","6/5/2026 18:00:38.270131","6/5/2026 18:09:53.275628","570","6/5/2026 18:00:38.270131"
"1873","118","4a9826d1-adfd-469d-86cf-b653711557d0","6/5/2026 12:00:39.633217","6/5/2026 12:09:54.646277","570","6/5/2026 12:00:39.633217"
"2061","118","2991d591-f0b7-4a86-a6df-c3c100863cb0","6/5/2026 17:00:40.9659","6/5/2026 17:09:55.946898","570","6/5/2026 17:00:40.9659"
"2137","118","907c8ec9-6a4f-468a-9a89-63860b313fb1","6/5/2026 19:00:42.776375","6/5/2026 19:00:57.742316","30","6/5/2026 19:00:42.776375"
"2139","118","714d088d-67d0-4802-b770-cf04cc54f0ff","6/5/2026 20:00:37.530067","6/5/2026 20:00:51.755423","30","6/5/2026 20:00:37.530067"
"2215","2214","34b0fca9-24ec-49b1-a414-f247ba10f30e","7/5/2026 07:00:32.183498","7/5/2026 07:01:02.227022","60","7/5/2026 07:00:32.183498"
"2259","2259","deba8c92-7b0e-4d84-b23c-cee955f7413b","7/5/2026 07:58:22.478115","7/5/2026 07:59:22.46972","90","7/5/2026 07:58:22.478115"
"2354","2259","6477d425-3267-4bf9-aec4-ae14e97b71f8","7/5/2026 10:00:54.221888","7/5/2026 10:09:54.22791","570","7/5/2026 10:00:54.221888"
"2262","118","903a5853-e0bd-410f-aebe-1055becb5af1","7/5/2026 08:00:39.088255","7/5/2026 08:09:54.088757","570","7/5/2026 08:00:39.088255"
"2303","2303","b7165a91-8d0a-46e3-9a89-6269e726f320","7/5/2026 08:12:59.081775","7/5/2026 08:13:29.080356","60","7/5/2026 08:12:59.081775"
"2349","2255","b138ac12-bc98-412e-a33c-8b38c470fa91","7/5/2026 10:00:51.585565","7/5/2026 10:09:51.582239","570","7/5/2026 10:00:51.585565"
"2350","2214","d5c58fc0-ea07-4f4c-96a7-98c316bd22b2","7/5/2026 10:00:51.683659","7/5/2026 10:09:51.697358","570","7/5/2026 10:00:51.683659"
"2351","2257","4ec5f1cd-a2b8-4d38-93ba-939512add0d0","7/5/2026 10:00:51.744019","7/5/2026 10:09:51.77624","570","7/5/2026 10:00:51.744019"
"2482","2162","d617c8a9-0852-4484-a433-b15a2c37bca5","7/5/2026 10:20:50.164999","7/5/2026 10:29:50.212913","570","7/5/2026 10:20:50.164999"
"2352","2162","66d73f91-a78c-4421-bcb2-cd585eee8214","7/5/2026 10:00:52.305763","7/5/2026 10:09:52.359695","570","7/5/2026 10:00:52.305763"
"2348","118","e95a4c36-bd49-4d8a-b19f-62c1a9b22e33","7/5/2026 10:00:38.980822","7/5/2026 10:09:53.949859","570","7/5/2026 10:00:38.980822"
"2481","2255","d91d166c-ed81-48f3-8921-e59413cb7615","7/5/2026 10:20:49.582259","7/5/2026 10:29:49.598968","570","7/5/2026 10:20:49.582259"
"2484","2214","cc11c94b-0d4c-4bb0-a229-6d5bc4f94b51","7/5/2026 10:20:50.820382","7/5/2026 10:29:50.819754","570","7/5/2026 10:20:50.820382"
"2483","2257","36cccc30-6bec-41e3-9cc9-413c4f1c453a","7/5/2026 10:20:50.542782","7/5/2026 10:29:50.604657","570","7/5/2026 10:20:50.542782"
"2576","2576","e3478987-3fbb-4017-8b38-122bbeb6e5ae","7/5/2026 10:31:26.919214","7/5/2026 10:32:56.922202","120","7/5/2026 10:31:26.919214"
"2485","2259","d05c85eb-cd0f-4626-acca-02b610e68511","7/5/2026 10:20:50.93177","7/5/2026 10:29:50.964754","570","7/5/2026 10:20:50.93177"
"2583","2214","a817c762-7873-4bd3-b2e4-a2db644c658a","7/5/2026 10:40:50.018258","7/5/2026 10:49:50.272805","570","7/5/2026 10:40:50.018258"
"2584","2259","cdd8d04b-dd54-4ad9-8a45-7b502815278b","7/5/2026 10:40:51.178162","7/5/2026 10:49:51.219582","570","7/5/2026 10:40:51.178162"
"2585","2257","e0e9f8f9-e77e-4caf-ac5d-99c84de49fb7","7/5/2026 10:40:51.839821","7/5/2026 10:49:51.944743","570","7/5/2026 10:40:51.839821"
"2580","2576","69ea11b4-a219-4312-9101-23b5096d00b5","7/5/2026 10:40:49.513485","7/5/2026 10:49:49.51111","570","7/5/2026 10:40:49.513485"
"2581","2255","2c88c456-ae5e-49db-ac25-6551e6c7234e","7/5/2026 10:40:49.638379","7/5/2026 10:49:49.675528","570","7/5/2026 10:40:49.638379"
"2582","2162","95b0f69f-2ac1-4749-9a7e-e3879aca7572","7/5/2026 10:40:49.940949","7/5/2026 10:49:49.948865","570","7/5/2026 10:40:49.940949"
"3226","2259","936a6b43-9b8e-4176-a6e8-d0e39a2b32e7","7/5/2026 12:20:50.56696","7/5/2026 12:29:50.670117","570","7/5/2026 12:20:50.56696"
"3227","2255","a47db9f7-3434-44a7-9546-639f38e09ce1","7/5/2026 12:20:50.639118","7/5/2026 12:29:50.66966","570","7/5/2026 12:20:50.639118"
"2959","2255","ca3299e6-2aad-49ab-ad65-78e1ae148299","7/5/2026 11:40:49.617622","7/5/2026 11:49:49.615055","570","7/5/2026 11:40:49.617622"
"2960","2162","5921bb68-13dc-4adc-94f2-f58ba65635bf","7/5/2026 11:40:49.756225","7/5/2026 11:49:49.756288","570","7/5/2026 11:40:49.756225"
"2962","2257","81a6c648-dccb-406f-9c54-b9b41545eb7f","7/5/2026 11:40:50.185159","7/5/2026 11:49:50.138809","570","7/5/2026 11:40:50.185159"
"2961","2214","4e6cc3a3-57c7-421e-95ec-7ada16830c51","7/5/2026 11:40:50.141277","7/5/2026 11:49:50.171862","570","7/5/2026 11:40:50.141277"
"2963","2576","1bf96a99-20a6-45f0-90b2-8dbadeb232df","7/5/2026 11:40:50.257838","7/5/2026 11:49:50.237187","570","7/5/2026 11:40:50.257838"
"2964","2259","a6778555-f451-434c-8e26-6d7e965175cd","7/5/2026 11:40:50.502014","7/5/2026 11:49:50.492258","570","7/5/2026 11:40:50.502014"
"2845","2214","78b1ba95-dce5-4d56-9d4a-ba91ed904e89","7/5/2026 11:20:49.145226","7/5/2026 11:29:49.131804","570","7/5/2026 11:20:49.145226"
"2695","2162","c9e80bad-ba52-400b-a7f4-33b908654435","7/5/2026 11:00:50.164055","7/5/2026 11:09:50.217982","570","7/5/2026 11:00:50.164055"
"2696","2576","ed0cf540-9115-4d06-acd8-8e975ce9105f","7/5/2026 11:00:50.25593","7/5/2026 11:09:50.280514","570","7/5/2026 11:00:50.25593"
"2697","2257","eb5596c6-780a-449e-9803-10a3adef9791","7/5/2026 11:00:50.272865","7/5/2026 11:09:50.322353","570","7/5/2026 11:00:50.272865"
"2698","2214","298b230f-9230-4e45-b373-0c2c35938061","7/5/2026 11:00:50.63661","7/5/2026 11:09:50.757901","570","7/5/2026 11:00:50.63661"
"2699","2255","396dfa05-55f4-43d2-a236-08a65c21c50a","7/5/2026 11:00:51.551964","7/5/2026 11:09:51.636581","570","7/5/2026 11:00:51.551964"
"2700","2259","24d9838f-7d17-4255-b10a-b31b3c6e05a0","7/5/2026 11:00:52.028521","7/5/2026 11:09:52.097859","570","7/5/2026 11:00:52.028521"
"2694","118","f8fff4f6-02d9-4fa0-ad91-9021e76dd742","7/5/2026 11:00:37.632182","7/5/2026 11:09:52.625342","570","7/5/2026 11:00:37.632182"
"2846","2255","81dc2ccf-22b8-4617-9803-294eea77e43b","7/5/2026 11:20:49.815315","7/5/2026 11:29:49.81818","570","7/5/2026 11:20:49.815315"
"2847","2576","13026e13-2de8-451b-847c-3f2eb3bf1329","7/5/2026 11:20:50.515873","7/5/2026 11:29:50.510869","570","7/5/2026 11:20:50.515873"
"2848","2257","ee8c4d84-2055-4266-b810-8eaa1d142f63","7/5/2026 11:20:50.883519","7/5/2026 11:29:50.885002","570","7/5/2026 11:20:50.883519"
"2849","2259","75c5b815-5a68-433c-9208-d963532af965","7/5/2026 11:20:51.04715","7/5/2026 11:29:51.083102","570","7/5/2026 11:20:51.04715"
"2850","2162","5ae751dd-a288-4336-9d8b-e813fa2809d4","7/5/2026 11:20:51.610727","7/5/2026 11:29:51.630346","570","7/5/2026 11:20:51.610727"
"3714","2255","511482f1-35cb-4b5c-9881-24f6aafb4c38","7/5/2026 13:40:49.890798","7/5/2026 13:49:49.895094","570","7/5/2026 13:40:49.890798"
"3715","2214","e7dc95b3-58fe-4ba6-824d-d0ae7c695898","7/5/2026 13:40:50.016269","7/5/2026 13:49:50.020899","570","7/5/2026 13:40:50.016269"
"3601","2255","4e927a40-0707-47fc-8c2a-d7db4adfa949","7/5/2026 13:20:52.85124","7/5/2026 13:29:52.830219","570","7/5/2026 13:20:52.85124"
"3603","2214","81dc03b7-aab9-4cfd-8391-0754f0d98d1c","7/5/2026 13:20:52.880667","7/5/2026 13:29:52.93622","570","7/5/2026 13:20:52.880667"
"3602","2162","cad7a188-90ad-4021-a221-575fc7fbea23","7/5/2026 13:20:52.87008","7/5/2026 13:29:52.986827","570","7/5/2026 13:20:52.87008"
"3604","2259","c3033767-4377-4a20-8eae-1dc904744f30","7/5/2026 13:20:53.191665","7/5/2026 13:29:53.217225","570","7/5/2026 13:20:53.191665"
"3450","2255","205f4659-ecf2-4979-a7f3-18c91c68a744","7/5/2026 13:00:49.68333","7/5/2026 13:09:49.667171","570","7/5/2026 13:00:49.68333"
"3451","2576","4649f7fe-773e-4b05-badd-400481ac027c","7/5/2026 13:00:50.080774","7/5/2026 13:09:50.126082","570","7/5/2026 13:00:50.080774"
"3452","2214","da005594-48b1-4bff-bc81-fd8f45786ad1","7/5/2026 13:00:50.192493","7/5/2026 13:09:50.197175","570","7/5/2026 13:00:50.192493"
"3454","2257","a55d53e4-b591-4578-9cd9-d2754d5c09a7","7/5/2026 13:00:50.656968","7/5/2026 13:09:50.752868","570","7/5/2026 13:00:50.656968"
"3453","2162","dcb2ab6d-826c-49e1-affc-abd207056df3","7/5/2026 13:00:50.648727","7/5/2026 13:09:50.753868","570","7/5/2026 13:00:50.648727"
"3455","2259","88301289-2ca3-4f4e-acd9-e1839b8eba11","7/5/2026 13:00:50.777902","7/5/2026 13:09:50.777915","570","7/5/2026 13:00:50.777902"
"3449","118","e47c2282-6487-410d-ab93-028a93735622","7/5/2026 13:00:38.064894","7/5/2026 13:09:53.015774","570","7/5/2026 13:00:38.064894"
"3605","2576","285ae29a-b7a0-4e68-93b9-01bb861f9385","7/5/2026 13:20:53.313261","7/5/2026 13:29:53.31968","570","7/5/2026 13:20:53.313261"
"3335","2162","232ec7d5-7f25-4f6d-a378-daca70a25246","7/5/2026 12:40:49.457194","7/5/2026 12:49:49.482659","570","7/5/2026 12:40:49.457194"
"3336","2255","49d70215-bada-4463-853a-52d6215b4e37","7/5/2026 12:40:50.372988","7/5/2026 12:49:50.385778","570","7/5/2026 12:40:50.372988"
"3337","2576","e7dc66e0-b8d9-4331-9e91-f2127eeb32e0","7/5/2026 12:40:50.57573","7/5/2026 12:49:50.567921","570","7/5/2026 12:40:50.57573"
"3338","2257","cfab6511-5003-4a22-bcd0-a69f3ac58101","7/5/2026 12:40:50.958546","7/5/2026 12:49:50.953089","570","7/5/2026 12:40:50.958546"
"3339","2214","a7163cfa-f614-4e07-89e7-d6a699949b1b","7/5/2026 12:40:51.20289","7/5/2026 12:49:51.223411","570","7/5/2026 12:40:51.20289"
"3340","2259","b3564ea7-2f15-441c-ad09-853967056304","7/5/2026 12:40:52.10397","7/5/2026 12:49:52.062357","570","7/5/2026 12:40:52.10397"
"3222","2257","f2dabc07-2826-4e65-bc51-d960bfae5c01","7/5/2026 12:20:49.80876","7/5/2026 12:29:49.846277","570","7/5/2026 12:20:49.80876"
"3223","2576","c101050e-eeb2-4026-b055-fdfc5ed27581","7/5/2026 12:20:49.917531","7/5/2026 12:29:49.96674","570","7/5/2026 12:20:49.917531"
"3224","2162","f1a64fbd-ab44-4732-9aae-d30ab0a60d90","7/5/2026 12:20:50.007714","7/5/2026 12:29:49.988334","570","7/5/2026 12:20:50.007714"
"3225","2214","b3702db1-f62d-40e1-ac50-85978fcc4728","7/5/2026 12:20:50.409076","7/5/2026 12:29:50.424609","570","7/5/2026 12:20:50.409076"
"3606","2257","577b78e9-bb18-4556-8e95-0d8d854bda8a","7/5/2026 13:20:54.070264","7/5/2026 13:29:54.102533","570","7/5/2026 13:20:54.070264"
"3072","2255","628a5726-4fd2-4299-8da5-5e8ef47a4e9f","7/5/2026 12:00:49.678538","7/5/2026 12:09:49.718873","570","7/5/2026 12:00:49.678538"
"3073","2162","c2af2acc-520e-4bdc-840f-ab3b5cd290af","7/5/2026 12:00:49.693563","7/5/2026 12:09:49.779159","570","7/5/2026 12:00:49.693563"
"3074","2214","82cb4324-88f2-4957-abd5-ff42c6e6dae3","7/5/2026 12:00:50.746014","7/5/2026 12:09:50.751693","570","7/5/2026 12:00:50.746014"
"3075","2576","b2e638cc-883c-4515-b39a-fc3363ebca48","7/5/2026 12:00:50.808449","7/5/2026 12:09:50.9302","570","7/5/2026 12:00:50.808449"
"3076","2257","48aa4e26-4ff3-459b-952c-dd43fc2d88a4","7/5/2026 12:00:50.904285","7/5/2026 12:09:50.934284","570","7/5/2026 12:00:50.904285"
"3077","2259","9ce13135-fbe3-45ce-a08c-ab57867c9339","7/5/2026 12:00:52.149538","7/5/2026 12:09:52.152849","570","7/5/2026 12:00:52.149538"
"3071","118","a20ee260-a509-4425-9dc1-995759624fb0","7/5/2026 12:00:37.229113","7/5/2026 12:09:52.236711","570","7/5/2026 12:00:37.229113"
"3716","2257","50bbe160-35dd-4f39-8c08-d27a911829d6","7/5/2026 13:40:50.17682","7/5/2026 13:49:50.15034","570","7/5/2026 13:40:50.17682"
"3718","2576","10796a4e-32e9-4b5c-aeb6-5cd3718b89ab","7/5/2026 13:40:50.472761","7/5/2026 13:49:50.469547","570","7/5/2026 13:40:50.472761"
"3828","118","500b75cd-c644-4dc1-8d9c-b4efa7c0617a","7/5/2026 14:00:37.261489","7/5/2026 14:09:52.265064","570","7/5/2026 14:00:37.261489"
"3719","2259","ff3745af-db66-457a-9e04-5d487e45c415","7/5/2026 13:40:51.001245","7/5/2026 13:49:51.028205","570","7/5/2026 13:40:51.001245"
"3717","2162","210a3c1e-71c0-49ec-ab8a-8df4cf59891d","7/5/2026 13:40:50.310625","7/5/2026 13:49:53.451361","570","7/5/2026 13:40:50.310625"
"3829","2576","bdc82623-2c81-4be4-9dd4-83b307ccd918","7/5/2026 14:00:49.791587","7/5/2026 14:09:49.812289","570","7/5/2026 14:00:49.791587"
"3831","2162","eb760e48-9d6e-44a2-bb05-631466803a18","7/5/2026 14:00:50.880538","7/5/2026 14:09:50.81426","570","7/5/2026 14:00:50.880538"
"3982","2257","5e64e27e-1a37-4c7d-8980-212b29e788fd","7/5/2026 14:20:52.745762","7/5/2026 14:29:52.699543","570","7/5/2026 14:20:52.745762"
"3833","2259","961fddf4-20f4-44ff-8ea2-386d6dc8b27b","7/5/2026 14:00:51.375992","7/5/2026 14:09:51.407216","570","7/5/2026 14:00:51.375992"
"3830","2257","3c01334e-adbd-4a24-8070-09b73dc05fc5","7/5/2026 14:00:49.921419","7/5/2026 14:09:50.01518","570","7/5/2026 14:00:49.921419"
"3832","2214","5e8c3fff-477b-4b50-b1bf-1422d31075bd","7/5/2026 14:00:50.994139","7/5/2026 14:09:50.964324","570","7/5/2026 14:00:50.994139"
"3834","2255","e7302a1a-dcd1-4e17-a314-50f7285d8046","7/5/2026 14:00:51.604979","7/5/2026 14:09:51.573688","570","7/5/2026 14:00:51.604979"
"3980","2255","09b91996-fc6c-4ef4-b944-7c38599c5ecb","7/5/2026 14:20:52.587713","7/5/2026 14:29:52.603532","570","7/5/2026 14:20:52.587713"
"3981","2162","cf3a74f8-fbea-41ae-a183-aca8571e2a4a","7/5/2026 14:20:52.641828","7/5/2026 14:29:52.620115","570","7/5/2026 14:20:52.641828"
"4193","2162","523ff39c-67d6-4ad6-995b-19bf5ec078bc","7/5/2026 15:00:49.910226","7/5/2026 15:09:49.854883","570","7/5/2026 15:00:49.910226"
"11064","8228","fcb1dd63-c5ad-4f03-9e0a-66d2c5c22a8a","8/5/2026 11:40:51.045234","8/5/2026 11:49:51.051707","570","8/5/2026 11:40:51.045234"
"4195","2259","b2ca7504-9bb7-4847-a6e3-60a0a5e59dd4","7/5/2026 15:00:50.844961","7/5/2026 15:09:50.820842","570","7/5/2026 15:00:50.844961"
"4189","118","018f19ec-e8b1-4fd9-b94b-6630b8f18e6f","7/5/2026 15:00:38.013587","7/5/2026 15:09:53.021851","570","7/5/2026 15:00:38.013587"
"4191","2257","059d70d0-5778-41b8-9c51-79d48106a2b7","7/5/2026 15:00:49.591058","7/5/2026 15:09:49.619919","570","7/5/2026 15:00:49.591058"
"4949","2162","5b91c9ae-1e72-4341-9818-b7b581d0e68d","7/5/2026 17:00:50.098562","7/5/2026 17:09:50.036978","570","7/5/2026 17:00:50.098562"
"4833","2257","f6796ccb-2252-44eb-8fba-818d61a38672","7/5/2026 16:40:50.009793","7/5/2026 16:49:50.033315","570","7/5/2026 16:40:50.009793"
"4569","2576","67231c68-7ef2-48e0-9f8a-540e95a03e5a","7/5/2026 16:00:49.626349","7/5/2026 16:09:49.591387","570","7/5/2026 16:00:49.626349"
"4570","2162","f3b764c1-24e7-424d-9ff9-773c1bf49eee","7/5/2026 16:00:49.884001","7/5/2026 16:09:49.888952","570","7/5/2026 16:00:49.884001"
"4571","2257","7f7bfb8a-6ae0-4907-8a35-b9124c8be9b6","7/5/2026 16:00:50.763844","7/5/2026 16:09:50.762199","570","7/5/2026 16:00:50.763844"
"4572","2255","f3edcfff-d325-4ea3-9e23-a981e26e8daf","7/5/2026 16:00:50.827669","7/5/2026 16:09:50.899591","570","7/5/2026 16:00:50.827669"
"3983","2259","fd86c5bf-902f-4a48-bd6f-fa6ec98d8e5a","7/5/2026 14:20:52.780244","7/5/2026 14:29:52.816204","570","7/5/2026 14:20:52.780244"
"3984","2214","cb74aff3-da0e-4c80-a000-cf09b6298766","7/5/2026 14:20:52.8398","7/5/2026 14:29:52.83432","570","7/5/2026 14:20:52.8398"
"3985","2576","da307bec-9c7a-4209-a89b-e296b0af06d3","7/5/2026 14:20:53.65618","7/5/2026 14:29:53.659369","570","7/5/2026 14:20:53.65618"
"4573","2214","10fd9da0-3a93-4cbb-b2ca-f3f1fd9facdd","7/5/2026 16:00:50.907791","7/5/2026 16:09:50.972263","570","7/5/2026 16:00:50.907791"
"4574","2259","88153985-cdb1-4361-961c-3860cf148a78","7/5/2026 16:00:51.252849","7/5/2026 16:09:51.332432","570","7/5/2026 16:00:51.252849"
"4454","2162","cea599de-c4a1-4f67-806f-5ef8d1240063","7/5/2026 15:40:50.006524","7/5/2026 15:49:50.122711","570","7/5/2026 15:40:50.006524"
"4455","2257","6174f865-1d8d-45f8-804d-f17d5b46c5ea","7/5/2026 15:40:50.04795","7/5/2026 15:49:50.185099","570","7/5/2026 15:40:50.04795"
"4456","2576","45cbe479-04c3-4f6d-89b6-5becf844b8fc","7/5/2026 15:40:50.221297","7/5/2026 15:49:50.192049","570","7/5/2026 15:40:50.221297"
"4457","2259","76cc197b-d11e-4e88-8784-3caf0b2384ba","7/5/2026 15:40:50.77729","7/5/2026 15:49:50.804231","570","7/5/2026 15:40:50.77729"
"4458","2255","fdd88596-b763-42ef-b505-535fae2eece8","7/5/2026 15:40:50.842813","7/5/2026 15:49:50.838713","570","7/5/2026 15:40:50.842813"
"4459","2214","52f04cf0-e06d-4c92-913b-d84d5791db46","7/5/2026 15:40:51.193574","7/5/2026 15:49:51.187186","570","7/5/2026 15:40:51.193574"
"4568","118","67fce75c-e05b-46a3-a69c-1434a96325bb","7/5/2026 16:00:37.275251","7/5/2026 16:09:52.278823","570","7/5/2026 16:00:37.275251"
"4834","2214","0eeefe6d-d72b-4b88-a381-f8b7c7eb7b23","7/5/2026 16:40:50.601661","7/5/2026 16:49:50.611799","570","7/5/2026 16:40:50.601661"
"4835","2576","5f3e5584-bd63-4fb8-bb47-dc3618d82ff3","7/5/2026 16:40:50.895499","7/5/2026 16:49:50.873646","570","7/5/2026 16:40:50.895499"
"4836","2255","856a0373-b338-485c-b2c2-daa14063c729","7/5/2026 16:40:51.050449","7/5/2026 16:49:51.034707","570","7/5/2026 16:40:51.050449"
"4837","2259","a8d6ef77-bd2e-4a88-af69-ad742db3f66c","7/5/2026 16:40:51.762699","7/5/2026 16:49:51.75775","570","7/5/2026 16:40:51.762699"
"4838","2162","95f2749a-7170-4356-9cd8-f4422847ab68","7/5/2026 16:40:54.67108","7/5/2026 16:49:54.673505","570","7/5/2026 16:40:54.67108"
"4190","2576","9a45ef19-d32a-4607-b63e-aa88f6af06e0","7/5/2026 15:00:49.510195","7/5/2026 15:09:49.532737","570","7/5/2026 15:00:49.510195"
"4095","2162","7e34ab2f-defd-4b82-914b-b30861cdcc51","7/5/2026 14:40:50.686665","7/5/2026 14:49:50.666673","570","7/5/2026 14:40:50.686665"
"4096","2576","08477416-d5e9-40d8-b88e-c42c05044616","7/5/2026 14:40:50.736691","7/5/2026 14:49:50.713019","570","7/5/2026 14:40:50.736691"
"4094","2214","a5d7955f-54f7-4327-9038-787c2d05d3ff","7/5/2026 14:40:50.655116","7/5/2026 14:49:50.731607","570","7/5/2026 14:40:50.655116"
"4097","2255","d12bf79e-24d4-4425-9a6d-54fec10a657b","7/5/2026 14:40:50.915322","7/5/2026 14:49:50.875523","570","7/5/2026 14:40:50.915322"
"4098","2259","0f75453e-4a1a-461d-897d-301ddcdf49c0","7/5/2026 14:40:51.692272","7/5/2026 14:49:51.763647","570","7/5/2026 14:40:51.692272"
"4192","2255","b793820e-2246-4814-a5e9-b8898e90e6d0","7/5/2026 15:00:49.761563","7/5/2026 15:09:49.753488","570","7/5/2026 15:00:49.761563"
"4194","2214","cdb35aa2-c720-40a8-a26a-ee94c7ab367d","7/5/2026 15:00:50.577345","7/5/2026 15:09:50.649729","570","7/5/2026 15:00:50.577345"
"4341","2576","726a54d8-fe7b-4e38-9560-d5cd437ab591","7/5/2026 15:20:50.008408","7/5/2026 15:29:49.991534","570","7/5/2026 15:20:50.008408"
"4342","2257","9ef2fd11-c8be-444e-afe4-d43f46e612a9","7/5/2026 15:20:50.724352","7/5/2026 15:29:50.746778","570","7/5/2026 15:20:50.724352"
"4343","2162","0a689f8c-0109-4d08-a2c3-bc6c9780faa8","7/5/2026 15:20:50.943022","7/5/2026 15:29:50.966012","570","7/5/2026 15:20:50.943022"
"4344","2255","3fc5890d-e9fa-4695-bbd5-e4ebf1150813","7/5/2026 15:20:50.956138","7/5/2026 15:29:50.980681","570","7/5/2026 15:20:50.956138"
"4345","2214","ff265073-100d-4e73-948b-aa2d6a44da96","7/5/2026 15:20:51.071375","7/5/2026 15:29:51.06533","570","7/5/2026 15:20:51.071375"
"4346","2259","35412eb4-5bea-4332-9374-cdf4a4783a13","7/5/2026 15:20:52.61625","7/5/2026 15:29:52.615998","570","7/5/2026 15:20:52.61625"
"4950","2214","b621fcdb-03f4-4078-9ff2-9170654382da","7/5/2026 17:00:50.16752","7/5/2026 17:09:50.189685","570","7/5/2026 17:00:50.16752"
"4951","2257","1ccf3c6a-31e3-4e4c-a94d-3a4cdca23180","7/5/2026 17:00:50.217613","7/5/2026 17:09:50.259183","570","7/5/2026 17:00:50.217613"
"4952","2255","08d32e5d-f134-4d57-ae63-75fab39e3dec","7/5/2026 17:00:50.306722","7/5/2026 17:09:50.29754","570","7/5/2026 17:00:50.306722"
"4953","2259","182fdb79-6a9c-4129-ac0a-f3f6a922da5c","7/5/2026 17:00:50.421942","7/5/2026 17:09:50.392591","570","7/5/2026 17:00:50.421942"
"4719","2576","418f00b5-5f2d-4f92-a0bf-a7c5076a7b49","7/5/2026 16:20:49.576374","7/5/2026 16:29:49.559649","570","7/5/2026 16:20:49.576374"
"4721","2162","f3506e0b-ff0e-4d9c-a305-5d1808ce366e","7/5/2026 16:20:49.609655","7/5/2026 16:29:49.570522","570","7/5/2026 16:20:49.609655"
"4720","2255","b70a3791-5f80-457d-9a95-ddb787f4ffd1","7/5/2026 16:20:49.598199","7/5/2026 16:29:49.579848","570","7/5/2026 16:20:49.598199"
"4722","2257","dd08f468-7a10-4862-b1ee-bf46aa01af08","7/5/2026 16:20:49.914092","7/5/2026 16:29:49.910582","570","7/5/2026 16:20:49.914092"
"4723","2259","87cc57f5-fa1d-411e-a217-867041b853e0","7/5/2026 16:20:50.541214","7/5/2026 16:29:50.565307","570","7/5/2026 16:20:50.541214"
"4724","2214","a7aa8f96-62da-4e85-81ae-90233b00b86e","7/5/2026 16:20:52.714767","7/5/2026 16:29:52.738817","570","7/5/2026 16:20:52.714767"
"4947","118","d1494c14-ee67-4de1-bea5-88f1407c5428","7/5/2026 17:00:40.047608","7/5/2026 17:09:55.062879","570","7/5/2026 17:00:40.047608"
"5307","2576","790627be-2b2a-42ce-b3ab-c30e81e0a8bf","7/5/2026 18:00:50.016336","7/5/2026 18:09:50.03367","570","7/5/2026 18:00:50.016336"
"5308","2214","deac0262-a0ed-472a-a15c-97d7c40fc200","7/5/2026 18:00:50.803031","7/5/2026 18:09:50.904182","570","7/5/2026 18:00:50.803031"
"5423","2576","d60d70a3-c2d6-49c2-b368-5d5339763929","7/5/2026 18:20:53.678215","7/5/2026 18:29:53.617698","570","7/5/2026 18:20:53.678215"
"5097","2162","31c90af7-fd67-4d97-ab77-4b4d8474d60a","7/5/2026 17:20:49.872521","7/5/2026 17:29:49.871829","570","7/5/2026 17:20:49.872521"
"5098","2257","359c81ce-4016-4c37-b5dc-efc09758d053","7/5/2026 17:20:49.954494","7/5/2026 17:29:49.945529","570","7/5/2026 17:20:49.954494"
"5099","2214","2341ad66-d633-4b30-9d71-009cc52f8ec0","7/5/2026 17:20:50.890906","7/5/2026 17:29:50.86662","570","7/5/2026 17:20:50.890906"
"5100","2259","dba875cb-53fb-4363-9b64-cd0666610003","7/5/2026 17:20:51.296687","7/5/2026 17:29:51.384569","570","7/5/2026 17:20:51.296687"
"5309","2162","dbb2b746-ebd8-4a8d-926d-6f9ff736da7a","7/5/2026 18:00:50.984497","7/5/2026 18:09:50.984611","570","7/5/2026 18:00:50.984497"
"5310","2259","0440436c-f2fb-45fd-a132-60f42cddb452","7/5/2026 18:00:52.567434","7/5/2026 18:09:52.566126","570","7/5/2026 18:00:52.567434"
"5306","118","10cedd9b-3a97-4941-b7f4-e87e8ea7229d","7/5/2026 18:00:38.784071","7/5/2026 18:09:53.752009","570","7/5/2026 18:00:38.784071"
"5192","2576","7b3a3df5-0b9c-489e-af3f-772246a483aa","7/5/2026 17:40:49.60993","7/5/2026 17:49:49.629244","570","7/5/2026 17:40:49.60993"
"5193","2257","15cc8f65-0d68-47ce-8904-fc31ab2a8445","7/5/2026 17:40:49.909492","7/5/2026 17:49:49.904364","570","7/5/2026 17:40:49.909492"
"5101","2255","b368d2cc-a1e2-43fa-83b3-d9ed80b50bec","7/5/2026 17:20:52.686609","7/5/2026 17:29:52.681242","570","7/5/2026 17:20:52.686609"
"4948","2576","e8aa59e5-2350-4f30-a941-f782b26fb8b1","7/5/2026 17:00:50.022397","7/5/2026 17:09:50.035368","570","7/5/2026 17:00:50.022397"
"5194","2162","94c6200c-cf68-40ab-a306-73d089770e55","7/5/2026 17:40:50.014645","7/5/2026 17:49:50.01407","570","7/5/2026 17:40:50.014645"
"5195","2259","7b624e23-1d3c-4078-9023-5f45680b22f9","7/5/2026 17:40:50.085244","7/5/2026 17:49:50.083268","570","7/5/2026 17:40:50.085244"
"5196","2214","616b0555-2c9e-41f4-addf-2f88f0f10aaa","7/5/2026 17:40:50.173279","7/5/2026 17:49:50.162016","570","7/5/2026 17:40:50.173279"
"5197","2255","8d574931-878d-4e27-8dce-16e7ed3d2837","7/5/2026 17:40:50.588032","7/5/2026 17:49:50.579012","570","7/5/2026 17:40:50.588032"
"5421","2259","0659cbf2-c419-4ea7-a110-947aab120d65","7/5/2026 18:20:53.051582","7/5/2026 18:29:53.066922","570","7/5/2026 18:20:53.051582"
"5418","2162","cd525097-36a1-4098-a417-45b2e24f7472","7/5/2026 18:20:52.788739","7/5/2026 18:29:52.786911","570","7/5/2026 18:20:52.788739"
"5419","2214","97b5715a-8dd3-42f7-919b-c77be9f779ab","7/5/2026 18:20:52.985314","7/5/2026 18:29:52.980633","570","7/5/2026 18:20:52.985314"
"5420","2255","7008781f-29fc-496a-9d0d-bd5c5dbcbf39","7/5/2026 18:20:52.999623","7/5/2026 18:29:52.989932","570","7/5/2026 18:20:52.999623"
"5422","2257","88e830d6-bba2-45ed-a8ae-3e651be0e7e5","7/5/2026 18:20:53.18786","7/5/2026 18:29:53.192329","570","7/5/2026 18:20:53.18786"
"11331","2303","f36b493b-600e-4787-9b1f-813aa6ff0ec2","8/5/2026 12:20:50.407949","8/5/2026 12:29:50.397917","570","8/5/2026 12:20:50.407949"
"6521","2257","e88af99c-8c44-49da-95f0-0640a7bd7575","7/5/2026 21:20:50.161478","7/5/2026 21:29:50.199174","570","7/5/2026 21:20:50.161478"
"6522","2259","4e4b3db9-5f6e-4058-a36c-37dc8db11a8c","7/5/2026 21:20:50.436662","7/5/2026 21:29:50.45673","570","7/5/2026 21:20:50.436662"
"6254","2576","be6d2352-beb7-4bc2-81f6-cd22d8094c6d","7/5/2026 20:40:49.704111","7/5/2026 20:49:49.709342","570","7/5/2026 20:40:49.704111"
"6255","2259","a97b41d4-8e57-4346-87f9-75b0460c7968","7/5/2026 20:40:50.594787","7/5/2026 20:49:50.616033","570","7/5/2026 20:40:50.594787"
"6256","2162","82dfdca6-142c-4d3f-a02e-f1ca99a16430","7/5/2026 20:40:51.077148","7/5/2026 20:49:51.07682","570","7/5/2026 20:40:51.077148"
"6257","2255","c49eb351-ab36-40d4-b60d-432a08ac18ee","7/5/2026 20:40:51.196099","7/5/2026 20:49:51.238458","570","7/5/2026 20:40:51.196099"
"6258","2257","6547f188-0d0e-4314-b3f9-0757cf2b81fe","7/5/2026 20:40:51.371881","7/5/2026 20:49:51.380909","570","7/5/2026 20:40:51.371881"
"6259","2214","b297eca5-d127-4faf-b0ab-322896af9ea4","7/5/2026 20:40:54.365746","7/5/2026 20:49:54.400928","570","7/5/2026 20:40:54.365746"
"6370","2576","430c52fa-e2ec-43d2-bff8-a2fb7630a6c6","7/5/2026 21:00:50.20152","7/5/2026 21:09:50.201764","570","7/5/2026 21:00:50.20152"
"6371","2162","954d3ec9-0762-4b2a-87ac-72e98cecdf60","7/5/2026 21:00:50.231209","7/5/2026 21:09:50.264963","570","7/5/2026 21:00:50.231209"
"5647","2576","d54d94f7-21d2-400c-8426-78bc0891a01a","7/5/2026 19:00:49.711356","7/5/2026 19:09:49.707398","570","7/5/2026 19:00:49.711356"
"5648","2214","5a564ed6-68f1-498b-9ba9-971efb7f7886","7/5/2026 19:00:50.409082","7/5/2026 19:09:50.422629","570","7/5/2026 19:00:50.409082"
"5649","2259","4ea4072e-9a17-4237-9290-c6ccbf9d831a","7/5/2026 19:00:50.570238","7/5/2026 19:09:50.581835","570","7/5/2026 19:00:50.570238"
"5650","2162","57d69bb6-ed51-4936-8257-6d0f8c5d1ef6","7/5/2026 19:00:51.094115","7/5/2026 19:09:51.086651","570","7/5/2026 19:00:51.094115"
"5651","2257","b50ce004-7e39-431d-be87-5a30aca1c117","7/5/2026 19:00:51.140723","7/5/2026 19:09:51.199974","570","7/5/2026 19:00:51.140723"
"5652","2255","b19ef79a-5421-4385-a711-cb4b5193a31b","7/5/2026 19:00:51.350099","7/5/2026 19:09:51.330373","570","7/5/2026 19:00:51.350099"
"5646","118","2700b991-f989-427d-b2c9-51aa8f858f4c","7/5/2026 19:00:41.444764","7/5/2026 19:09:56.443014","570","7/5/2026 19:00:41.444764"
"6372","2259","0210b42a-0fec-4047-8ac8-608d83aa580d","7/5/2026 21:00:50.497238","7/5/2026 21:09:50.544527","570","7/5/2026 21:00:50.497238"
"6373","2257","97201c01-8894-47d3-a91f-fa1e1e1776f2","7/5/2026 21:00:50.710867","7/5/2026 21:09:50.756248","570","7/5/2026 21:00:50.710867"
"6374","2214","0065455e-f023-495b-9e19-ba34e171a080","7/5/2026 21:00:50.797114","7/5/2026 21:09:50.869202","570","7/5/2026 21:00:50.797114"
"6368","118","b69cc966-3afc-4716-9d98-fca38b455018","7/5/2026 21:00:36.605122","7/5/2026 21:09:51.583491","570","7/5/2026 21:00:36.605122"
"6159","2255","41524b8d-5ce0-4417-a856-544a7ff14cd9","7/5/2026 20:20:54.097969","7/5/2026 20:29:54.059165","570","7/5/2026 20:20:54.097969"
"5532","2162","0b5eb3db-3a91-4335-a976-f914267bcf1a","7/5/2026 18:40:50.057652","7/5/2026 18:49:50.036074","570","7/5/2026 18:40:50.057652"
"5533","2576","ebdac78a-d5f2-44f3-8976-5ad1ddf16d24","7/5/2026 18:40:50.329339","7/5/2026 18:49:50.321151","570","7/5/2026 18:40:50.329339"
"5534","2214","1778a957-0ca3-40e8-ad7f-5fdce3be4070","7/5/2026 18:40:50.600433","7/5/2026 18:49:50.603866","570","7/5/2026 18:40:50.600433"
"5535","2255","dc91268a-1ab1-45eb-9551-1ec0a792e75e","7/5/2026 18:40:51.187221","7/5/2026 18:49:51.234862","570","7/5/2026 18:40:51.187221"
"5536","2257","28e3e036-eefe-4e3d-afb0-10c259c8f4e3","7/5/2026 18:40:51.614818","7/5/2026 18:49:51.627217","570","7/5/2026 18:40:51.614818"
"5537","2259","c732abe8-9cf1-450c-a241-f1f7da933d2f","7/5/2026 18:40:51.718421","7/5/2026 18:49:51.66055","570","7/5/2026 18:40:51.718421"
"6160","2259","4ea7fe0c-0263-4db6-aff2-087f3f9e7d17","7/5/2026 20:20:54.334732","7/5/2026 20:29:54.353559","570","7/5/2026 20:20:54.334732"
"6161","2257","8315acc2-e69a-470d-91dc-219c6b6d70cb","7/5/2026 20:20:55.164449","7/5/2026 20:29:55.154114","570","7/5/2026 20:20:55.164449"
"5798","2162","04363d65-d661-4aad-83e8-d0c38d9a2c0e","7/5/2026 19:20:57.377505","7/5/2026 19:29:57.403646","570","7/5/2026 19:20:57.377505"
"5799","2576","473978d7-2b0e-4800-a574-f051464c703d","7/5/2026 19:20:57.610796","7/5/2026 19:29:57.617298","570","7/5/2026 19:20:57.610796"
"5800","2259","28385de3-2c0a-44ff-9dc1-2f26c0883804","7/5/2026 19:20:57.824998","7/5/2026 19:29:57.817572","570","7/5/2026 19:20:57.824998"
"5801","2255","57a12631-6ee6-46bf-be52-f1c083ae6dcd","7/5/2026 19:20:58.100888","7/5/2026 19:29:58.089736","570","7/5/2026 19:20:58.100888"
"5802","2214","41bc1f95-6095-45bf-9809-4e04c52398bf","7/5/2026 19:20:58.136866","7/5/2026 19:29:58.14067","570","7/5/2026 19:20:58.136866"
"5803","2257","2fd15d0c-413e-477f-beca-d1416edc8195","7/5/2026 19:21:01.212925","7/5/2026 19:30:01.195353","570","7/5/2026 19:21:01.212925"
"6008","2162","09c7e0bf-1dca-4ac8-bb68-56fc6ea71d22","7/5/2026 20:00:49.926266","7/5/2026 20:09:49.926449","570","7/5/2026 20:00:49.926266"
"6162","2214","e956074e-635c-4835-8d82-a3b0ed624f94","7/5/2026 20:20:55.498547","7/5/2026 20:29:55.49648","570","7/5/2026 20:20:55.498547"
"6163","2576","cbd290d7-152e-4a21-82c0-b67959d813b7","7/5/2026 20:20:55.734477","7/5/2026 20:29:55.789539","570","7/5/2026 20:20:55.734477"
"5912","2576","1117bd00-af89-4b31-a361-5fd4020486dd","7/5/2026 19:40:49.587909","7/5/2026 19:49:49.580405","570","7/5/2026 19:40:49.587909"
"5913","2255","7efbee17-46ec-48f1-9d98-7a47818bd9d8","7/5/2026 19:40:49.684641","7/5/2026 19:49:49.685184","570","7/5/2026 19:40:49.684641"
"5914","2214","be8469f5-8616-408e-894f-880bf7bf34bf","7/5/2026 19:40:50.537101","7/5/2026 19:49:50.552849","570","7/5/2026 19:40:50.537101"
"5915","2257","08a69749-a6c1-4dc6-a3d9-43ebcf970873","7/5/2026 19:40:50.746139","7/5/2026 19:49:50.747415","570","7/5/2026 19:40:50.746139"
"5916","2259","446e8037-d097-40a7-8ca7-38f15b168b8e","7/5/2026 19:40:51.279573","7/5/2026 19:49:51.296727","570","7/5/2026 19:40:51.279573"
"6009","2214","b0e9b249-5065-483a-9894-4fe9f6ba871e","7/5/2026 20:00:49.949604","7/5/2026 20:09:49.995526","570","7/5/2026 20:00:49.949604"
"6010","2576","c730e603-905b-425d-a04c-3f858aecc2e0","7/5/2026 20:00:50.794311","7/5/2026 20:09:50.798755","570","7/5/2026 20:00:50.794311"
"6011","2255","a6cadc6c-ff00-440b-b123-fe3d0014f320","7/5/2026 20:00:50.881851","7/5/2026 20:09:50.895617","570","7/5/2026 20:00:50.881851"
"6523","2214","100f91c7-e420-43eb-8e44-47fe73878d8a","7/5/2026 21:20:51.105912","7/5/2026 21:29:51.104775","570","7/5/2026 21:20:51.105912"
"6012","2259","d77aa7fe-2f45-4297-8e5d-0d13450f6ccb","7/5/2026 20:00:51.161884","7/5/2026 20:09:51.166606","570","7/5/2026 20:00:51.161884"
"6013","2257","b13e7b12-6143-425e-bff5-831da4a5b433","7/5/2026 20:00:51.222914","7/5/2026 20:09:51.246551","570","7/5/2026 20:00:51.222914"
"6007","118","aa9c30d9-eacc-4f5c-b03e-19d25ce2f40a","7/5/2026 20:00:42.077619","7/5/2026 20:09:57.080135","570","7/5/2026 20:00:42.077619"
"6524","2162","8a856e9c-deb0-4d2d-b306-23a46034d4df","7/5/2026 21:20:51.36672","7/5/2026 21:29:51.35997","570","7/5/2026 21:20:51.36672"
"6369","2255","5ccdd675-892c-4e93-ab78-72a1e45dd2b5","7/5/2026 21:00:50.062836","7/5/2026 21:09:20.037142","540","7/5/2026 21:00:50.062836"
"6750","2214","0ddda4d2-22a0-4840-96a7-3a2878c0e647","7/5/2026 22:00:51.039973","7/5/2026 22:09:51.068404","570","7/5/2026 22:00:51.039973"
"6633","2257","59f9c0a7-72dc-4513-a8cc-29859ee33c91","7/5/2026 21:40:49.98638","7/5/2026 21:49:49.999449","570","7/5/2026 21:40:49.98638"
"6634","2214","9179ab05-fe3b-4b0d-acbf-601c037bc0c9","7/5/2026 21:40:50.17373","7/5/2026 21:49:50.150914","570","7/5/2026 21:40:50.17373"
"6637","2259","250b8e5b-fa2d-4649-ab29-e2324ffe37fe","7/5/2026 21:40:50.59832","7/5/2026 21:49:50.577108","570","7/5/2026 21:40:50.59832"
"6519","2576","f324dd32-b5f4-4dcc-979c-05f7849b9ac4","7/5/2026 21:20:49.808098","7/5/2026 21:29:49.804936","570","7/5/2026 21:20:49.808098"
"6520","2255","057e0390-e635-4741-949b-c41efd5e25b4","7/5/2026 21:20:49.879239","7/5/2026 21:29:49.884463","570","7/5/2026 21:20:49.879239"
"6638","2162","b9e72af0-27b9-47d5-9780-4bba3652f7d7","7/5/2026 21:40:50.714577","7/5/2026 21:49:50.751605","570","7/5/2026 21:40:50.714577"
"6636","2576","b814754e-3232-4693-a020-6f8e9614a813","7/5/2026 21:40:50.50286","7/5/2026 21:49:50.482165","570","7/5/2026 21:40:50.50286"
"6635","2255","eb4e40d4-7406-49e2-b0ff-edf79c327115","7/5/2026 21:40:50.49287","7/5/2026 21:49:50.546054","570","7/5/2026 21:40:50.49287"
"6901","2214","d901187c-fd97-4021-8c74-16abaaf5e449","7/5/2026 22:20:53.111182","7/5/2026 22:29:53.119479","570","7/5/2026 22:20:53.111182"
"6752","2162","31767777-a705-4e80-851e-dfb2c31445cf","7/5/2026 22:00:51.360777","7/5/2026 22:09:51.335645","570","7/5/2026 22:00:51.360777"
"6753","2255","4a9ea18a-5340-4f70-8f5c-27bc1c9f4f33","7/5/2026 22:00:51.466425","7/5/2026 22:09:51.451832","570","7/5/2026 22:00:51.466425"
"6747","118","e836eb8d-8364-413f-aee4-4536faae1eaf","7/5/2026 22:00:40.415435","7/5/2026 22:09:55.412331","570","7/5/2026 22:00:40.415435"
"6748","2259","b98a8b09-ec6e-4e74-aae9-cf1f7b928902","7/5/2026 22:00:50.453576","7/5/2026 22:09:50.438996","570","7/5/2026 22:00:50.453576"
"6751","2257","1ad6aa74-5460-4cb7-aaf8-3add4795ef04","7/5/2026 22:00:51.215301","7/5/2026 22:09:51.222755","570","7/5/2026 22:00:51.215301"
"6749","2576","4ff4ddd6-fd1b-4260-a1cd-66a92a96f10f","7/5/2026 22:00:50.466867","7/5/2026 22:09:50.444298","570","7/5/2026 22:00:50.466867"
"6902","2162","282425ad-6523-4f3d-86e7-e898cc537fae","7/5/2026 22:20:53.595136","7/5/2026 22:29:53.614245","570","7/5/2026 22:20:53.595136"
"6900","2257","960581fc-7dd0-42bf-96c6-1c3e30dd8eb8","7/5/2026 22:20:52.94217","7/5/2026 22:29:53.003821","570","7/5/2026 22:20:52.94217"
"7757","2257","5be21fa1-8354-46a5-a2df-7ad90019c675","8/5/2026 00:40:51.009265","8/5/2026 00:49:51.01134","570","8/5/2026 00:40:51.009265"
"7758","2255","f9b20bae-3f11-4124-9fdd-2902fdf34c85","8/5/2026 00:40:51.017459","8/5/2026 00:49:51.020692","570","8/5/2026 00:40:51.017459"
"7756","2576","3495d36d-e633-494a-87d1-12739a868297","8/5/2026 00:40:51.008983","8/5/2026 00:49:51.060006","570","8/5/2026 00:40:51.008983"
"7373","2576","d72c89c7-c574-4fa7-b8d1-3f1c5d127157","7/5/2026 23:40:49.890427","7/5/2026 23:49:49.895872","570","7/5/2026 23:40:49.890427"
"7374","2214","594c4243-727a-4ebb-b422-427aaed38e37","7/5/2026 23:40:50.305586","7/5/2026 23:49:50.384993","570","7/5/2026 23:40:50.305586"
"7376","2259","f78481f9-4f76-479c-8977-2c2eca9adc30","7/5/2026 23:40:50.380556","7/5/2026 23:49:50.398754","570","7/5/2026 23:40:50.380556"
"7375","2162","38c37553-ab19-439d-8948-457c3cc866e1","7/5/2026 23:40:50.364276","7/5/2026 23:49:50.433522","570","7/5/2026 23:40:50.364276"
"7378","2255","34096471-8e72-4a24-8edc-11890de71fbc","7/5/2026 23:40:50.507015","7/5/2026 23:49:50.449817","570","7/5/2026 23:40:50.507015"
"7377","2257","1b45f14c-6353-436e-a79d-a567ee3de8cd","7/5/2026 23:40:50.475858","7/5/2026 23:49:50.50816","570","7/5/2026 23:40:50.475858"
"7278","2214","ce93a931-9117-4b65-99f4-52488df3a676","7/5/2026 23:20:52.554689","7/5/2026 23:29:52.605384","570","7/5/2026 23:20:52.554689"
"7279","2259","c044ec7f-9c7e-4ab9-a0e5-2b6d047671a6","7/5/2026 23:20:53.240342","7/5/2026 23:29:53.26572","570","7/5/2026 23:20:53.240342"
"7128","2576","4fc856de-71a2-4958-8312-44ee2449542b","7/5/2026 23:00:49.670675","7/5/2026 23:09:49.662026","570","7/5/2026 23:00:49.670675"
"7127","2255","e6804096-10fd-420e-a05d-629a1f97e0a3","7/5/2026 23:00:49.652248","7/5/2026 23:09:49.733666","570","7/5/2026 23:00:49.652248"
"7129","2214","b327fca4-8c44-47eb-9a17-020801a6cecc","7/5/2026 23:00:49.845203","7/5/2026 23:09:49.849973","570","7/5/2026 23:00:49.845203"
"7130","2257","eb90debb-87a1-4b07-ba43-0b0df8f5bac6","7/5/2026 23:00:50.132685","7/5/2026 23:09:50.131498","570","7/5/2026 23:00:50.132685"
"7131","2259","dc24bca7-dd60-4bb7-a0e8-acb6cde89753","7/5/2026 23:00:50.525805","7/5/2026 23:09:50.527029","570","7/5/2026 23:00:50.525805"
"7132","2162","0e3621d4-4bcb-43f8-a2fd-11e1d8e55421","7/5/2026 23:00:50.603018","7/5/2026 23:09:50.592668","570","7/5/2026 23:00:50.603018"
"7126","118","8fb36423-5ed3-46ca-9372-ab086fda6d64","7/5/2026 23:00:37.030584","7/5/2026 23:09:52.009429","570","7/5/2026 23:00:37.030584"
"7012","2257","62dad16a-2ec2-49bb-842b-8f453d97b393","7/5/2026 22:40:49.722121","7/5/2026 22:49:49.715477","570","7/5/2026 22:40:49.722121"
"7017","2576","e6cf0b49-7d4e-41d0-a965-a3406ec7b5dc","7/5/2026 22:41:05.342792","7/5/2026 22:49:50.155721","570","7/5/2026 22:41:05.342792"
"7013","2214","47fff512-ff79-44a4-9b48-efd1f0f85ff7","7/5/2026 22:40:50.452548","7/5/2026 22:49:50.465139","570","7/5/2026 22:40:50.452548"
"7014","2162","2dccf184-cc2e-4174-a17a-0d4339f2a9ed","7/5/2026 22:40:51.072449","7/5/2026 22:49:51.073459","570","7/5/2026 22:40:51.072449"
"7015","2255","e531e7f6-5252-4945-b717-41a4d78bab59","7/5/2026 22:40:51.247785","7/5/2026 22:49:51.264009","570","7/5/2026 22:40:51.247785"
"7016","2259","5de12e62-483e-4616-b41a-ec7f67022093","7/5/2026 22:40:51.350449","7/5/2026 22:49:51.345372","570","7/5/2026 22:40:51.350449"
"7280","2257","ec3d7555-39cb-4e14-9013-f0f662a9ae9b","7/5/2026 23:20:53.485625","7/5/2026 23:29:53.486351","570","7/5/2026 23:20:53.485625"
"6899","2255","a8ceec77-044a-46b9-995f-85a204590dd7","7/5/2026 22:20:52.826645","7/5/2026 22:29:52.836367","570","7/5/2026 22:20:52.826645"
"6903","2259","8bca37b0-b595-4b72-9485-693bf6de7603","7/5/2026 22:20:53.656149","7/5/2026 22:29:53.661332","570","7/5/2026 22:20:53.656149"
"6904","2576","c421d20e-9dec-4fa2-a298-ed50afb26a80","7/5/2026 22:20:54.530422","7/5/2026 22:29:54.502001","570","7/5/2026 22:20:54.530422"
"7281","2576","6ab49711-6629-4339-b0e4-979755c82d72","7/5/2026 23:20:53.580539","7/5/2026 23:29:53.602725","570","7/5/2026 23:20:53.580539"
"7282","2162","618dbd89-d9a9-4c8b-af2b-232c433db9a2","7/5/2026 23:20:53.651621","7/5/2026 23:29:53.726086","570","7/5/2026 23:20:53.651621"
"8170","2309","356746e0-a2b4-4dfd-b919-565cf4f72863","8/5/2026 02:20:53.310544","8/5/2026 02:29:53.296439","570","8/5/2026 02:20:53.310544"
"7868","2576","729d2e6e-ab07-4987-b91b-6593d618553f","8/5/2026 01:00:49.663299","8/5/2026 01:09:49.783","570","8/5/2026 01:00:49.663299"
"7869","2255","8e689cb4-a401-4ba7-b9c6-563b0770b958","8/5/2026 01:00:49.848252","8/5/2026 01:09:49.93201","570","8/5/2026 01:00:49.848252"
"7870","2214","345422fd-7803-43af-b91d-39b115228949","8/5/2026 01:00:50.247988","8/5/2026 01:09:50.353853","570","8/5/2026 01:00:50.247988"
"7871","2162","d07bfa84-1752-4e47-8811-a09e4b0ad91a","8/5/2026 01:00:50.484991","8/5/2026 01:09:50.469115","570","8/5/2026 01:00:50.484991"
"7872","2257","98dbf67b-258c-43ee-a8df-20f4df21128d","8/5/2026 01:00:50.54566","8/5/2026 01:09:50.518859","570","8/5/2026 01:00:50.54566"
"7488","2214","27f2529d-ad72-4f6a-b934-ab89eaa99606","8/5/2026 00:00:49.872257","8/5/2026 00:09:49.865953","570","8/5/2026 00:00:49.872257"
"7490","2162","80c22d30-8bcf-46c9-a73b-339969673b3a","8/5/2026 00:00:50.895252","8/5/2026 00:09:50.904813","570","8/5/2026 00:00:50.895252"
"7491","2255","afc71837-396e-413c-a8df-b77c195a2ac9","8/5/2026 00:00:51.119706","8/5/2026 00:09:51.134574","570","8/5/2026 00:00:51.119706"
"7492","2257","b162b861-da80-4044-bcc3-007766aaf30e","8/5/2026 00:00:51.250557","8/5/2026 00:09:51.251011","570","8/5/2026 00:00:51.250557"
"7493","2259","5fb98bc4-c212-462e-a7bd-10a85b6cda29","8/5/2026 00:00:52.008377","8/5/2026 00:09:52.026827","570","8/5/2026 00:00:52.008377"
"7487","118","b9b4c754-acc4-4497-818d-877717bc4b83","8/5/2026 00:00:38.701268","8/5/2026 00:09:53.556027","570","8/5/2026 00:00:38.701268"
"7489","2576","ceed7eca-1f85-4451-bf19-585a8d0a0256","8/5/2026 00:00:50.846617","8/5/2026 00:09:54.526908","570","8/5/2026 00:00:50.846617"
"7873","2259","80be8bf5-ee5a-4dd4-8727-a3e4c14469e9","8/5/2026 01:00:51.735936","8/5/2026 01:09:51.877832","570","8/5/2026 01:00:51.735936"
"7644","2576","6e63a5b6-f82f-44f9-bb02-15ba877c55ef","8/5/2026 00:20:53.546791","8/5/2026 00:29:49.624733","570","8/5/2026 00:20:53.546791"
"7639","2255","95b5f737-f1fa-48cc-864f-4dda37cdbbf0","8/5/2026 00:20:49.957065","8/5/2026 00:29:49.97278","570","8/5/2026 00:20:49.957065"
"7640","2214","2b8934c9-b1c7-4b0a-a73e-d6cd46d45a30","8/5/2026 00:20:50.086234","8/5/2026 00:29:50.103898","570","8/5/2026 00:20:50.086234"
"7641","2162","c4658db3-d1bc-45f9-9c73-947ae47b1c01","8/5/2026 00:20:50.216457","8/5/2026 00:29:50.229547","570","8/5/2026 00:20:50.216457"
"7642","2259","a998c06d-d69e-4b02-978f-d1f56cffe0b9","8/5/2026 00:20:50.277134","8/5/2026 00:29:50.241855","570","8/5/2026 00:20:50.277134"
"7643","2257","d6a024ff-9e37-4bc5-8396-97aca360cfd3","8/5/2026 00:20:50.466149","8/5/2026 00:29:50.469074","570","8/5/2026 00:20:50.466149"
"7867","118","e275456c-6db4-494b-ab6f-70c87146c527","8/5/2026 01:00:37.860776","8/5/2026 01:09:52.847802","570","8/5/2026 01:00:37.860776"
"7753","2162","867abeba-c01c-46c9-afd2-49ff541e257d","8/5/2026 00:40:49.970475","8/5/2026 00:49:50.020901","570","8/5/2026 00:40:49.970475"
"7754","2259","2d020560-e230-4be1-b9d5-5f1827abc929","8/5/2026 00:40:50.526558","8/5/2026 00:49:50.544566","570","8/5/2026 00:40:50.526558"
"7755","2214","08c6bfee-a8aa-40b9-8c55-a8db28706f87","8/5/2026 00:40:50.535792","8/5/2026 00:49:50.55905","570","8/5/2026 00:40:50.535792"
"8024","2255","89123ace-dc74-4e8a-ba80-4c44f224dd40","8/5/2026 01:20:53.897733","8/5/2026 01:24:53.905905","270","8/5/2026 01:20:53.897733"
"8106","2257","e9a7cff9-afb2-4316-a117-363590d0ce70","8/5/2026 02:00:51.207899","8/5/2026 02:09:51.23841","570","8/5/2026 02:00:51.207899"
"8022","2257","37559889-a179-4f7a-ba7f-5a594379b6da","8/5/2026 01:20:53.597343","8/5/2026 01:29:53.638135","570","8/5/2026 01:20:53.597343"
"8086","2257","6469fc15-1ce9-4a80-90e0-ad6ce26d13c4","8/5/2026 01:40:50.406005","8/5/2026 01:49:50.500583","570","8/5/2026 01:40:50.406005"
"8023","2162","f7f693d1-ecea-47ca-a642-85f860981ec0","8/5/2026 01:20:53.74674","8/5/2026 01:24:23.798088","240","8/5/2026 01:20:53.74674"
"8020","2576","03946fc0-0fc7-4e5e-a1a4-6842acd6c544","8/5/2026 01:20:52.99323","8/5/2026 01:27:53.039103","450","8/5/2026 01:20:52.99323"
"8105","118","31c0c677-1e31-428c-847b-4cb002f06d72","8/5/2026 02:00:39.757841","8/5/2026 02:09:54.746203","570","8/5/2026 02:00:39.757841"
"8021","2259","3be72a6d-512e-4312-ab40-1d7cd00776f1","8/5/2026 01:20:53.269553","8/5/2026 01:24:53.30757","270","8/5/2026 01:20:53.269553"
"8019","2214","4e43147f-6d15-44f2-9111-724bf83b0094","8/5/2026 01:20:52.645062","8/5/2026 01:24:22.828924","240","8/5/2026 01:20:52.645062"
"8172","2305","1951f903-64ec-4638-af74-9e03635deb69","8/5/2026 02:21:03.711813","8/5/2026 02:29:52.270405","570","8/5/2026 02:21:03.711813"
"8162","2309","ef98c202-355f-46d3-9317-282e31e1c072","8/5/2026 02:14:14.106705","8/5/2026 02:19:13.952088","330","8/5/2026 02:14:14.106705"
"8171","2257","d4d2d2bd-30bd-431b-8234-96b0926a8820","8/5/2026 02:20:53.599864","8/5/2026 02:21:23.576182","60","8/5/2026 02:20:53.599864"
"8169","2303","cdc6508a-64cb-418f-b241-b9e4c28d0d15","8/5/2026 02:20:53.208","8/5/2026 02:29:53.192186","570","8/5/2026 02:20:53.208"
"11332","2576","01f97e16-3ac6-41fc-8377-f720e27b21df","8/5/2026 12:20:50.686615","8/5/2026 12:29:50.741808","570","8/5/2026 12:20:50.686615"
"11333","2305","71426044-6228-47e7-a965-01e3ac91f2b1","8/5/2026 12:20:50.907598","8/5/2026 12:29:50.988663","570","8/5/2026 12:20:50.907598"
"8229","2305","f5f456b0-bf0a-48e5-9ad4-6445b89aa784","8/5/2026 02:40:49.548536","8/5/2026 02:49:49.560252","570","8/5/2026 02:40:49.548536"
"51188","2162","6943b199-26e6-4b96-9817-91f32bcba6cf","22/5/2026 22:21:01.480385","22/5/2026 22:21:31.493458","60","22/5/2026 22:21:01.480385"
"11063","2303","59ab1595-4b09-4ae4-bfa5-93e29dc362a6","8/5/2026 11:40:50.653775","8/5/2026 11:49:50.759214","570","8/5/2026 11:40:50.653775"
"8742","2305","699e8a4e-b826-4a78-ad6e-2e870fb8c709","8/5/2026 04:20:49.737795","8/5/2026 04:29:49.709515","570","8/5/2026 04:20:49.737795"
"8745","2303","55e9a45d-7b2b-4c4c-b568-924dabacfbd3","8/5/2026 04:20:50.523278","8/5/2026 04:29:50.594697","570","8/5/2026 04:20:50.523278"
"8743","2309","1feacc1f-a123-48c9-9155-aa56a75d571f","8/5/2026 04:20:49.742243","8/5/2026 04:29:51.893938","570","8/5/2026 04:20:49.742243"
"8744","2285","6458191a-adb2-47d1-b94d-250595ae5ee9","8/5/2026 04:20:50.348373","8/5/2026 04:29:52.285597","570","8/5/2026 04:20:50.348373"
"9217","2285","8835bb63-edc8-44fb-b9dc-aefa1040ca37","8/5/2026 06:00:51.509303","8/5/2026 06:09:51.504809","570","8/5/2026 06:00:51.509303"
"9308","8228","51609469-6d52-4266-b0d8-aec4006595cb","8/5/2026 06:13:00.154652","8/5/2026 06:16:30.158247","240","8/5/2026 06:13:00.154652"
"8929","2303","8052fed9-4171-46ed-bb9b-293da4b3bc9f","8/5/2026 05:00:49.653499","8/5/2026 05:09:49.71194","570","8/5/2026 05:00:49.653499"
"8930","2305","dd8462c4-c92d-4216-b5c3-648abcaa0dca","8/5/2026 05:00:49.964724","8/5/2026 05:09:49.972617","570","8/5/2026 05:00:49.964724"
"8549","2309","86977f1a-58ae-46ba-895b-99c64331c2a3","8/5/2026 03:40:49.312311","8/5/2026 03:49:49.320681","570","8/5/2026 03:40:49.312311"
"8550","2303","ff1809e9-b906-4b8c-9647-16f062e9b2b0","8/5/2026 03:40:49.55072","8/5/2026 03:49:49.574941","570","8/5/2026 03:40:49.55072"
"8455","8228","4770f968-9a57-448c-9c14-dccafb0f7beb","8/5/2026 03:20:49.548133","8/5/2026 03:29:19.564669","540","8/5/2026 03:20:49.548133"
"8551","2305","18dbf954-3788-44a7-8636-112375a32f1b","8/5/2026 03:40:50.23916","8/5/2026 03:49:50.265243","570","8/5/2026 03:40:50.23916"
"8552","2285","77ab0971-cfee-4877-892a-e1ca50c2f181","8/5/2026 03:40:50.309829","8/5/2026 03:49:50.265877","570","8/5/2026 03:40:50.309829"
"8553","8228","bf6cb3c2-faca-4d21-90e0-09ada8185551","8/5/2026 03:40:50.479409","8/5/2026 03:49:50.593253","570","8/5/2026 03:40:50.479409"
"8456","2285","cfa49140-63e8-4872-9b15-14ab32e194b8","8/5/2026 03:20:50.332218","8/5/2026 03:29:50.332411","570","8/5/2026 03:20:50.332218"
"8457","2309","9f41b7eb-7543-4b9e-95d6-802a0ffc8c8c","8/5/2026 03:20:50.395671","8/5/2026 03:29:50.417257","570","8/5/2026 03:20:50.395671"
"8458","2305","8922b719-a851-4fcb-b921-202ec279319d","8/5/2026 03:20:51.054889","8/5/2026 03:29:51.052454","570","8/5/2026 03:20:51.054889"
"8459","2303","7646fbd3-6979-4db7-93b4-b9e551c366f9","8/5/2026 03:20:51.413144","8/5/2026 03:29:51.479629","570","8/5/2026 03:20:51.413144"
"8228","8228","04570acc-8e59-4479-a2b7-66db2f8c092e","8/5/2026 02:40:48.617619","8/5/2026 02:49:48.599598","570","8/5/2026 02:40:48.617619"
"8230","2303","1ca19565-4d77-4dae-b71a-3062ce0e75b7","8/5/2026 02:40:49.939987","8/5/2026 02:49:50.028539","570","8/5/2026 02:40:49.939987"
"8231","2285","4ff249b0-7b7d-40e3-8aa9-9b53469782d4","8/5/2026 02:40:50.152122","8/5/2026 02:49:50.202795","570","8/5/2026 02:40:50.152122"
"8232","2309","1027a152-35fa-49c4-802b-215bf2c414c5","8/5/2026 02:40:50.873202","8/5/2026 02:49:50.590627","570","8/5/2026 02:40:50.873202"
"8931","2285","95e740d8-99e4-4f6f-8dd4-9ae00e00b70d","8/5/2026 05:00:50.54114","8/5/2026 05:09:50.541824","570","8/5/2026 05:00:50.54114"
"8932","2309","984fc6d3-ff74-41bc-a13e-28d1b1d77cd6","8/5/2026 05:00:50.666316","8/5/2026 05:09:50.676797","570","8/5/2026 05:00:50.666316"
"8324","2305","086cb8ec-a7fd-4c74-8cde-5990fa8a4050","8/5/2026 03:00:50.16662","8/5/2026 03:09:50.187366","570","8/5/2026 03:00:50.16662"
"8325","2285","56a367d6-558b-4edc-b379-a0325615796d","8/5/2026 03:00:50.408767","8/5/2026 03:09:50.385823","570","8/5/2026 03:00:50.408767"
"8326","8228","a66b8667-3ceb-4fe3-960d-119feee9c31a","8/5/2026 03:00:50.473816","8/5/2026 03:09:50.452662","570","8/5/2026 03:00:50.473816"
"8327","2309","f2c7c889-76a2-44c0-935e-16f728a607bb","8/5/2026 03:00:50.709216","8/5/2026 03:09:50.70058","570","8/5/2026 03:00:50.709216"
"8328","2303","e7a2baa5-d6c7-4db5-a844-9c1e0dc2bba5","8/5/2026 03:00:51.284139","8/5/2026 03:09:51.280715","570","8/5/2026 03:00:51.284139"
"8323","118","5992e7db-35e7-4f65-956f-d78843f317c7","8/5/2026 03:00:36.975159","8/5/2026 03:09:51.988811","570","8/5/2026 03:00:36.975159"
"8933","8228","edb367d9-976a-48fd-b293-e2a485d312c9","8/5/2026 05:00:50.822656","8/5/2026 05:09:50.901278","570","8/5/2026 05:00:50.822656"
"8645","2305","e2b241a2-82c7-4730-9f73-c989cbcd5295","8/5/2026 04:00:50.009812","8/5/2026 04:09:49.679023","570","8/5/2026 04:00:50.009812"
"8647","2285","cd56b709-7055-4c5e-ae35-e4c4783a81e3","8/5/2026 04:00:50.242618","8/5/2026 04:09:50.280596","570","8/5/2026 04:00:50.242618"
"8646","2309","f5962f88-a65e-4ff8-9d37-b26a2f51cd7a","8/5/2026 04:00:50.221256","8/5/2026 04:09:50.340312","570","8/5/2026 04:00:50.221256"
"8648","2303","5d637578-ab32-40fe-96d7-05c4535ba58c","8/5/2026 04:00:50.793327","8/5/2026 04:09:50.918986","570","8/5/2026 04:00:50.793327"
"9024","8228","a0cb5720-c30c-4c6c-b083-07530fa84823","8/5/2026 05:20:53.015496","8/5/2026 05:29:53.018013","570","8/5/2026 05:20:53.015496"
"8644","118","35f09156-982c-4c4f-b7dd-ab879dc91ec0","8/5/2026 04:00:37.095971","8/5/2026 04:05:37.095829","315","8/5/2026 04:00:37.095971"
"9025","2305","23d12e71-edf8-48ba-963b-b6853c952b77","8/5/2026 05:20:53.309471","8/5/2026 05:29:53.325435","570","8/5/2026 05:20:53.309471"
"9026","2285","65cc4bc7-72f5-46b6-92b7-60c4b8743363","8/5/2026 05:20:53.764451","8/5/2026 05:29:53.771672","570","8/5/2026 05:20:53.764451"
"9027","2303","ecaa11d9-0e2a-4a27-b6d4-a080e75867ab","8/5/2026 05:20:53.847026","8/5/2026 05:29:53.835946","570","8/5/2026 05:20:53.847026"
"9028","2309","4961648f-715a-40fa-8ef1-796ba191d8c8","8/5/2026 05:20:54.52536","8/5/2026 05:29:54.535716","570","8/5/2026 05:20:54.52536"
"8836","2305","08b466c9-da0d-4c38-9650-9e516fbd5db3","8/5/2026 04:40:49.46572","8/5/2026 04:49:49.466633","570","8/5/2026 04:40:49.46572"
"8838","2285","dee6e20b-92f6-45fc-8dba-fff26be1a3b5","8/5/2026 04:40:50.036539","8/5/2026 04:49:50.094697","570","8/5/2026 04:40:50.036539"
"8839","2309","44f9b0ce-4d21-4311-9446-940027f81af8","8/5/2026 04:40:50.337396","8/5/2026 04:49:50.447168","570","8/5/2026 04:40:50.337396"
"8840","2303","ac87d977-3cf6-46d1-b1d0-02d509f3c19d","8/5/2026 04:40:50.96517","8/5/2026 04:49:51.004058","570","8/5/2026 04:40:50.96517"
"8741","8228","4575e5b9-da96-44e4-9d27-2c37ebd2ef45","8/5/2026 04:20:49.449496","8/5/2026 04:29:49.392056","570","8/5/2026 04:20:49.449496"
"8837","8228","a2de9494-237c-4b99-83e6-59fe06468115","8/5/2026 04:40:49.518327","8/5/2026 04:49:53.250224","570","8/5/2026 04:40:49.518327"
"9213","8228","95f670ef-a702-4036-8d1f-37ee631524dc","8/5/2026 06:00:49.493686","8/5/2026 06:09:49.455171","570","8/5/2026 06:00:49.493686"
"9320","8228","6923b145-5cde-40c2-abd9-0c2c5089f340","8/5/2026 06:20:54.058763","8/5/2026 06:29:54.119284","570","8/5/2026 06:20:54.058763"
"9118","8228","05234a31-592a-4564-9a0c-ff98df9d316c","8/5/2026 05:40:49.564977","8/5/2026 05:49:49.63368","570","8/5/2026 05:40:49.564977"
"9119","2303","1e87c6c3-6f3d-4174-9301-4c8db4a65ad7","8/5/2026 05:40:50.380188","8/5/2026 05:49:50.304547","570","8/5/2026 05:40:50.380188"
"9321","2285","70083fea-8039-493e-8068-f7031a666f4e","8/5/2026 06:20:54.737732","8/5/2026 06:29:54.814124","570","8/5/2026 06:20:54.737732"
"9312","8228","c98a04ea-c884-4b31-b887-ee0f986ec617","8/5/2026 06:14:56.699153","8/5/2026 06:15:56.712902","90","8/5/2026 06:14:56.699153"
"9214","2303","bcab3395-ddab-473f-8402-d8986c0000f1","8/5/2026 06:00:49.916479","8/5/2026 06:09:49.899682","570","8/5/2026 06:00:49.916479"
"9322","2309","ff592a43-85f1-4d44-9114-7c6b917ceee0","8/5/2026 06:20:55.121278","8/5/2026 06:29:55.257828","570","8/5/2026 06:20:55.121278"
"9215","2309","8404144e-ebaf-4d81-b931-f49db755f441","8/5/2026 06:00:50.329616","8/5/2026 06:09:50.277286","570","8/5/2026 06:00:50.329616"
"9120","2285","59d70238-9384-44d6-be0a-92959b6f3728","8/5/2026 05:40:50.797299","8/5/2026 05:49:50.908541","570","8/5/2026 05:40:50.797299"
"9121","2309","850930f6-0706-42c6-98c3-1a33b05f9500","8/5/2026 05:40:51.181879","8/5/2026 05:49:51.211211","570","8/5/2026 05:40:51.181879"
"9122","2305","f24aa3d8-047d-4921-8cb3-4a6f252819bb","8/5/2026 05:40:53.793567","8/5/2026 05:49:53.864382","570","8/5/2026 05:40:53.793567"
"9216","2305","743d3d48-e29d-476e-b9af-7d142da08412","8/5/2026 06:00:50.651369","8/5/2026 06:09:50.743925","570","8/5/2026 06:00:50.651369"
"9395","8228","3c11db86-cb67-454b-a123-ca36acede79f","8/5/2026 06:40:49.7548","8/5/2026 06:49:49.877439","570","8/5/2026 06:40:49.7548"
"9398","2285","c00cc559-2ad7-4d24-8283-76399ac580d4","8/5/2026 06:40:50.851229","8/5/2026 06:49:50.844797","570","8/5/2026 06:40:50.851229"
"9319","2303","35c4e741-595c-4d06-8b30-3b0f16f6f62b","8/5/2026 06:20:54.012289","8/5/2026 06:29:53.965641","570","8/5/2026 06:20:54.012289"
"9396","2305","2d930b98-e54a-473d-be37-340dc0eed032","8/5/2026 06:40:49.824933","8/5/2026 06:49:49.816826","570","8/5/2026 06:40:49.824933"
"9397","2309","e45f7ec7-f923-4323-aa16-4e0c1dee35a7","8/5/2026 06:40:50.745982","8/5/2026 06:49:50.665728","570","8/5/2026 06:40:50.745982"
"9475","2309","47af3718-2382-49a9-a94f-ce62b5ad3702","8/5/2026 07:00:55.551415","8/5/2026 07:09:55.570809","570","8/5/2026 07:00:55.551415"
"9471","2303","1c91b8ab-c666-4760-8432-a5edceeca5d0","8/5/2026 07:00:49.899534","8/5/2026 07:09:50.048494","570","8/5/2026 07:00:49.899534"
"9474","2285","6cccd46c-d9ab-4dd9-90e2-18ffb45c01f3","8/5/2026 07:00:50.561544","8/5/2026 07:09:50.594359","570","8/5/2026 07:00:50.561544"
"9473","8228","78eb9a68-4620-46ac-843f-aee86791ca3d","8/5/2026 07:00:50.547821","8/5/2026 07:09:50.545128","570","8/5/2026 07:00:50.547821"
"9472","2305","f1e792bb-bde1-496d-a089-430a119827a7","8/5/2026 07:00:50.13396","8/5/2026 07:09:50.170712","570","8/5/2026 07:00:50.13396"
"31703","2305","5937ae56-5b8e-4821-b681-9b7ca76e13ab","10/5/2026 16:20:50.084116","10/5/2026 16:29:50.1463","570","10/5/2026 16:20:50.084116"
"10780","2309","2c25118f-e25e-4e32-9a66-dcae7039fd91","8/5/2026 11:00:51.022338","8/5/2026 11:09:51.177946","570","8/5/2026 11:00:51.022338"
"9847","2303","08858a32-a6ff-411b-b626-adbf308d559b","8/5/2026 08:20:56.774223","8/5/2026 08:29:56.773333","570","8/5/2026 08:20:56.774223"
"9848","2285","42f80f4b-83ee-4ed5-9b41-48087c0adb92","8/5/2026 08:20:57.166393","8/5/2026 08:29:57.190968","570","8/5/2026 08:20:57.166393"
"9849","2309","a1ecba46-0ff9-4dee-a2d1-c2a53b38a7fc","8/5/2026 08:20:57.575666","8/5/2026 08:29:57.568148","570","8/5/2026 08:20:57.575666"
"9664","2285","5c6aac7a-40bd-46b8-95be-404b7a881a1b","8/5/2026 07:40:53.276846","8/5/2026 07:47:23.355781","420","8/5/2026 07:40:53.276846"
"9750","8228","9d61514f-8af9-4611-bdef-eff9e32bbbed","8/5/2026 08:00:49.538694","8/5/2026 08:09:49.608831","570","8/5/2026 08:00:49.538694"
"9751","2303","ab4dc07e-a125-4dee-9aa4-6ad7aae13a3c","8/5/2026 08:00:50.019298","8/5/2026 08:09:50.122784","570","8/5/2026 08:00:50.019298"
"9752","2285","134ebaae-7b7b-4202-a2d9-3931eb67e6c8","8/5/2026 08:00:50.132305","8/5/2026 08:09:50.200673","570","8/5/2026 08:00:50.132305"
"9753","2309","fc64f834-84d7-4183-8876-c90bfa4704ed","8/5/2026 08:00:50.372917","8/5/2026 08:09:50.362738","570","8/5/2026 08:00:50.372917"
"9565","8228","1f9bb730-9bda-482e-a4de-752c3c4f7c84","8/5/2026 07:20:52.29814","8/5/2026 07:29:52.340257","570","8/5/2026 07:20:52.29814"
"9566","2303","d1bc2cf7-49d2-4d2c-877e-34ec2e343bab","8/5/2026 07:20:52.556341","8/5/2026 07:29:52.683764","570","8/5/2026 07:20:52.556341"
"9567","2305","28ed6854-b83b-41b3-8eb0-189476079960","8/5/2026 07:20:53.406832","8/5/2026 07:29:53.482969","570","8/5/2026 07:20:53.406832"
"9568","2285","0df4b5fc-c0d9-4d0c-8de6-f43b6b2362f5","8/5/2026 07:20:53.663998","8/5/2026 07:29:53.654907","570","8/5/2026 07:20:53.663998"
"9569","2309","b8a339cb-4a02-4367-b4a4-efcb766ff860","8/5/2026 07:20:54.179929","8/5/2026 07:29:54.183081","570","8/5/2026 07:20:54.179929"
"9754","2305","035da45e-4704-405d-b859-1c5f26e58573","8/5/2026 08:00:50.489865","8/5/2026 08:09:50.491997","570","8/5/2026 08:00:50.489865"
"9939","8228","4db8b6b5-b47f-4a25-a7cc-91908f7b24a1","8/5/2026 08:40:49.793372","8/5/2026 08:49:49.75491","570","8/5/2026 08:40:49.793372"
"9660","8228","86fc2c75-6082-454a-aa3b-5a8f0c6d82ad","8/5/2026 07:40:49.444875","8/5/2026 07:49:49.420366","570","8/5/2026 07:40:49.444875"
"9661","2305","2fa0151e-268d-4ec1-b735-77247a7b43f2","8/5/2026 07:40:49.550633","8/5/2026 07:49:49.538626","570","8/5/2026 07:40:49.550633"
"9662","2303","9c50abed-2800-48fe-b1e0-4fe11e4677a0","8/5/2026 07:40:49.715336","8/5/2026 07:49:49.704357","570","8/5/2026 07:40:49.715336"
"9663","2309","aa8043a7-4d0c-4b49-aa83-1ccbd2adab03","8/5/2026 07:40:51.012339","8/5/2026 07:49:50.936281","570","8/5/2026 07:40:51.012339"
"9938","2303","d4b515dc-441c-4755-8350-8ba1aedf3318","8/5/2026 08:40:49.773774","8/5/2026 08:49:49.86497","570","8/5/2026 08:40:49.773774"
"9940","2285","59641d41-d689-4230-89d9-6912ff3e7ec4","8/5/2026 08:40:50.224904","8/5/2026 08:49:50.348404","570","8/5/2026 08:40:50.224904"
"9941","2309","9aa01167-2d5b-471c-a355-4baf4f78dbec","8/5/2026 08:40:50.427508","8/5/2026 08:49:50.410659","570","8/5/2026 08:40:50.427508"
"9942","2305","ab9a568e-ce94-438e-a785-16564becd4e1","8/5/2026 08:40:51.972504","8/5/2026 08:49:51.963737","570","8/5/2026 08:40:51.972504"
"10258","8228","30be86c7-47ac-4095-96d0-b14e1a5dd881","8/5/2026 09:40:50.228488","8/5/2026 09:49:50.3664","570","8/5/2026 09:40:50.228488"
"10259","2305","9f6538a7-88e7-46c1-bc43-7979c92c712f","8/5/2026 09:40:50.339624","8/5/2026 09:49:50.439875","570","8/5/2026 09:40:50.339624"
"10260","2303","b524749d-4ffc-4bf7-b440-afe8552920ce","8/5/2026 09:40:50.490683","8/5/2026 09:49:50.502995","570","8/5/2026 09:40:50.490683"
"10261","2309","0cc78df9-f4c3-48f9-aaab-53c330590903","8/5/2026 09:40:50.931734","8/5/2026 09:49:50.944966","570","8/5/2026 09:40:50.931734"
"10647","2576","56dac2ce-6bbd-4ed9-b836-364cd3fb6e0b","8/5/2026 10:40:50.926901","8/5/2026 10:49:20.991099","540","8/5/2026 10:40:50.926901"
"10644","8228","ce87eac3-b331-4910-8ff5-5e0a62e46d15","8/5/2026 10:40:50.02189","8/5/2026 10:49:50.040343","570","8/5/2026 10:40:50.02189"
"10044","2305","86b1b0bd-0cd6-4151-90fc-a7f23044de6e","8/5/2026 09:00:50.010325","8/5/2026 09:09:50.053778","570","8/5/2026 09:00:50.010325"
"10045","2303","cca9843f-656d-49ec-baaf-5bd6c10d161c","8/5/2026 09:00:50.058465","8/5/2026 09:09:50.134368","570","8/5/2026 09:00:50.058465"
"10046","2285","a52cc39e-0ecf-4846-b961-a2dfce6593a5","8/5/2026 09:00:50.600419","8/5/2026 09:09:50.595804","570","8/5/2026 09:00:50.600419"
"10048","8228","41973282-cd17-46c2-a660-439cbf9c3a81","8/5/2026 09:00:50.672344","8/5/2026 09:09:50.672145","570","8/5/2026 09:00:50.672344"
"10047","2309","3565e793-e876-493c-9ebe-d39b6cb54104","8/5/2026 09:00:50.667483","8/5/2026 09:09:50.690413","570","8/5/2026 09:00:50.667483"
"10032","2576","5781f2b0-8f56-4079-968a-8d828bebaf17","8/5/2026 08:54:53.115151","8/5/2026 09:09:53.088993","930","8/5/2026 08:54:53.115151"
"10367","8228","430420d1-68a1-4380-a52f-b4a590d11987","8/5/2026 10:00:49.714059","8/5/2026 10:09:49.726886","570","8/5/2026 10:00:49.714059"
"10369","2305","ad53eecd-6db8-4302-a40b-19a1a423321d","8/5/2026 10:00:49.898897","8/5/2026 10:09:49.912129","570","8/5/2026 10:00:49.898897"
"10157","8228","1f219ad8-b093-407d-aaa3-d505f79657a2","8/5/2026 09:20:49.996508","8/5/2026 09:29:49.968129","570","8/5/2026 09:20:49.996508"
"10158","2303","3e8bf563-e7e5-426b-b93c-5017e761c6a1","8/5/2026 09:20:50.179409","8/5/2026 09:29:50.204928","570","8/5/2026 09:20:50.179409"
"10159","2285","b0713cf0-b1b6-4cfb-ad54-c7b42e452426","8/5/2026 09:20:50.608828","8/5/2026 09:29:50.6009","570","8/5/2026 09:20:50.608828"
"10160","2305","635ce649-d0f5-4e98-b28c-cf16aacaacc2","8/5/2026 09:20:51.22033","8/5/2026 09:29:51.215134","570","8/5/2026 09:20:51.22033"
"10161","2309","4ca39207-e898-4812-8bcd-5c92d5a8ac71","8/5/2026 09:20:52.533334","8/5/2026 09:29:52.512365","570","8/5/2026 09:20:52.533334"
"10232","2576","f8034db4-1631-4b88-89bf-91f751e7d707","8/5/2026 09:27:55.668668","8/5/2026 09:29:55.685697","150","8/5/2026 09:27:55.668668"
"9845","8228","75b1a2d7-7a4f-4a43-9172-f7dc3177792f","8/5/2026 08:20:55.773529","8/5/2026 08:29:55.773905","570","8/5/2026 08:20:55.773529"
"9846","2305","6a08ed2b-ad1e-43f6-aba5-f1c93be409f1","8/5/2026 08:20:55.9126","8/5/2026 08:29:55.911997","570","8/5/2026 08:20:55.9126"
"10368","2576","c5ca487e-a292-44db-8389-98f090aeef25","8/5/2026 10:00:49.838716","8/5/2026 10:09:49.932802","570","8/5/2026 10:00:49.838716"
"10370","2303","160d4832-0c66-478d-885d-9d406ac37cad","8/5/2026 10:00:50.121199","8/5/2026 10:09:50.19141","570","8/5/2026 10:00:50.121199"
"10371","2309","6a1f6a5f-d101-47cc-bf86-717b8c5327ab","8/5/2026 10:00:50.21684","8/5/2026 10:09:50.21691","570","8/5/2026 10:00:50.21684"
"10649","2303","289bc50d-d6d7-4ef3-b901-a6e64e1c9a4b","8/5/2026 10:40:52.109112","8/5/2026 10:49:52.062398","570","8/5/2026 10:40:52.109112"
"11193","118","a06c1bf8-010e-448c-8079-f60ef0d6cf14","8/5/2026 12:00:37.025599","8/5/2026 12:05:52.047903","330","8/5/2026 12:00:37.025599"
"11060","2305","93317beb-8e75-4f05-b827-8b3f2bd1c576","8/5/2026 11:40:49.684653","8/5/2026 11:49:49.779831","570","8/5/2026 11:40:49.684653"
"10372","2285","e3fb1665-3cef-4932-bbfa-bc14ae97eeef","8/5/2026 10:00:51.787891","8/5/2026 10:09:51.770314","570","8/5/2026 10:00:51.787891"
"10257","2576","b8f978f0-1f82-4208-ae6d-3487f9e733df","8/5/2026 09:40:49.967356","8/5/2026 09:57:49.977656","1050","8/5/2026 09:40:49.967356"
"10777","2305","eab292cb-b422-498b-955e-3197789bed12","8/5/2026 11:00:50.526254","8/5/2026 11:09:50.513999","570","8/5/2026 11:00:50.526254"
"10778","2303","64030480-2ac3-43ae-aaa8-465e91c4088e","8/5/2026 11:00:50.551836","8/5/2026 11:09:50.695715","570","8/5/2026 11:00:50.551836"
"11065","2309","5d27682a-9f87-498f-a6db-83165a133426","8/5/2026 11:40:51.197661","8/5/2026 11:49:51.240415","570","8/5/2026 11:40:51.197661"
"11598","2285","10f07f53-9cff-47de-9994-63b6100f5f48","8/5/2026 13:00:50.20199","8/5/2026 13:09:50.207658","570","8/5/2026 13:00:50.20199"
"11600","2576","b3e4f387-1f71-4d7e-ac7d-366232ba4965","8/5/2026 13:00:50.545751","8/5/2026 13:09:50.5279","570","8/5/2026 13:00:50.545751"
"11196","2303","39e2c7fa-799d-4ea7-9b85-54b58768be6e","8/5/2026 12:00:50.277275","8/5/2026 12:09:50.246795","570","8/5/2026 12:00:50.277275"
"11197","2576","4d1dead2-1edd-4d4c-8146-66a266f1a79d","8/5/2026 12:00:50.577439","8/5/2026 12:09:50.561473","570","8/5/2026 12:00:50.577439"
"11728","2309","1723f044-a55a-4a9f-a192-5669ea029f64","8/5/2026 13:20:52.690906","8/5/2026 13:29:52.716864","570","8/5/2026 13:20:52.690906"
"11730","2305","6c5e3802-dc9d-4fd2-b17b-978f0e5bf1a3","8/5/2026 13:20:53.552491","8/5/2026 13:29:53.555356","570","8/5/2026 13:20:53.552491"
"11842","2303","71752258-6a01-43ac-a87c-34b8764e01a1","8/5/2026 13:40:50.8539","8/5/2026 13:49:50.994733","570","8/5/2026 13:40:50.8539"
"11958","2305","18b314b7-9499-43ea-8ad8-9da058665a68","8/5/2026 14:00:50.963022","8/5/2026 14:09:50.989618","570","8/5/2026 14:00:50.963022"
"11844","2305","7c49777f-9841-4719-b6c9-6b573c5b9b42","8/5/2026 13:40:51.006119","8/5/2026 13:49:51.058942","570","8/5/2026 13:40:51.006119"
"11955","8228","dcb008f2-0468-4829-97bb-f1c1b1267e26","8/5/2026 14:00:49.945852","8/5/2026 14:09:49.95196","570","8/5/2026 14:00:49.945852"
"11961","2303","8c036838-4f7e-4c43-b589-84b7b4080c5a","8/5/2026 14:00:51.798592","8/5/2026 14:09:51.818625","570","8/5/2026 14:00:51.798592"
"12088","8228","6f7b6dfd-95c3-46c4-b784-f96f1932e9c7","8/5/2026 14:20:53.435882","8/5/2026 14:29:53.435455","570","8/5/2026 14:20:53.435882"
"12091","2305","ab3a5e07-6801-4291-8dfc-2be9cdf11f4e","8/5/2026 14:20:54.141164","8/5/2026 14:29:54.145065","570","8/5/2026 14:20:54.141164"
"12220","2309","353136c4-45cd-4796-ac6e-9b5792ede1cb","8/5/2026 14:40:50.861637","8/5/2026 14:49:50.925847","570","8/5/2026 14:40:50.861637"
"12223","2576","eaf67adb-6486-4179-ab88-7671a28496d5","8/5/2026 14:40:51.737211","8/5/2026 14:49:51.73022","570","8/5/2026 14:40:51.737211"
"31838","2285","5533d487-530a-476c-ba12-d09f33df1965","10/5/2026 16:40:50.802688","10/5/2026 16:49:50.821643","570","10/5/2026 16:40:50.802688"
"12089","2303","b9823a13-d1f2-4082-b496-79ee090f1247","8/5/2026 14:20:53.846416","8/5/2026 14:29:53.862841","570","8/5/2026 14:20:53.846416"
"12092","2285","66ac55bc-ac82-4907-85ba-d712b746d7e6","8/5/2026 14:20:54.175216","8/5/2026 14:29:54.267596","570","8/5/2026 14:20:54.175216"
"12485","2305","719b0186-d6a8-4cc8-8739-2efe8929a420","8/5/2026 15:20:53.634674","8/5/2026 15:29:53.697703","570","8/5/2026 15:20:53.634674"
"12487","10481","1fc95dec-ad95-4f2f-b086-10110085f0be","8/5/2026 15:20:54.057534","8/5/2026 15:29:54.062027","570","8/5/2026 15:20:54.057534"
"12489","2309","990244dd-224b-4ccc-b11b-3f596e56efe6","8/5/2026 15:20:55.035717","8/5/2026 15:29:55.026787","570","8/5/2026 15:20:55.035717"
"12221","2303","37b1f0a9-8756-4522-aa16-f198f7c83c9c","8/5/2026 14:40:51.016572","8/5/2026 14:49:51.017685","570","8/5/2026 14:40:51.016572"
"12224","2285","62442a19-e78a-4309-87a2-e119f7df9c84","8/5/2026 14:40:51.744073","8/5/2026 14:49:51.706656","570","8/5/2026 14:40:51.744073"
"11329","8228","07f8249f-b531-4c6f-af08-0be1c829476a","8/5/2026 12:20:49.078874","8/5/2026 12:29:49.041844","570","8/5/2026 12:20:49.078874"
"11334","2309","3a26c739-cbb3-4d1a-bb1b-3ef378d52e9c","8/5/2026 12:20:51.302606","8/5/2026 12:29:51.292433","570","8/5/2026 12:20:51.302606"
"11194","8228","c6b7a4a2-6011-43c7-a954-bcd333ccd70e","8/5/2026 12:00:49.497295","8/5/2026 12:09:49.514557","570","8/5/2026 12:00:49.497295"
"11198","2309","9e1d3cbb-6bfc-4a70-917c-4d65fd8d2702","8/5/2026 12:00:51.286651","8/5/2026 12:09:51.291337","570","8/5/2026 12:00:51.286651"
"11061","2576","b519da68-37bd-44d8-b7d2-17884bbbd337","8/5/2026 11:40:49.99008","8/5/2026 11:49:49.993564","570","8/5/2026 11:40:49.99008"
"11066","10481","c3ac46e1-0804-438f-8da7-795cc7b616c8","8/5/2026 11:40:51.222184","8/5/2026 11:49:51.081993","570","8/5/2026 11:40:51.222184"
"11959","2576","36f97ed9-9922-47e9-a0b2-20e6b7b1aac2","8/5/2026 14:00:51.483671","8/5/2026 14:09:49.866623","570","8/5/2026 14:00:51.483671"
"11956","10481","9752f11b-d4be-47b6-b695-7a90f89218d9","8/5/2026 14:00:50.235849","8/5/2026 14:09:50.198252","570","8/5/2026 14:00:50.235849"
"11843","2285","86fa1bb3-c700-4aa7-b7a5-dfdf5bb1f470","8/5/2026 13:40:50.999705","8/5/2026 13:49:51.004353","570","8/5/2026 13:40:50.999705"
"10490","2309","5f9b9821-b14a-498d-94a0-d6a8218dabe9","8/5/2026 10:20:53.386697","8/5/2026 10:29:53.486243","570","8/5/2026 10:20:53.386697"
"10491","8228","4ac2492c-b48b-454e-a6d1-f86a58940033","8/5/2026 10:20:54.112943","8/5/2026 10:29:54.147248","570","8/5/2026 10:20:54.112943"
"10492","2285","b06d5880-e9d6-4b6d-acfa-06af28873a25","8/5/2026 10:20:54.190114","8/5/2026 10:29:54.257162","570","8/5/2026 10:20:54.190114"
"10493","2576","392c53dd-8575-4a67-ab57-f7f200c27152","8/5/2026 10:20:54.25272","8/5/2026 10:29:54.262574","570","8/5/2026 10:20:54.25272"
"10494","2303","79be5af0-ebaf-4c57-8e27-91d31fe2c4b4","8/5/2026 10:20:54.296293","8/5/2026 10:29:54.334583","570","8/5/2026 10:20:54.296293"
"10495","2305","9fb8d54d-779b-4c58-84a4-ec63d3434e42","8/5/2026 10:20:55.088642","8/5/2026 10:29:55.092821","570","8/5/2026 10:20:55.088642"
"11845","2309","c1e24ee2-00ee-4a95-8dad-c9c452d37b9e","8/5/2026 13:40:51.051834","8/5/2026 13:49:51.207375","570","8/5/2026 13:40:51.051834"
"11729","2303","7477769e-0f38-4769-9888-a32472b38fcf","8/5/2026 13:20:53.47084","8/5/2026 13:29:53.459863","570","8/5/2026 13:20:53.47084"
"11731","10481","91453e6e-c0e5-46b3-a340-995ee815aa43","8/5/2026 13:20:54.005763","8/5/2026 13:29:54.001618","570","8/5/2026 13:20:54.005763"
"11463","10481","2c6a3ed6-6dce-4502-b13d-593aeefc8824","8/5/2026 12:40:50.435645","8/5/2026 13:09:49.407497","1770","8/5/2026 12:40:50.435645"
"11599","2305","07a5955c-3134-4c29-99f7-c3be1ec0190a","8/5/2026 13:00:50.537426","8/5/2026 13:09:50.538464","570","8/5/2026 13:00:50.537426"
"10775","2576","595efbba-55ab-43b1-9206-0a09b8aa64c5","8/5/2026 11:00:50.202603","8/5/2026 11:09:50.238577","570","8/5/2026 11:00:50.202603"
"10481","10481","715562dd-7884-4988-8afc-1da6ac9a1062","8/5/2026 10:16:44.52467","8/5/2026 10:49:44.501352","2010","8/5/2026 10:16:44.52467"
"10645","2309","b34b8dbb-0a5c-4217-bb8d-a5302baa6868","8/5/2026 10:40:50.028195","8/5/2026 10:49:49.990649","570","8/5/2026 10:40:50.028195"
"10646","2305","594604f3-792a-4653-a024-a7b211c9652d","8/5/2026 10:40:50.779365","8/5/2026 10:49:50.758575","570","8/5/2026 10:40:50.779365"
"10648","2285","b4c85ef1-abba-4a2d-b17c-baee9ff88c2b","8/5/2026 10:40:51.183511","8/5/2026 10:49:51.321092","570","8/5/2026 10:40:51.183511"
"10776","8228","5bcca144-8f4d-4622-8cbd-6b7d589c5dd2","8/5/2026 11:00:50.506133","8/5/2026 11:09:50.590326","570","8/5/2026 11:00:50.506133"
"11601","2303","73eacea2-c523-4ab0-94fd-b13fe436b0c3","8/5/2026 13:00:50.89962","8/5/2026 13:09:51.054033","570","8/5/2026 13:00:50.89962"
"10779","2285","2efa7af5-5c41-4b01-bb09-92f087db1fdb","8/5/2026 11:00:50.591068","8/5/2026 11:09:50.59438","570","8/5/2026 11:00:50.591068"
"11462","2576","917b6cef-0117-49f7-9ecf-f7985a88331f","8/5/2026 12:40:49.879356","8/5/2026 12:49:50.008588","570","8/5/2026 12:40:49.879356"
"11466","2305","f67f2aa0-17c5-4307-bbb9-bc3154784353","8/5/2026 12:40:50.97055","8/5/2026 12:49:51.004405","570","8/5/2026 12:40:50.97055"
"13015","2303","7abdde0b-3bf9-4eac-a4f1-35e5f2b5fdcf","8/5/2026 16:40:50.077244","8/5/2026 16:49:50.146841","570","8/5/2026 16:40:50.077244"
"13017","2309","1ea0bc79-8e43-4ac0-9c23-bc0318a29a00","8/5/2026 16:40:50.732567","8/5/2026 16:49:50.741491","570","8/5/2026 16:40:50.732567"
"13417","10481","69fe1dd8-78bf-4f15-9cac-bdd98dabd6bb","8/5/2026 17:40:51.518291","8/5/2026 17:49:51.517373","570","8/5/2026 17:40:51.518291"
"13548","2309","2db8ce69-527a-42f4-a805-1d223bca3793","8/5/2026 18:00:50.660031","8/5/2026 18:09:50.757614","570","8/5/2026 18:00:50.660031"
"13415","8228","161b91cb-c417-4a76-af77-74b8f746efb3","8/5/2026 17:40:50.508952","8/5/2026 17:49:50.584915","570","8/5/2026 17:40:50.508952"
"12617","10481","28121240-5530-4986-8917-8cccfb510065","8/5/2026 15:40:49.862829","8/5/2026 15:49:49.860492","570","8/5/2026 15:40:49.862829"
"12619","2305","5d6a11dc-e5e8-4d38-9d53-c6202ef04efb","8/5/2026 15:40:50.313731","8/5/2026 15:49:50.300858","570","8/5/2026 15:40:50.313731"
"12621","2285","60747360-3e09-4d9b-ad63-2c5e47ed9819","8/5/2026 15:40:50.523023","8/5/2026 15:49:50.522353","570","8/5/2026 15:40:50.523023"
"12623","2576","f5af6ab7-63e8-48d2-b9b6-be9af8d98071","8/5/2026 15:40:51.082997","8/5/2026 15:49:51.072421","570","8/5/2026 15:40:51.082997"
"12351","8228","4989b333-0959-4d5e-b23c-02cba4f234d6","8/5/2026 15:00:49.660469","8/5/2026 15:09:49.784089","570","8/5/2026 15:00:49.660469"
"12352","2309","8395ae2a-d0ec-42f8-9e85-531c918de824","8/5/2026 15:00:50.002166","8/5/2026 15:09:49.952983","570","8/5/2026 15:00:50.002166"
"12354","2576","e689c30c-ba2e-409b-a3d8-c33f8761dec0","8/5/2026 15:00:50.402321","8/5/2026 15:09:50.425399","570","8/5/2026 15:00:50.402321"
"12356","2285","16cf0ecf-9683-4ce4-a0a8-1dbd10d74eb7","8/5/2026 15:00:50.64909","8/5/2026 15:09:50.655239","570","8/5/2026 15:00:50.64909"
"12086","2576","ab0074aa-c0f9-4a54-acb6-5ced764de855","8/5/2026 14:20:53.338764","8/5/2026 14:29:53.460288","570","8/5/2026 14:20:53.338764"
"13280","8228","36799813-f83b-4ec1-8a65-0dc34d537359","8/5/2026 17:20:53.146928","8/5/2026 17:29:53.237861","570","8/5/2026 17:20:53.146928"
"12750","10481","f30f57e2-09fd-4762-bfa1-b7d929b3441e","8/5/2026 16:00:50.28485","8/5/2026 16:09:50.31051","570","8/5/2026 16:00:50.28485"
"12752","2576","11ec54b2-5414-45e8-accb-b08e5c8936b6","8/5/2026 16:00:50.867942","8/5/2026 16:09:50.866909","570","8/5/2026 16:00:50.867942"
"12754","2285","7ac4c235-c214-4f5a-8442-c65afd03b66e","8/5/2026 16:00:51.530238","8/5/2026 16:09:51.520148","570","8/5/2026 16:00:51.530238"
"13282","2309","f5a7bfb1-2fb5-4c81-b386-162f221276e2","8/5/2026 17:20:54.256077","8/5/2026 17:29:54.206696","570","8/5/2026 17:20:54.256077"
"12881","8228","946a8634-e716-4570-8d6d-0f3d11d507df","8/5/2026 16:20:54.857411","8/5/2026 16:29:54.84622","570","8/5/2026 16:20:54.857411"
"12883","2303","40bbb77f-cf50-480e-bb40-6aa466cc88a8","8/5/2026 16:20:55.540904","8/5/2026 16:29:55.563833","570","8/5/2026 16:20:55.540904"
"13148","10481","fb63242f-c086-46d6-8bc6-42e938f3753c","8/5/2026 17:00:49.936642","8/5/2026 17:09:49.91564","570","8/5/2026 17:00:49.936642"
"13150","2305","1bbe864f-dde5-4635-b2c5-1eada83c41fc","8/5/2026 17:00:50.296568","8/5/2026 17:09:50.227662","570","8/5/2026 17:00:50.296568"
"12885","2576","13b960d8-8b07-4cda-85db-d2bc5a26b527","8/5/2026 16:20:55.894961","8/5/2026 16:29:55.891565","570","8/5/2026 16:20:55.894961"
"12887","10481","906d6262-0194-4f8c-9b8a-df1b769bf104","8/5/2026 16:20:57.585378","8/5/2026 16:29:57.607579","570","8/5/2026 16:20:57.585378"
"13284","2303","00071a75-530c-49ce-a107-2cc8a630bb7b","8/5/2026 17:20:54.728029","8/5/2026 17:29:54.724204","570","8/5/2026 17:20:54.728029"
"13152","2285","332ee915-ef2e-48d3-a500-9f173d002a79","8/5/2026 17:00:50.876009","8/5/2026 17:09:50.898559","570","8/5/2026 17:00:50.876009"
"13286","2285","7be8cee7-a967-4950-9fcf-516482f90052","8/5/2026 17:20:55.786874","8/5/2026 17:29:55.793426","570","8/5/2026 17:20:55.786874"
"13413","2303","b9539cdd-f80b-4106-81e0-c65b16e5ecbe","8/5/2026 17:40:50.164461","8/5/2026 17:49:50.194741","570","8/5/2026 17:40:50.164461"
"13544","8228","239cfd5f-785a-4f23-9d07-2907a1e005b9","8/5/2026 18:00:49.765502","8/5/2026 18:09:49.735027","570","8/5/2026 18:00:49.765502"
"13546","2305","3e5d76b7-2e74-4dec-822d-9e1406148cde","8/5/2026 18:00:50.071305","8/5/2026 18:09:50.04083","570","8/5/2026 18:00:50.071305"
"13550","2285","4a18a086-206f-4f4f-9168-5983d9309ab2","8/5/2026 18:00:51.936144","8/5/2026 18:09:51.947017","570","8/5/2026 18:00:51.936144"
"13678","2305","35e3b0c9-6031-41a4-8c36-7e81ca994e9c","8/5/2026 18:20:49.852933","8/5/2026 18:29:49.855764","570","8/5/2026 18:20:49.852933"
"13680","2576","76fae9c9-c8aa-452a-beab-f2d49f706b46","8/5/2026 18:20:50.212835","8/5/2026 18:29:50.254823","570","8/5/2026 18:20:50.212835"
"51358","2576","ba6bc2e5-7d84-4ab9-b9f1-535735473b26","25/5/2026 07:59:36.102372","25/5/2026 08:00:06.102137","180","25/5/2026 07:59:36.102372"
"12090","10481","638f5cf8-f7e8-4ea9-9589-23950f29afbc","8/5/2026 14:20:54.005862","8/5/2026 14:29:53.993642","570","8/5/2026 14:20:54.005862"
"12622","2303","7e6ad06c-59eb-47aa-8ee7-8f336276ec36","8/5/2026 15:40:50.576398","8/5/2026 15:49:50.660151","570","8/5/2026 15:40:50.576398"
"11957","2309","37f87f88-65cb-47dc-89e5-2695d68cb3de","8/5/2026 14:00:50.690591","8/5/2026 14:09:50.760337","570","8/5/2026 14:00:50.690591"
"11062","2285","feee0324-d8cd-4b88-a299-daac234802ed","8/5/2026 11:40:50.325538","8/5/2026 11:49:50.318891","570","8/5/2026 11:40:50.325538"
"11960","2285","3efbba19-0c0c-4291-846e-7a7e7b5c4303","8/5/2026 14:00:51.501107","8/5/2026 14:09:51.479849","570","8/5/2026 14:00:51.501107"
"11330","10481","b767212b-150e-4215-9c85-6087d97607ed","8/5/2026 12:20:49.831068","8/5/2026 12:29:49.802176","570","8/5/2026 12:20:49.831068"
"11335","2285","35b1d601-6bc0-454f-bf68-2c76a58b11a7","8/5/2026 12:20:54.169129","8/5/2026 12:29:54.141962","570","8/5/2026 12:20:54.169129"
"11195","2305","91ae57cf-a280-4a54-83f3-29f5b3e8dac3","8/5/2026 12:00:50.226819","8/5/2026 12:09:50.229178","570","8/5/2026 12:00:50.226819"
"11199","2285","aa48ae2d-1997-4533-94c0-8749dd331e03","8/5/2026 12:00:51.785505","8/5/2026 12:09:51.791911","570","8/5/2026 12:00:51.785505"
"12484","8228","f2ae3218-f52c-47bd-9ec5-94ee251f611c","8/5/2026 15:20:53.27299","8/5/2026 15:29:53.287434","570","8/5/2026 15:20:53.27299"
"12486","2303","8e440c1a-7767-4fdf-85cb-b1a929311a26","8/5/2026 15:20:53.634487","8/5/2026 15:29:53.719457","570","8/5/2026 15:20:53.634487"
"12488","2576","2d7d15aa-f885-4aca-b900-d5ad1b5e238b","8/5/2026 15:20:54.877873","8/5/2026 15:29:54.928292","570","8/5/2026 15:20:54.877873"
"12490","2285","24103bbf-1c4b-4c51-888a-d19a21f4126a","8/5/2026 15:20:55.636375","8/5/2026 15:29:55.587438","570","8/5/2026 15:20:55.636375"
"11841","8228","2aa43b37-6fa2-4857-905a-acc197e0129d","8/5/2026 13:40:50.316005","8/5/2026 13:49:50.315934","570","8/5/2026 13:40:50.316005"
"11846","10481","2b5c6990-adb0-40f3-8e0b-2d94f2693207","8/5/2026 13:40:51.65564","8/5/2026 13:49:51.643392","570","8/5/2026 13:40:51.65564"
"11597","8228","9a5a8e1e-87e9-4ca8-bcd4-9e84df4061c7","8/5/2026 13:00:49.722576","8/5/2026 13:09:49.967769","570","8/5/2026 13:00:49.722576"
"11602","2309","43ba8319-903c-4af2-abf3-124831c1c92f","8/5/2026 13:00:51.820973","8/5/2026 13:09:51.900319","570","8/5/2026 13:00:51.820973"
"11727","8228","f5532679-951b-4e79-b0e0-d1cb74e24553","8/5/2026 13:20:52.037101","8/5/2026 13:29:52.112712","570","8/5/2026 13:20:52.037101"
"11732","2576","4e8637b4-8066-4ec2-aee9-526077927e15","8/5/2026 13:20:55.596758","8/5/2026 13:29:55.690827","570","8/5/2026 13:20:55.596758"
"10928","8228","4e90fdd8-79db-4ce1-9ebd-8d4fe3874628","8/5/2026 11:20:49.632718","8/5/2026 11:29:49.607063","570","8/5/2026 11:20:49.632718"
"10929","2305","c9c2afac-6cd9-479e-9453-d0d10f67ec4e","8/5/2026 11:20:49.843977","8/5/2026 11:29:49.879433","570","8/5/2026 11:20:49.843977"
"10930","2309","33db7a1c-3b69-42e8-9977-9554752665bc","8/5/2026 11:20:50.676476","8/5/2026 11:29:50.420984","570","8/5/2026 11:20:50.676476"
"10931","2576","14e85579-19ac-4c1d-8540-4553a259bcf4","8/5/2026 11:20:50.796143","8/5/2026 11:29:50.796082","570","8/5/2026 11:20:50.796143"
"10932","2303","1cc6f6ea-9150-43bf-91ea-513dbabc464b","8/5/2026 11:20:50.908343","8/5/2026 11:29:50.976155","570","8/5/2026 11:20:50.908343"
"10781","10481","768b9ea4-65b3-44de-a22c-6cc759c042d1","8/5/2026 11:00:51.554674","8/5/2026 11:29:51.300916","1770","8/5/2026 11:00:51.554674"
"10934","2285","5d5a0a7f-f1df-4ff0-9fc8-548ff8342ccc","8/5/2026 11:20:51.506152","8/5/2026 11:29:51.507504","570","8/5/2026 11:20:51.506152"
"13416","2285","cd1dd7d2-fb4a-4119-a052-f01e461e8bde","8/5/2026 17:40:50.644889","8/5/2026 17:49:50.672776","570","8/5/2026 17:40:50.644889"
"12219","8228","0ec8a722-ff5f-4560-acae-19a62c69d64a","8/5/2026 14:40:49.598526","8/5/2026 14:49:49.641143","570","8/5/2026 14:40:49.598526"
"11464","2309","a2964ac6-1c66-46ea-ab4f-328223879952","8/5/2026 12:40:50.621256","8/5/2026 12:49:50.586732","570","8/5/2026 12:40:50.621256"
"11465","2285","d5ca2101-838f-41e0-8c19-710bb73c3bc6","8/5/2026 12:40:50.722016","8/5/2026 12:49:50.732348","570","8/5/2026 12:40:50.722016"
"11467","2303","ed0fc9e7-acf8-4d4a-9692-a27959886403","8/5/2026 12:40:51.246734","8/5/2026 12:49:51.231558","570","8/5/2026 12:40:51.246734"
"12222","2305","b6011a40-8e1d-4e42-b4f8-0fe416c0749e","8/5/2026 14:40:51.111412","8/5/2026 14:49:51.217184","570","8/5/2026 14:40:51.111412"
"12225","10481","94267a69-e41c-47cc-b117-7e732b421326","8/5/2026 14:40:52.303831","8/5/2026 14:49:52.339924","570","8/5/2026 14:40:52.303831"
"13147","8228","0f7702c5-2357-476a-a9ec-70cd098643e4","8/5/2026 17:00:49.316985","8/5/2026 17:09:49.330501","570","8/5/2026 17:00:49.316985"
"13014","8228","709ad60c-b74a-47c6-91c0-d8eb239876ae","8/5/2026 16:40:49.477242","8/5/2026 16:49:49.461617","570","8/5/2026 16:40:49.477242"
"13016","10481","18762ffd-d455-4f50-91e7-ba65765b4432","8/5/2026 16:40:50.636954","8/5/2026 16:49:50.66748","570","8/5/2026 16:40:50.636954"
"13018","2305","746b68e7-d9b7-4b83-91d7-579024ad0449","8/5/2026 16:40:51.015213","8/5/2026 16:49:51.042262","570","8/5/2026 16:40:51.015213"
"13019","2576","3e583cba-8221-4bda-b163-852e0c530756","8/5/2026 16:40:51.356533","8/5/2026 16:49:51.357404","570","8/5/2026 16:40:51.356533"
"12882","2309","a2e6629c-6481-4ff4-8ed0-040a7ef6235a","8/5/2026 16:20:55.190834","8/5/2026 16:29:55.163326","570","8/5/2026 16:20:55.190834"
"12884","2285","aba10000-8c82-43fe-97bc-a5c36acb0a86","8/5/2026 16:20:55.646197","8/5/2026 16:29:55.64399","570","8/5/2026 16:20:55.646197"
"12886","2305","ddb8f684-3b4c-490a-aa1c-036ed8862a66","8/5/2026 16:20:56.556784","8/5/2026 16:29:56.557775","570","8/5/2026 16:20:56.556784"
"12353","2303","c1b6464a-a950-43de-ad2e-c4f519d5ea38","8/5/2026 15:00:50.343624","8/5/2026 15:09:50.316393","570","8/5/2026 15:00:50.343624"
"12355","2305","efe73aa0-28ce-477a-ab73-c7720af3c86f","8/5/2026 15:00:50.428764","8/5/2026 15:09:50.415059","570","8/5/2026 15:00:50.428764"
"12357","10481","a153f80a-a948-472d-98dd-37b5e7b8a308","8/5/2026 15:00:51.37089","8/5/2026 15:09:51.359541","570","8/5/2026 15:00:51.37089"
"12087","2309","f6f73858-2ed0-4dbd-b150-1558d1c1c08e","8/5/2026 14:20:53.376486","8/5/2026 14:29:53.376461","570","8/5/2026 14:20:53.376486"
"13020","2285","8a0a86f3-9c9b-440d-a9ce-6c52526f1e2d","8/5/2026 16:40:51.819186","8/5/2026 16:49:51.859639","570","8/5/2026 16:40:51.819186"
"12749","2303","7d8580d6-472a-40ed-84c2-85d6d0f1fef5","8/5/2026 16:00:50.061228","8/5/2026 16:09:50.054958","570","8/5/2026 16:00:50.061228"
"12751","2305","a203db35-7637-4cc4-9900-fc7b43f11c97","8/5/2026 16:00:50.533203","8/5/2026 16:09:50.537757","570","8/5/2026 16:00:50.533203"
"12758","2309","da783af9-3ac1-4548-8ebf-b8320e49ee94","8/5/2026 16:01:20.736498","8/5/2026 16:09:50.821919","570","8/5/2026 16:01:20.736498"
"12753","8228","0c515c13-1f37-4c74-802e-eea3bcad93ce","8/5/2026 16:00:51.038934","8/5/2026 16:09:51.158907","570","8/5/2026 16:00:51.038934"
"12618","2309","f34ff560-b4a8-4b7e-a612-2a606a2b4c68","8/5/2026 15:40:50.111584","8/5/2026 15:49:50.161433","570","8/5/2026 15:40:50.111584"
"12620","8228","8f3b41e7-1041-46a3-b34d-18c46d380ad2","8/5/2026 15:40:50.324194","8/5/2026 15:49:50.338723","570","8/5/2026 15:40:50.324194"
"13149","2303","c6e50c75-54c4-446a-9236-9ea210058f80","8/5/2026 17:00:50.244483","8/5/2026 17:09:50.251136","570","8/5/2026 17:00:50.244483"
"13151","2309","209e5f28-b899-4ee8-b806-cf7ed9343879","8/5/2026 17:00:50.356752","8/5/2026 17:09:50.371361","570","8/5/2026 17:00:50.356752"
"13153","2576","bfe2a709-344d-46da-aa32-c539d2f8fcd1","8/5/2026 17:00:53.848071","8/5/2026 17:09:50.542894","570","8/5/2026 17:00:53.848071"
"13281","2305","e38a45eb-e767-4c45-a21a-c626dd2474fb","8/5/2026 17:20:54.23032","8/5/2026 17:29:54.231032","570","8/5/2026 17:20:54.23032"
"13283","10481","11f41025-db78-4c74-9474-2cb195f290f7","8/5/2026 17:20:54.696856","8/5/2026 17:29:54.669356","570","8/5/2026 17:20:54.696856"
"13285","2576","aa3a9302-4b4b-4ccd-908f-3f440fb2a148","8/5/2026 17:20:54.922597","8/5/2026 17:29:54.922312","570","8/5/2026 17:20:54.922597"
"13545","2576","7f47520c-6452-4a13-b691-c52419d2b4a7","8/5/2026 18:00:50.025986","8/5/2026 18:09:50.048726","570","8/5/2026 18:00:50.025986"
"13547","10481","0620913e-4aa3-4884-bf76-27f22337c935","8/5/2026 18:00:50.612738","8/5/2026 18:09:50.617208","570","8/5/2026 18:00:50.612738"
"13412","2576","7d515b60-46a4-4fed-a517-4665cfc10c86","8/5/2026 17:40:49.753652","8/5/2026 17:49:49.75405","570","8/5/2026 17:40:49.753652"
"13414","2309","d2a13a68-250e-4ac3-8252-edffe6b4612d","8/5/2026 17:40:50.241228","8/5/2026 17:49:50.261749","570","8/5/2026 17:40:50.241228"
"13420","2305","6e323d0e-1eb4-4368-b999-0bb4d159685e","8/5/2026 17:41:20.28535","8/5/2026 17:49:50.268655","570","8/5/2026 17:41:20.28535"
"13549","2303","7c26703e-14e4-49d1-a619-ec372c079dc6","8/5/2026 18:00:51.364136","8/5/2026 18:09:51.400846","570","8/5/2026 18:00:51.364136"
"13683","10481","8f58af9f-ec6f-4678-9f35-ed525dcf3cf8","8/5/2026 18:20:51.492815","8/5/2026 18:29:51.496761","570","8/5/2026 18:20:51.492815"
"13679","2309","0ce05920-2783-4b69-8f88-21e976d8d7a8","8/5/2026 18:20:49.942359","8/5/2026 18:29:50.029798","570","8/5/2026 18:20:49.942359"
"13682","2285","8b01d3a3-a964-47e8-8aad-340e75097e92","8/5/2026 18:20:50.683033","8/5/2026 18:29:50.716566","570","8/5/2026 18:20:50.683033"
"13809","2305","f2168888-ca35-4d07-ba19-abc38ddbd5bd","8/5/2026 18:40:49.924202","8/5/2026 18:49:49.89418","570","8/5/2026 18:40:49.924202"
"13677","8228","2db4c46e-af39-46b2-9990-0f756d7eab65","8/5/2026 18:20:49.663827","8/5/2026 18:29:50.298377","570","8/5/2026 18:20:49.663827"
"13681","2303","8749f051-1b89-4c31-baf0-c0358d75528c","8/5/2026 18:20:50.389796","8/5/2026 18:29:50.413964","570","8/5/2026 18:20:50.389796"
"24708","2285","08f00265-dbf1-4df8-bc47-dda530b68fd2","9/5/2026 22:20:50.996603","9/5/2026 22:29:51.023394","570","9/5/2026 22:20:50.996603"
"51360","2576","f729ea5f-101e-4ff9-9c2a-f63d5e5c74ce","25/5/2026 08:03:55.817264","25/5/2026 08:03:55.817264","180","25/5/2026 08:03:55.817264"
"13924","2309","83937f68-2e89-4788-89fd-8b15a1da7e8a","8/5/2026 19:00:50.661151","8/5/2026 19:09:50.716397","570","8/5/2026 19:00:50.661151"
"13925","8228","4afcfb12-e148-46ec-95b3-ca15ba226ae7","8/5/2026 19:00:51.151408","8/5/2026 19:09:51.182997","570","8/5/2026 19:00:51.151408"
"13926","2285","bbd75a19-674a-4a00-bb19-03fd1a2ba856","8/5/2026 19:00:51.682233","8/5/2026 19:09:51.704157","570","8/5/2026 19:00:51.682233"
"13927","10481","d4a51434-f597-449f-98b8-0af02c130092","8/5/2026 19:00:52.225017","8/5/2026 19:09:52.251872","570","8/5/2026 19:00:52.225017"
"13808","8228","4680d1d9-99a5-4fdc-b9d3-d05441cde933","8/5/2026 18:40:49.681113","8/5/2026 18:49:49.680792","570","8/5/2026 18:40:49.681113"
"13810","2303","b2e759c2-3918-49df-a379-9d101a514374","8/5/2026 18:40:50.353103","8/5/2026 18:49:50.376711","570","8/5/2026 18:40:50.353103"
"13811","10481","9b2f450e-1374-4e01-b1c9-87f64379be4e","8/5/2026 18:40:50.745571","8/5/2026 18:49:50.740822","570","8/5/2026 18:40:50.745571"
"13812","2309","c81ef67b-6ec3-4567-8ae5-3bf79447b739","8/5/2026 18:40:51.48536","8/5/2026 18:49:51.431162","570","8/5/2026 18:40:51.48536"
"13813","2285","b0572778-3aa5-4eaf-a6c9-62c4e63dac5e","8/5/2026 18:40:51.561953","8/5/2026 18:49:51.618578","570","8/5/2026 18:40:51.561953"
"14437","2576","e8669c3b-fd90-4044-b61b-2d38c88b8d92","8/5/2026 20:20:55.436214","8/5/2026 20:29:55.491725","570","8/5/2026 20:20:55.436214"
"14438","2305","d06631f9-29db-421c-aa33-e6ba8a924955","8/5/2026 20:20:55.668238","8/5/2026 20:29:55.796232","570","8/5/2026 20:20:55.668238"
"14439","2303","e7b31b90-868e-4867-bb37-07ec9a681f3b","8/5/2026 20:20:55.753614","8/5/2026 20:29:55.827327","570","8/5/2026 20:20:55.753614"
"14440","2285","30b8f44e-446f-40e0-a0ec-14da695f8901","8/5/2026 20:20:55.974349","8/5/2026 20:29:56.090252","570","8/5/2026 20:20:55.974349"
"14035","10481","aff15b2d-5048-42f5-82fc-0b8df1e5788d","8/5/2026 19:20:57.975787","8/5/2026 19:29:57.978288","570","8/5/2026 19:20:57.975787"
"14036","2309","54c59053-ffdd-46c8-b31d-71c8875515a1","8/5/2026 19:20:58.725433","8/5/2026 19:29:58.706548","570","8/5/2026 19:20:58.725433"
"14037","2305","20268611-66da-469d-a747-b274b5429214","8/5/2026 19:20:58.769668","8/5/2026 19:29:58.802395","570","8/5/2026 19:20:58.769668"
"14038","2576","a5225dfd-6e22-474f-8f6e-fdb7cf12c67c","8/5/2026 19:20:59.042361","8/5/2026 19:29:59.040026","570","8/5/2026 19:20:59.042361"
"14441","10481","01063b41-6b6d-407d-8152-0ede18f57fc6","8/5/2026 20:20:57.302799","8/5/2026 20:29:57.32224","570","8/5/2026 20:20:57.302799"
"14040","2285","ef7f9149-8d84-432a-8530-39d923c54561","8/5/2026 19:20:59.402939","8/5/2026 19:29:59.313424","570","8/5/2026 19:20:59.402939"
"14442","8228","7181d76e-c7bb-4fe1-8656-d9c969626c27","8/5/2026 20:20:57.818534","8/5/2026 20:29:57.795247","570","8/5/2026 20:20:57.818534"
"14702","10481","3df08a54-0060-45d8-9338-cbc03be86902","8/5/2026 21:00:49.668201","8/5/2026 21:09:49.688531","570","8/5/2026 21:00:49.668201"
"14703","2305","fad1c027-a9fd-422d-81fa-754a13b2d3e4","8/5/2026 21:00:50.085314","8/5/2026 21:09:50.115997","570","8/5/2026 21:00:50.085314"
"14704","2576","9027102f-8666-4a6f-9b2b-25c8b159b32c","8/5/2026 21:00:50.841907","8/5/2026 21:09:50.830404","570","8/5/2026 21:00:50.841907"
"14170","8228","730d84f0-8c58-4ddd-87cd-d524a0931925","8/5/2026 19:40:49.087387","8/5/2026 19:49:49.078364","570","8/5/2026 19:40:49.087387"
"14171","2305","8048b34e-d18c-4f9f-ad8c-ea77a5c7a7f2","8/5/2026 19:40:49.825354","8/5/2026 19:49:49.836106","570","8/5/2026 19:40:49.825354"
"14172","2285","4a7cf13d-bfa9-47d3-acea-9eb74f182dea","8/5/2026 19:40:50.362426","8/5/2026 19:49:50.343785","570","8/5/2026 19:40:50.362426"
"14173","2576","fce0f353-00a2-4250-988a-8b4bee8fa41d","8/5/2026 19:40:50.439829","8/5/2026 19:49:50.460733","570","8/5/2026 19:40:50.439829"
"14174","2309","a600fae9-0361-45fe-8791-473e9e940893","8/5/2026 19:40:50.45101","8/5/2026 19:49:50.466593","570","8/5/2026 19:40:50.45101"
"14175","10481","bd4a5c31-706f-425d-a17a-a87001a1bc0f","8/5/2026 19:40:51.254914","8/5/2026 19:49:51.26392","570","8/5/2026 19:40:51.254914"
"14039","2303","b944a69c-3548-4daa-a6ec-a34c454be04c","8/5/2026 19:20:59.059472","8/5/2026 19:49:59.103131","1770","8/5/2026 19:20:59.059472"
"14705","2303","f2f5145e-3378-441e-aacf-1c50b875978a","8/5/2026 21:00:50.901921","8/5/2026 21:09:50.962419","570","8/5/2026 21:00:50.901921"
"14706","2285","e919f40c-ae69-4f16-a34a-a5b0a84ceea5","8/5/2026 21:00:51.137428","8/5/2026 21:09:51.14866","570","8/5/2026 21:00:51.137428"
"14707","2309","75c04aee-c38a-4937-b164-a83479324028","8/5/2026 21:00:51.800424","8/5/2026 21:09:51.816722","570","8/5/2026 21:00:51.800424"
"14569","2305","c49a2a83-0220-4017-ab5e-9d1fd2fd4457","8/5/2026 20:40:49.751731","8/5/2026 20:49:49.760709","570","8/5/2026 20:40:49.751731"
"14570","10481","c170e3f8-0ab2-4d78-9fba-d4171f7e2a67","8/5/2026 20:40:49.894251","8/5/2026 20:49:49.899108","570","8/5/2026 20:40:49.894251"
"14571","8228","30398ed8-03ea-4e79-9901-5d944bc157b8","8/5/2026 20:40:50.949949","8/5/2026 20:49:50.929682","570","8/5/2026 20:40:50.949949"
"13922","2576","7e23ace1-7139-424b-bff3-b64950b50cbf","8/5/2026 19:00:49.012019","8/5/2026 19:09:48.991518","570","8/5/2026 19:00:49.012019"
"13923","2305","d26b7510-5b99-4b72-a2b5-ef4cca95d1de","8/5/2026 19:00:49.933856","8/5/2026 19:09:49.928096","570","8/5/2026 19:00:49.933856"
"14572","2576","f621e41a-2be0-4c32-9718-06dc9b69f00d","8/5/2026 20:40:51.063976","8/5/2026 20:49:51.118435","570","8/5/2026 20:40:51.063976"
"14573","2309","e900dd7f-f5fb-44a6-b32e-0f6b70357f29","8/5/2026 20:40:51.190729","8/5/2026 20:49:51.186532","570","8/5/2026 20:40:51.190729"
"14574","2303","d028ca60-f4b4-4430-ac51-bb0198cbce16","8/5/2026 20:40:51.410907","8/5/2026 20:49:51.450131","570","8/5/2026 20:40:51.410907"
"14303","8228","ab9f4940-03c3-4995-a845-4eebf9d7546c","8/5/2026 20:00:49.328706","8/5/2026 20:09:49.337712","570","8/5/2026 20:00:49.328706"
"14819","2305","319095b5-fd3f-4872-99df-f30537b813b4","8/5/2026 21:20:55.212545","8/5/2026 21:29:55.162366","570","8/5/2026 21:20:55.212545"
"14820","2303","19a94fc4-47a9-4de3-900b-b988a51700e1","8/5/2026 21:20:55.231972","8/5/2026 21:29:55.293235","570","8/5/2026 21:20:55.231972"
"14821","10481","3e4354ca-46d4-49af-a944-85c41cf3f577","8/5/2026 21:20:56.241444","8/5/2026 21:29:56.251224","570","8/5/2026 21:20:56.241444"
"15063","8228","b5f92301-7271-4b1c-b0ba-75427ad63744","8/5/2026 22:00:49.873233","8/5/2026 22:09:49.839337","570","8/5/2026 22:00:49.873233"
"14436","2309","9b24a4a3-f94c-4dd5-af7f-865e32731715","8/5/2026 20:20:54.937894","8/5/2026 20:29:55.081904","570","8/5/2026 20:20:54.937894"
"14304","10481","d290820b-ab06-43b4-8bbc-f6d3d05cc1d4","8/5/2026 20:00:50.180668","8/5/2026 20:09:50.167201","570","8/5/2026 20:00:50.180668"
"14305","2305","349687c4-ccf0-4c1c-907c-8fabda39e4f7","8/5/2026 20:00:50.378649","8/5/2026 20:09:50.429368","570","8/5/2026 20:00:50.378649"
"14306","2309","e7e239c5-f0fc-4f06-8cdf-6d86f4d9adaa","8/5/2026 20:00:50.640893","8/5/2026 20:09:50.635874","570","8/5/2026 20:00:50.640893"
"14307","2576","58012ace-a22f-4051-9189-c7435c0d60da","8/5/2026 20:00:51.009134","8/5/2026 20:09:51.067444","570","8/5/2026 20:00:51.009134"
"14308","2285","6f4d3daf-1469-417a-8284-e476ac6164a1","8/5/2026 20:00:51.558776","8/5/2026 20:09:51.561315","570","8/5/2026 20:00:51.558776"
"14309","2303","94a070ab-e1a9-4baa-a8db-20ce3e6ea84b","8/5/2026 20:00:51.825845","8/5/2026 20:09:51.851264","570","8/5/2026 20:00:51.825845"
"14575","2285","39340571-96b2-4dda-991e-4b0d220b953b","8/5/2026 20:40:51.670504","8/5/2026 20:49:51.688534","570","8/5/2026 20:40:51.670504"
"15066","2303","e71622a6-2a32-4eb7-8942-67bc752c6434","8/5/2026 22:00:51.125165","8/5/2026 22:09:51.10929","570","8/5/2026 22:00:51.125165"
"14931","10481","7d0697fe-e0fe-4b73-837f-0041eeea7fe4","8/5/2026 21:40:50.278563","8/5/2026 21:49:50.309303","570","8/5/2026 21:40:50.278563"
"14816","2576","d83d96b6-a877-4e4d-a9af-52d5e532891c","8/5/2026 21:20:53.611282","8/5/2026 21:29:53.642424","570","8/5/2026 21:20:53.611282"
"14817","8228","ac565ba7-c0bf-413c-923e-b4102bd68552","8/5/2026 21:20:53.766115","8/5/2026 21:29:53.858634","570","8/5/2026 21:20:53.766115"
"14818","2309","130173bd-8aa8-4dc9-b05e-ebb7a1a4d7fa","8/5/2026 21:20:54.711251","8/5/2026 21:29:54.717169","570","8/5/2026 21:20:54.711251"
"14932","2576","2bbf2ede-c042-4d41-aed9-f56c1a2e5d74","8/5/2026 21:40:50.341409","8/5/2026 21:49:50.342118","570","8/5/2026 21:40:50.341409"
"14934","2309","256b59fb-fda0-4764-b84c-6a244f3b081a","8/5/2026 21:40:50.968262","8/5/2026 21:49:50.952892","570","8/5/2026 21:40:50.968262"
"14935","2303","6bf2b0e9-015b-44ff-a61c-704417c919d3","8/5/2026 21:40:51.089509","8/5/2026 21:49:51.090633","570","8/5/2026 21:40:51.089509"
"14933","2285","4303ffad-bec2-4240-829b-daed78dbc96d","8/5/2026 21:40:50.689509","8/5/2026 21:49:50.663869","570","8/5/2026 21:40:50.689509"
"14936","8228","b3a3b234-59a7-427a-9a95-97360d3f8e95","8/5/2026 21:40:52.488986","8/5/2026 21:49:52.48483","570","8/5/2026 21:40:52.488986"
"15068","2285","6ded29bb-d2e3-4382-ab3f-22fb40b475c6","8/5/2026 22:01:11.490336","8/5/2026 22:09:51.91178","570","8/5/2026 22:01:11.490336"
"14930","2305","3d0466f9-5f2b-474e-a50b-0203c5804c88","8/5/2026 21:40:49.90577","8/5/2026 21:49:50.020429","570","8/5/2026 21:40:49.90577"
"15179","2309","6c9661b0-5889-4b3b-897c-58e3a60fe033","8/5/2026 22:20:54.271291","8/5/2026 22:29:54.291887","570","8/5/2026 22:20:54.271291"
"15064","10481","c2187cda-e6d1-4537-b074-2f29ea4c74cf","8/5/2026 22:00:50.440379","8/5/2026 22:09:50.448124","570","8/5/2026 22:00:50.440379"
"15067","2576","4b24dfef-a46b-4fa6-9cd4-3ff513560d8a","8/5/2026 22:00:56.546982","8/5/2026 22:09:49.996913","570","8/5/2026 22:00:56.546982"
"15065","2309","114aa7e7-e865-4de8-bc5c-5885c06cad27","8/5/2026 22:00:50.666852","8/5/2026 22:09:50.670899","570","8/5/2026 22:00:50.666852"
"15178","10481","81ce0823-905a-4871-adca-9fd6d1fd352c","8/5/2026 22:20:54.057381","8/5/2026 22:29:54.075406","570","8/5/2026 22:20:54.057381"
"15676","2309","c19b6dc8-5dca-48a9-b471-50ed4fa73fdc","8/5/2026 23:40:51.991742","8/5/2026 23:49:52.050337","570","8/5/2026 23:40:51.991742"
"15940","2305","874e88d4-d118-4ebe-9955-7c78c67e701a","9/5/2026 00:20:54.522086","9/5/2026 00:29:54.176711","570","9/5/2026 00:20:54.522086"
"15938","10481","35ae22ee-4e95-4529-8c41-ef2ebc10dfef","9/5/2026 00:20:54.201609","9/5/2026 00:29:54.204642","570","9/5/2026 00:20:54.201609"
"15939","2303","ab66a8a0-7288-41a6-852e-63be14b7b2e9","9/5/2026 00:20:54.370427","9/5/2026 00:29:54.41847","570","9/5/2026 00:20:54.370427"
"15941","2309","50f90d3f-dcc7-4ceb-8bc7-a86f1fe1d71a","9/5/2026 00:20:55.371007","9/5/2026 00:29:55.386764","570","9/5/2026 00:20:55.371007"
"15803","8228","d8504173-ac94-4345-9b72-26b2d65390a2","9/5/2026 00:00:49.30906","9/5/2026 00:09:49.322399","570","9/5/2026 00:00:49.30906"
"15804","2305","2a396ae9-1e51-4416-8a09-f45a371b9b56","9/5/2026 00:00:50.315018","9/5/2026 00:09:50.357798","570","9/5/2026 00:00:50.315018"
"15556","8228","73ee67d6-0131-48cc-b8cf-a8f228e08116","8/5/2026 23:20:50.101715","8/5/2026 23:29:50.086702","570","8/5/2026 23:20:50.101715"
"15557","2305","a0b65448-915e-47a4-b208-eefdd8726bcf","8/5/2026 23:20:50.149575","8/5/2026 23:29:50.091731","570","8/5/2026 23:20:50.149575"
"15559","2309","d33a7eb5-4958-4b32-9566-198292cf0d76","8/5/2026 23:20:50.903149","8/5/2026 23:29:50.887167","570","8/5/2026 23:20:50.903149"
"15558","2285","ae51550c-e034-4c36-b084-07e737acd948","8/5/2026 23:20:50.882153","8/5/2026 23:29:50.921014","570","8/5/2026 23:20:50.882153"
"15560","2303","3cd3981e-6d6f-469e-a989-3cee373073a8","8/5/2026 23:20:51.258223","8/5/2026 23:29:51.192688","570","8/5/2026 23:20:51.258223"
"15177","8228","4dcb9343-939a-4a80-8c2b-ecf9b63c1068","8/5/2026 22:20:53.778247","8/5/2026 22:29:53.779004","570","8/5/2026 22:20:53.778247"
"15180","2303","932669d6-820a-45ae-8967-734abbe26221","8/5/2026 22:20:54.305802","8/5/2026 22:29:54.353354","570","8/5/2026 22:20:54.305802"
"15181","2305","44149831-0e9a-4516-beb7-67d90afb47f4","8/5/2026 22:20:55.395635","8/5/2026 22:29:55.385962","570","8/5/2026 22:20:55.395635"
"15182","2576","848a78a0-a2bc-4536-8ec8-6746adfbbbd3","8/5/2026 22:20:55.418493","8/5/2026 22:29:55.439184","570","8/5/2026 22:20:55.418493"
"15183","2285","e8f71fd9-ed63-4876-9fc0-36ed6cf3402c","8/5/2026 22:20:55.935483","8/5/2026 22:29:55.969847","570","8/5/2026 22:20:55.935483"
"15561","10481","0600b406-a898-4251-99ea-78e73d1a92a6","8/5/2026 23:20:54.451569","8/5/2026 23:29:54.443783","570","8/5/2026 23:20:54.451569"
"15805","2285","896c594d-7953-4ca7-b4d2-0bacb8a68867","9/5/2026 00:00:50.564015","9/5/2026 00:09:50.525277","570","9/5/2026 00:00:50.564015"
"15806","10481","098f8c38-9e53-4340-b41c-b3a8c76c954a","9/5/2026 00:00:50.6877","9/5/2026 00:09:50.706521","570","9/5/2026 00:00:50.6877"
"15807","2309","053ab359-356d-46cb-b9af-10de58541739","9/5/2026 00:00:50.727545","9/5/2026 00:09:50.787287","570","9/5/2026 00:00:50.727545"
"15808","2576","25e5cce2-a116-428e-95a7-a27480ad0928","9/5/2026 00:00:50.881347","9/5/2026 00:09:50.878601","570","9/5/2026 00:00:50.881347"
"15310","2576","38f9c5b0-3140-4e09-a613-66adbf02b43f","8/5/2026 22:40:49.718909","8/5/2026 22:49:49.738999","570","8/5/2026 22:40:49.718909"
"15314","10481","23783cc9-7be8-4788-a838-b38558c1f034","8/5/2026 22:40:50.259847","8/5/2026 22:49:49.79139","570","8/5/2026 22:40:50.259847"
"15311","8228","6201fd0b-d551-4a68-b166-672982e427d9","8/5/2026 22:40:49.84741","8/5/2026 22:49:49.856796","570","8/5/2026 22:40:49.84741"
"15312","2305","2deaef24-3b8f-4a7b-81c6-805709a06357","8/5/2026 22:40:49.927217","8/5/2026 22:49:49.959564","570","8/5/2026 22:40:49.927217"
"15313","2285","9a59a320-2fe2-4c98-9400-650710753f17","8/5/2026 22:40:50.230899","8/5/2026 22:49:50.212022","570","8/5/2026 22:40:50.230899"
"15315","2309","2a6f6339-7c78-4f55-97d2-ded5e79c814e","8/5/2026 22:40:50.98721","8/5/2026 22:49:50.942213","570","8/5/2026 22:40:50.98721"
"15316","2303","f4664c24-a5de-40cf-9e19-09adb208d4dc","8/5/2026 22:40:51.013336","8/5/2026 22:49:51.000582","570","8/5/2026 22:40:51.013336"
"15809","2303","ce10b0e1-a925-4088-80f9-2badc33619d0","9/5/2026 00:00:51.022119","9/5/2026 00:09:50.993354","570","9/5/2026 00:00:51.022119"
"15443","2285","3b5178e3-22ed-4d9b-98c7-15802e09379a","8/5/2026 23:00:50.474004","8/5/2026 23:09:50.480264","570","8/5/2026 23:00:50.474004"
"15444","8228","5eedf2c8-e635-4179-8df4-6f623de689d7","8/5/2026 23:00:50.533415","8/5/2026 23:09:50.54172","570","8/5/2026 23:00:50.533415"
"15445","2305","c3f10704-226b-4307-a05b-12d17f185310","8/5/2026 23:00:50.606143","8/5/2026 23:09:50.593528","570","8/5/2026 23:00:50.606143"
"15446","2303","8d289789-a352-410d-93b4-53b4de33dd77","8/5/2026 23:00:50.895464","8/5/2026 23:09:50.872285","570","8/5/2026 23:00:50.895464"
"15447","2309","7c4e8a7d-6331-48b4-a29e-1ca5a96e2ced","8/5/2026 23:00:51.517187","8/5/2026 23:09:51.512199","570","8/5/2026 23:00:51.517187"
"15448","10481","d7578c64-255b-4125-8bc5-dce3ec02c147","8/5/2026 23:00:51.861694","8/5/2026 23:09:51.891904","570","8/5/2026 23:00:51.861694"
"16055","2576","83afd476-e39e-404a-bde8-a0627a51d143","9/5/2026 00:40:51.316058","9/5/2026 00:49:51.393418","570","9/5/2026 00:40:51.316058"
"16056","10481","375a41cd-0626-4419-a141-6fb66392d5ed","9/5/2026 00:40:52.843219","9/5/2026 00:49:52.846922","570","9/5/2026 00:40:52.843219"
"15670","8228","3e0f800e-fd76-4e42-aa22-b91e4755ffba","8/5/2026 23:40:50.30525","8/5/2026 23:49:50.294413","570","8/5/2026 23:40:50.30525"
"15671","2305","d775d213-35c5-4888-86cd-cac4fed46f42","8/5/2026 23:40:50.372253","8/5/2026 23:49:50.385967","570","8/5/2026 23:40:50.372253"
"15672","2303","3942aef1-af14-4349-a9e3-0afd04a0f245","8/5/2026 23:40:50.611991","8/5/2026 23:49:50.631888","570","8/5/2026 23:40:50.611991"
"15673","10481","bc138b3c-e66c-4611-aa4b-69825723c29d","8/5/2026 23:40:50.802022","8/5/2026 23:49:50.77964","570","8/5/2026 23:40:50.802022"
"15674","2576","e326947a-239e-4407-af93-1abf87cf9164","8/5/2026 23:40:50.855347","8/5/2026 23:49:50.911341","570","8/5/2026 23:40:50.855347"
"15675","2285","6393e7d6-99ba-4185-9d25-8e6fc9d2baee","8/5/2026 23:40:50.947587","8/5/2026 23:49:50.989273","570","8/5/2026 23:40:50.947587"
"16188","2285","f31530be-38e1-48c6-9403-20d626b1fdeb","9/5/2026 01:00:54.601741","9/5/2026 01:09:54.657459","570","9/5/2026 01:00:54.601741"
"15936","8228","32507957-b91d-4740-b577-300956f7a0c5","9/5/2026 00:20:53.813252","9/5/2026 00:29:53.810015","570","9/5/2026 00:20:53.813252"
"15937","2285","0522edaa-b0d7-4e9c-bb92-d99e2ed31346","9/5/2026 00:20:54.120378","9/5/2026 00:29:54.120232","570","9/5/2026 00:20:54.120378"
"16298","2576","69e47452-7b6b-4ca6-912a-d1321146cb2c","9/5/2026 01:20:56.093757","9/5/2026 01:29:56.134518","570","9/5/2026 01:20:56.093757"
"16302","2303","9669a30b-08a2-4a09-887b-4234c264a39d","9/5/2026 01:20:57.442503","9/5/2026 01:29:57.548285","570","9/5/2026 01:20:57.442503"
"16050","8228","5656cf76-2c05-4298-843a-81bbe2acdc70","9/5/2026 00:40:49.199356","9/5/2026 00:49:49.193912","570","9/5/2026 00:40:49.199356"
"16051","2305","0fb2a824-d9c0-4675-ab85-92b19554af3e","9/5/2026 00:40:49.899658","9/5/2026 00:49:49.963208","570","9/5/2026 00:40:49.899658"
"16052","2303","617fdc97-1b0c-4492-93c0-b66323f804a2","9/5/2026 00:40:50.069131","9/5/2026 00:49:50.123333","570","9/5/2026 00:40:50.069131"
"16053","2285","53f2139a-d8d8-43f1-aae5-85522d1b9535","9/5/2026 00:40:50.900406","9/5/2026 00:49:50.895681","570","9/5/2026 00:40:50.900406"
"16054","2309","3db5217c-e2ba-468a-a570-ef6424f96dbf","9/5/2026 00:40:50.951088","9/5/2026 00:49:50.916442","570","9/5/2026 00:40:50.951088"
"16183","2305","c6a570fd-9ed9-45a6-a4af-8817493b56c8","9/5/2026 01:00:50.251585","9/5/2026 01:09:50.243308","570","9/5/2026 01:00:50.251585"
"16184","2576","90c1bfc7-a553-43a3-9158-0336d76eab23","9/5/2026 01:00:50.598239","9/5/2026 01:09:50.610194","570","9/5/2026 01:00:50.598239"
"16185","2303","6401eb12-1972-4983-a9bd-875e7637480d","9/5/2026 01:00:51.030385","9/5/2026 01:09:51.070183","570","9/5/2026 01:00:51.030385"
"16186","2309","4eea2de4-9d85-4683-9dff-b5851b6ca7d3","9/5/2026 01:00:51.5027","9/5/2026 01:09:51.492381","570","9/5/2026 01:00:51.5027"
"16187","10481","106bc395-4c20-4e3c-9599-30e8089e7901","9/5/2026 01:00:52.764266","9/5/2026 01:09:52.609956","570","9/5/2026 01:00:52.764266"
"16301","2305","f3e467be-0cc0-4d0b-b01c-c3f69693363f","9/5/2026 01:20:57.246396","9/5/2026 01:29:57.226078","570","9/5/2026 01:20:57.246396"
"16435","2309","cdcb5987-20aa-4771-a31e-eedef4e0d698","9/5/2026 01:40:51.490195","9/5/2026 01:49:51.482788","570","9/5/2026 01:40:51.490195"
"16303","2285","f8f421f8-5e7d-4b06-9a1c-4584c5730715","9/5/2026 01:20:57.903178","9/5/2026 01:29:57.919962","570","9/5/2026 01:20:57.903178"
"16297","8228","edf02b73-e959-4922-b68d-ebdc4a3f5979","9/5/2026 01:20:55.880448","9/5/2026 01:29:55.875497","570","9/5/2026 01:20:55.880448"
"16300","2309","5349d891-517d-406b-a3e5-45c10c4ceac8","9/5/2026 01:20:57.213793","9/5/2026 01:29:57.316119","570","9/5/2026 01:20:57.213793"
"16299","10481","0e5cee62-fa4a-416f-be09-d019f5d399e4","9/5/2026 01:20:56.446337","9/5/2026 01:29:56.404267","570","9/5/2026 01:20:56.446337"
"24703","8228","fa8fb5dc-f1c8-4ac8-9c93-28e8942ed4b1","9/5/2026 22:20:49.804816","9/5/2026 22:29:49.80434","570","9/5/2026 22:20:49.804816"
"16429","10481","f11ea9e7-1315-47bb-8559-3b842aea6c3a","9/5/2026 01:40:50.183216","9/5/2026 01:49:50.174162","570","9/5/2026 01:40:50.183216"
"16430","2576","c6665644-7153-49e1-85d9-a29eb7a22041","9/5/2026 01:40:50.303262","9/5/2026 01:49:50.342517","570","9/5/2026 01:40:50.303262"
"16434","2285","cf686438-8623-4df1-a65f-33146634b94d","9/5/2026 01:40:51.25597","9/5/2026 01:49:51.275347","570","9/5/2026 01:40:51.25597"
"24838","2309","aac29431-ec76-45d3-bbb2-f7e18e1d8a37","9/5/2026 22:40:50.312431","9/5/2026 22:49:50.257867","570","9/5/2026 22:40:50.312431"
"24954","2303","5aa82ef6-80c1-4857-b246-b266ef7be49c","9/5/2026 23:00:51.181506","9/5/2026 23:09:51.162719","570","9/5/2026 23:00:51.181506"
"17075","2303","211995e6-8a33-4a45-8b59-52b8f5f46ca4","9/5/2026 03:20:54.901407","9/5/2026 03:29:54.852985","570","9/5/2026 03:20:54.901407"
"16562","8228","4cfabadb-6f68-4864-a7dc-acacac41e7fd","9/5/2026 02:00:49.668463","9/5/2026 02:09:49.667923","570","9/5/2026 02:00:49.668463"
"16563","2576","9f491061-4876-4ec0-9123-8f5356cd42f3","9/5/2026 02:00:50.747935","9/5/2026 02:09:50.821406","570","9/5/2026 02:00:50.747935"
"16564","2309","532d3ba3-a27f-443d-9706-fad791c6f6b9","9/5/2026 02:00:50.868302","9/5/2026 02:09:50.852338","570","9/5/2026 02:00:50.868302"
"16565","2303","e51d3080-7a3f-49f5-b2d3-8499f0334f7c","9/5/2026 02:00:50.997474","9/5/2026 02:09:51.033366","570","9/5/2026 02:00:50.997474"
"16566","10481","47918892-43cd-4828-a260-ee4dd78b0461","9/5/2026 02:00:53.412416","9/5/2026 02:09:53.415609","570","9/5/2026 02:00:53.412416"
"16567","2305","b7c72d42-77a8-43f5-b230-ef1a2c5e2640","9/5/2026 02:00:54.267524","9/5/2026 02:09:54.281796","570","9/5/2026 02:00:54.267524"
"17074","2305","aa208837-4e83-47d7-a934-6f8de9b4b7c2","9/5/2026 03:20:54.839795","9/5/2026 03:29:54.927207","570","9/5/2026 03:20:54.839795"
"16431","2305","216a591f-e4a0-414b-8dcd-b8eb6745ffbc","9/5/2026 01:40:50.416707","9/5/2026 01:49:50.441063","570","9/5/2026 01:40:50.416707"
"16432","2303","611c2b1d-5fa9-4e23-8f07-e501779312a4","9/5/2026 01:40:50.571798","9/5/2026 01:49:50.577579","570","9/5/2026 01:40:50.571798"
"16433","8228","3928a7ea-d524-43fd-8a3c-c3cea45f90bd","9/5/2026 01:40:50.679419","9/5/2026 01:49:50.757227","570","9/5/2026 01:40:50.679419"
"17076","8228","4aec5a4b-17d0-4fdf-a202-407b2b2ef94a","9/5/2026 03:20:55.129387","9/5/2026 03:29:55.109366","570","9/5/2026 03:20:55.129387"
"17077","2285","2c569b11-b633-4042-b54c-fb69c7370c4f","9/5/2026 03:20:55.374366","9/5/2026 03:29:55.485771","570","9/5/2026 03:20:55.374366"
"17078","2309","47e08457-fc33-4d22-b12e-9a6ad2237c76","9/5/2026 03:20:55.793192","9/5/2026 03:29:55.878368","570","9/5/2026 03:20:55.793192"
"17079","2576","9c61bbdb-b8ea-4e5c-b270-98076d14f1d3","9/5/2026 03:20:56.234243","9/5/2026 03:29:56.207707","570","9/5/2026 03:20:56.234243"
"16809","2303","8e5595af-93ca-40cb-97b1-8b0bbf1fe428","9/5/2026 02:40:49.728879","9/5/2026 02:49:49.8582","570","9/5/2026 02:40:49.728879"
"16810","8228","dfec5da9-0b4a-40bc-bff3-2053096d3edb","9/5/2026 02:40:49.871849","9/5/2026 02:49:49.867548","570","9/5/2026 02:40:49.871849"
"16811","2305","d98fc9a2-1a68-4fe5-a60a-61dd1b22e599","9/5/2026 02:40:50.250126","9/5/2026 02:49:50.217278","570","9/5/2026 02:40:50.250126"
"16812","10481","51eb8402-a475-4130-a990-818cebea8edf","9/5/2026 02:40:50.357736","9/5/2026 02:49:50.353393","570","9/5/2026 02:40:50.357736"
"16813","2309","6d4d1012-6420-4903-8f18-2cc9ad22db10","9/5/2026 02:40:50.635672","9/5/2026 02:49:50.74644","570","9/5/2026 02:40:50.635672"
"16815","2576","35f415a2-4054-42d6-860e-1944e5842c7d","9/5/2026 02:40:51.078498","9/5/2026 02:49:51.078739","570","9/5/2026 02:40:51.078498"
"16814","2285","53aae963-0144-4c8a-8256-0f793c101c96","9/5/2026 02:40:51.072673","9/5/2026 02:49:51.157717","570","9/5/2026 02:40:51.072673"
"16676","8228","98297e9d-d8b5-4ae7-a9ab-f2eef09dd5b8","9/5/2026 02:20:53.534075","9/5/2026 02:29:53.547453","570","9/5/2026 02:20:53.534075"
"16677","10481","4e2de9c0-57f9-43ff-8200-28689b433908","9/5/2026 02:20:54.137341","9/5/2026 02:29:54.133538","570","9/5/2026 02:20:54.137341"
"16679","2285","b140d982-8946-41b6-b9bd-8c2b7d44a77f","9/5/2026 02:20:54.877214","9/5/2026 02:29:54.87948","570","9/5/2026 02:20:54.877214"
"16678","2309","a285b1d8-589c-457c-8a3d-51df9ed0c34e","9/5/2026 02:20:54.857767","9/5/2026 02:29:54.916793","570","9/5/2026 02:20:54.857767"
"16680","2576","c429f7d3-296a-41a0-a439-be72152c6cae","9/5/2026 02:20:55.486773","9/5/2026 02:29:55.521583","570","9/5/2026 02:20:55.486773"
"16681","2305","86de7cd6-366e-4343-806f-a8d2ec2ced23","9/5/2026 02:20:55.654622","9/5/2026 02:29:55.65915","570","9/5/2026 02:20:55.654622"
"16682","2303","9c592427-cd75-4da8-82e6-af99723c5dcc","9/5/2026 02:20:56.492838","9/5/2026 02:29:56.548397","570","9/5/2026 02:20:56.492838"
"17484","8228","f641ee00-75a1-4f84-9cf7-673f77878850","9/5/2026 04:20:56.782598","9/5/2026 04:29:56.896412","570","9/5/2026 04:20:56.782598"
"17485","2303","f421ffe2-c987-4648-aea2-8be655197dfd","9/5/2026 04:20:56.96673","9/5/2026 04:29:56.959837","570","9/5/2026 04:20:56.96673"
"17206","10481","ac7bb42f-e103-4b25-a6af-76220d510f80","9/5/2026 03:40:49.811227","9/5/2026 03:49:49.770068","570","9/5/2026 03:40:49.811227"
"17207","2305","f1a6a63e-1034-4d8f-84e8-cc21a945e205","9/5/2026 03:40:49.926224","9/5/2026 03:49:49.924138","570","9/5/2026 03:40:49.926224"
"17208","2576","d01f9a40-ac69-40bb-a834-13fac217a9a8","9/5/2026 03:40:49.990922","9/5/2026 03:49:49.987141","570","9/5/2026 03:40:49.990922"
"17210","2303","0b9d3439-0a98-4ccc-bd6f-4a0c7286df72","9/5/2026 03:40:50.463098","9/5/2026 03:49:50.452891","570","9/5/2026 03:40:50.463098"
"17211","2285","52938033-f900-4553-8ed4-3bbdeb0348b5","9/5/2026 03:40:50.760323","9/5/2026 03:49:50.747697","570","9/5/2026 03:40:50.760323"
"17209","2162","0cead909-4892-4f5d-9b7d-e87a0d4bc6f3","9/5/2026 03:40:50.23718","9/5/2026 03:45:20.238189","300","9/5/2026 03:40:50.23718"
"17212","2309","2fa3f9f9-a19e-4459-a96c-dd25d5757bc6","9/5/2026 03:40:51.566954","9/5/2026 03:49:51.633198","570","9/5/2026 03:40:51.566954"
"17213","8228","0964af1a-65c7-476f-8601-f5081bec78bc","9/5/2026 03:40:53.100664","9/5/2026 03:49:53.0891","570","9/5/2026 03:40:53.100664"
"16941","8228","996d0eab-a3d7-4809-b82a-7b5b83715a8b","9/5/2026 03:00:49.064154","9/5/2026 03:09:49.058906","570","9/5/2026 03:00:49.064154"
"16942","2576","b380c8e6-6b2e-49fd-af67-0aab44d58f0e","9/5/2026 03:00:49.97487","9/5/2026 03:09:49.961615","570","9/5/2026 03:00:49.97487"
"16943","2303","e9804e72-a8cb-4e20-8f62-48b7d2c0385e","9/5/2026 03:00:50.284247","9/5/2026 03:09:50.363359","570","9/5/2026 03:00:50.284247"
"16944","2305","3b92c958-037d-400c-aef0-ea7a3daf3831","9/5/2026 03:00:50.477545","9/5/2026 03:09:50.509209","570","9/5/2026 03:00:50.477545"
"16945","2285","9a0bef44-1727-43ef-bafb-d12e1774c4a2","9/5/2026 03:00:51.134249","9/5/2026 03:09:51.119972","570","9/5/2026 03:00:51.134249"
"16946","10481","7de5ba9c-2922-434e-8bd9-6988d8996e7c","9/5/2026 03:00:51.324108","9/5/2026 03:09:51.385906","570","9/5/2026 03:00:51.324108"
"16947","2309","9156660f-b898-43b7-a950-940b4c84eee4","9/5/2026 03:00:51.555969","9/5/2026 03:09:51.621629","570","9/5/2026 03:00:51.555969"
"24839","2576","7ee70ef9-b92a-404f-8440-de8ae0a31671","9/5/2026 22:40:50.540917","9/5/2026 22:49:50.541975","570","9/5/2026 22:40:50.540917"
"17486","2305","fe1956a7-c382-400b-933e-c69276219738","9/5/2026 04:20:57.57077","9/5/2026 04:29:57.489173","570","9/5/2026 04:20:57.57077"
"17073","10481","bacb1f13-c252-4d46-81a5-2382747b1139","9/5/2026 03:20:54.685652","9/5/2026 03:29:54.68757","570","9/5/2026 03:20:54.685652"
"17482","10481","9176ad11-3d43-4f30-9408-122172232ce1","9/5/2026 04:20:56.333115","9/5/2026 04:29:56.303327","570","9/5/2026 04:20:56.333115"
"17349","8228","d940d6ec-4cc6-4b9e-bfef-37dc9ccc4fea","9/5/2026 04:00:49.365247","9/5/2026 04:09:49.369456","570","9/5/2026 04:00:49.365247"
"17350","2303","1c8c4bdc-af81-4f58-a577-3a06f295ea69","9/5/2026 04:00:49.906024","9/5/2026 04:09:49.916656","570","9/5/2026 04:00:49.906024"
"17351","2576","ff3255f5-f6af-4a5f-8a72-39a7af10603a","9/5/2026 04:00:50.000772","9/5/2026 04:09:50.035344","570","9/5/2026 04:00:50.000772"
"17352","2305","4d64d10f-7d45-47ff-8643-69323cd6a4eb","9/5/2026 04:00:50.130383","9/5/2026 04:09:50.186307","570","9/5/2026 04:00:50.130383"
"17353","10481","0aef98d2-146e-4b24-8776-ac03036931cd","9/5/2026 04:00:50.312879","9/5/2026 04:09:50.372473","570","9/5/2026 04:00:50.312879"
"17354","2285","2bf36df0-0063-4b4e-ba43-d69ab6ea13fa","9/5/2026 04:00:50.603902","9/5/2026 04:09:50.670206","570","9/5/2026 04:00:50.603902"
"17483","2576","d2a4f15b-569c-4d51-867c-44e6ad404273","9/5/2026 04:20:56.639654","9/5/2026 04:29:56.652334","570","9/5/2026 04:20:56.639654"
"17487","2309","506639dc-1468-40f5-8096-2ebe9fb228f7","9/5/2026 04:20:57.612723","9/5/2026 04:29:57.637167","570","9/5/2026 04:20:57.612723"
"25218","2576","139811f1-099c-49ba-afa8-de73ee7087bd","9/5/2026 23:40:50.417159","9/5/2026 23:49:50.443084","570","9/5/2026 23:40:50.417159"
"24955","2309","64ceba0b-f658-45a4-ae1f-ff8c694f6868","9/5/2026 23:00:51.388781","9/5/2026 23:09:51.303735","570","9/5/2026 23:00:51.388781"
"24705","2305","f987bf0d-a387-4a5f-b872-cc11d78b377d","9/5/2026 22:20:50.135283","9/5/2026 22:29:50.166025","570","9/5/2026 22:20:50.135283"
"21008","10481","9f56bea1-603e-4fcf-8a7e-c0459665a1e2","9/5/2026 13:00:51.757927","9/5/2026 13:09:51.740404","570","9/5/2026 13:00:51.757927"
"17355","2309","c5b81d25-28ef-49f6-81f8-798b1e8f33a5","9/5/2026 04:00:50.760943","9/5/2026 04:09:50.756265","570","9/5/2026 04:00:50.760943"
"25085","2305","2d910a22-a942-4ec8-bd4c-f435fe986cd9","9/5/2026 23:20:58.695616","9/5/2026 23:29:58.671463","570","9/5/2026 23:20:58.695616"
"25086","10481","8ac040ad-6bf4-4370-8edd-a6b9dc8a2f12","9/5/2026 23:20:58.699643","9/5/2026 23:29:58.713104","570","9/5/2026 23:20:58.699643"
"25349","2303","f36a6666-db18-41c8-8f0d-22373269465f","10/5/2026 00:00:49.929735","10/5/2026 00:09:49.943011","570","10/5/2026 00:00:49.929735"
"25480","8228","33bb78ab-ffdd-4363-a816-24ee09962287","10/5/2026 00:20:49.23151","10/5/2026 00:29:49.193933","570","10/5/2026 00:20:49.23151"
"25729","2576","1d40b43e-bb15-4326-9eaa-b4656fe49f86","10/5/2026 01:00:50.266372","10/5/2026 01:09:50.220084","570","10/5/2026 01:00:50.266372"
"25597","2285","dfba1195-35c6-4c20-9172-d103b2cc9926","10/5/2026 00:40:53.339087","10/5/2026 00:49:51.211719","570","10/5/2026 00:40:53.339087"
"25727","2303","e22e5f8b-0ad0-41c6-ae4e-c1f15acf14f9","10/5/2026 01:00:50.137061","10/5/2026 01:09:50.105528","570","10/5/2026 01:00:50.137061"
"25840","2285","9a516410-81e1-41dd-82c0-0d6e7a27d484","10/5/2026 01:20:55.182307","10/5/2026 01:29:55.200018","570","10/5/2026 01:20:55.182307"
"31968","2303","a2a90211-c987-4340-9e39-9274e4ad0241","10/5/2026 17:00:49.834505","10/5/2026 17:09:49.887835","570","10/5/2026 17:00:49.834505"
"17917","2576","d41e8ed3-e261-4f6c-ae7a-272523b712fb","9/5/2026 05:20:57.647139","9/5/2026 05:29:57.638607","570","9/5/2026 05:20:57.647139"
"18269","2303","40fb6022-03da-4e49-8ff5-36770faae64c","9/5/2026 06:20:57.502413","9/5/2026 06:29:57.503446","570","9/5/2026 06:20:57.502413"
"18270","2285","50fb9cff-7297-489b-bec4-03d7a136bbe0","9/5/2026 06:20:57.563252","9/5/2026 06:29:57.548404","570","9/5/2026 06:20:57.563252"
"17615","8228","48239a77-e92f-4604-af50-e12fe174d30b","9/5/2026 04:40:49.7237","9/5/2026 04:49:49.718082","570","9/5/2026 04:40:49.7237"
"17488","2285","1b5d8ec4-b1d0-4dab-bd64-3a2e3d3f9a30","9/5/2026 04:21:01.230465","9/5/2026 04:30:01.298252","570","9/5/2026 04:21:01.230465"
"17616","2576","e00e33ef-bee5-4283-bb01-d36336862691","9/5/2026 04:40:49.806731","9/5/2026 04:49:49.950353","570","9/5/2026 04:40:49.806731"
"17617","10481","042a5b4b-c7ef-4389-b0ca-581581193a5f","9/5/2026 04:40:50.023404","9/5/2026 04:49:50.023356","570","9/5/2026 04:40:50.023404"
"17619","2303","cddcdcdf-ad4e-4e57-bdce-d3e0e87493e0","9/5/2026 04:40:50.224336","9/5/2026 04:49:50.197375","570","9/5/2026 04:40:50.224336"
"17618","2305","ac7eef1a-373d-45fc-8f2b-2b35a922551f","9/5/2026 04:40:50.198729","9/5/2026 04:49:50.24999","570","9/5/2026 04:40:50.198729"
"17620","2309","887e5327-58c0-4550-a512-cf15e94d9c10","9/5/2026 04:40:50.834098","9/5/2026 04:49:50.931596","570","9/5/2026 04:40:50.834098"
"17621","2285","684822d9-26da-4804-a2d3-de37567ae4dd","9/5/2026 04:40:51.648375","9/5/2026 04:49:51.649509","570","9/5/2026 04:40:51.648375"
"18268","10481","01adeae6-d971-4dc3-a16f-d27643dffa81","9/5/2026 06:20:57.367228","9/5/2026 06:23:57.458787","210","9/5/2026 06:20:57.367228"
"18542","2285","752a8505-bd08-47ac-91bd-9dec15514653","9/5/2026 07:00:51.759861","9/5/2026 07:09:51.792605","570","9/5/2026 07:00:51.759861"
"18383","2576","e9988a02-7ec2-45f5-9578-e096371a1369","9/5/2026 06:40:49.961164","9/5/2026 06:49:49.918547","570","9/5/2026 06:40:49.961164"
"17748","8228","7c70efb8-6e0b-4edb-b0f9-0c4bc5b59371","9/5/2026 05:00:49.603993","9/5/2026 05:09:49.608673","570","9/5/2026 05:00:49.603993"
"17749","2576","b90c686f-77fb-45e2-ba2d-c4156283dfdd","9/5/2026 05:00:50.02231","9/5/2026 05:09:50.02375","570","9/5/2026 05:00:50.02231"
"17751","2303","61fd1d0d-626a-44fb-aa42-4f823055b1e4","9/5/2026 05:00:50.131634","9/5/2026 05:09:50.160222","570","9/5/2026 05:00:50.131634"
"17752","2285","19de1736-6fdc-4f5f-94af-647006f0f91b","9/5/2026 05:00:51.057496","9/5/2026 05:09:51.089223","570","9/5/2026 05:00:51.057496"
"17753","2309","c53263dc-c6e9-4b77-b5b8-fe6e4bbdd093","9/5/2026 05:00:51.466066","9/5/2026 05:09:51.448204","570","9/5/2026 05:00:51.466066"
"18385","8228","d12ae080-5546-4daa-828c-1f53b81cecd4","9/5/2026 06:40:50.034194","9/5/2026 06:49:50.006573","570","9/5/2026 06:40:50.034194"
"18384","2303","b68759bb-06fa-4e11-9ebf-226d50c79147","9/5/2026 06:40:50.016368","9/5/2026 06:49:50.129201","570","9/5/2026 06:40:50.016368"
"18044","10481","23501a00-9326-4b09-9ae8-b391660071f8","9/5/2026 05:40:50.966014","9/5/2026 05:45:21.338692","300","9/5/2026 05:40:50.966014"
"18388","2162","55341b59-e32b-4019-9dc4-7877e364ea49","9/5/2026 06:40:50.669778","9/5/2026 06:49:50.650119","570","9/5/2026 06:40:50.669778"
"18164","8228","5088b535-2406-440d-9b18-1dd6be27e7f0","9/5/2026 06:00:49.446458","9/5/2026 06:09:49.446973","570","9/5/2026 06:00:49.446458"
"18165","2309","149a101b-633a-42ad-8bef-bbb27126ac0a","9/5/2026 06:00:50.571754","9/5/2026 06:09:50.515341","570","9/5/2026 06:00:50.571754"
"18166","2305","3e88aa55-ca80-4088-89a6-b58efbdb194a","9/5/2026 06:00:51.025839","9/5/2026 06:09:51.082447","570","9/5/2026 06:00:51.025839"
"18167","2303","d188cf83-4ac4-461e-99ef-f8f53783c19b","9/5/2026 06:00:51.261167","9/5/2026 06:09:51.250645","570","9/5/2026 06:00:51.261167"
"18168","2285","e8f7ac0c-30cf-44df-a1ad-b06f85cebbfb","9/5/2026 06:00:51.670761","9/5/2026 06:09:51.677009","570","9/5/2026 06:00:51.670761"
"18041","8228","9cc27b67-97ec-48cc-94ef-09d03e70f19f","9/5/2026 05:40:49.160017","9/5/2026 05:49:49.163675","570","9/5/2026 05:40:49.160017"
"18042","2576","ea266d01-607e-4821-8ac6-96ef7dd0d359","9/5/2026 05:40:49.770971","9/5/2026 05:49:49.783168","570","9/5/2026 05:40:49.770971"
"18043","2303","727a78e4-7a9c-4142-ac06-115ab108d554","9/5/2026 05:40:49.893909","9/5/2026 05:49:49.915466","570","9/5/2026 05:40:49.893909"
"18045","2285","d7a74bd4-d2c2-4251-b265-42e92056cf2c","9/5/2026 05:40:50.968554","9/5/2026 05:49:51.05295","570","9/5/2026 05:40:50.968554"
"18046","2305","c77147ef-6491-48eb-a0b8-1619780d68a3","9/5/2026 05:40:51.169566","9/5/2026 05:49:51.164781","570","9/5/2026 05:40:51.169566"
"18047","2309","b0448f0f-f015-46fd-b883-8bc971e45fda","9/5/2026 05:40:51.418024","9/5/2026 05:49:51.465367","570","9/5/2026 05:40:51.418024"
"17750","2305","f38f9a09-72be-43c5-a36f-fa952323c529","9/5/2026 05:00:50.124247","9/5/2026 05:29:50.170836","1770","9/5/2026 05:00:50.124247"
"17754","10481","78145457-4ac9-49e6-aab1-cf0625f29d9f","9/5/2026 05:00:51.528321","9/5/2026 05:29:50.282679","1770","9/5/2026 05:00:51.528321"
"17913","2303","aa0203f3-0e75-47f4-9574-0ca021448cae","9/5/2026 05:20:55.208755","9/5/2026 05:29:55.230176","570","9/5/2026 05:20:55.208755"
"17914","8228","493005c3-dc8b-4a3e-b9ab-ae2cd371f926","9/5/2026 05:20:55.467407","9/5/2026 05:29:55.469085","570","9/5/2026 05:20:55.467407"
"17915","2309","df308456-3221-403a-8ef6-df189203ef80","9/5/2026 05:20:55.701536","9/5/2026 05:29:55.698101","570","9/5/2026 05:20:55.701536"
"17916","2285","1d60fef9-4a06-4a7d-b90e-d1bd32f40ec4","9/5/2026 05:20:55.919213","9/5/2026 05:29:56.022738","570","9/5/2026 05:20:55.919213"
"18171","10481","8cce5e37-3af2-438e-ab97-355609f15996","9/5/2026 06:01:20.91901","9/5/2026 06:03:24.621606","180","9/5/2026 06:01:20.91901"
"18386","2309","7e26de59-5968-4eed-8097-05080e8be84f","9/5/2026 06:40:50.60201","9/5/2026 06:49:50.677139","570","9/5/2026 06:40:50.60201"
"18266","2309","5fcbd329-1274-450b-8250-0fd1a3fceb9f","9/5/2026 06:20:56.831373","9/5/2026 06:29:26.836105","540","9/5/2026 06:20:56.831373"
"18387","10481","07e368c3-e01e-4cf4-a469-93305a81a3f0","9/5/2026 06:40:50.652066","9/5/2026 06:49:50.7392","570","9/5/2026 06:40:50.652066"
"18691","2303","acf880e9-dd27-4717-b4e9-aa20fa1b01fa","9/5/2026 07:20:55.259804","9/5/2026 07:29:55.323338","570","9/5/2026 07:20:55.259804"
"18538","10481","5619aedf-f73c-4dbd-b4c0-3b79024c7b3f","9/5/2026 07:00:50.336648","9/5/2026 07:09:20.340582","540","9/5/2026 07:00:50.336648"
"18389","2305","7d5e2136-a6bc-4b00-aafc-36609b83a344","9/5/2026 06:40:51.099314","9/5/2026 06:49:51.065339","570","9/5/2026 06:40:51.099314"
"18689","10481","d5e14ffb-6ea6-43f6-94d2-9eb8d4d5133d","9/5/2026 07:20:54.977727","9/5/2026 07:29:54.907222","570","9/5/2026 07:20:54.977727"
"18264","8228","28c47076-660d-47bb-94eb-7568bdbb5be7","9/5/2026 06:20:55.665696","9/5/2026 06:29:55.734838","570","9/5/2026 06:20:55.665696"
"18265","2576","dbe33673-dc3a-4b6e-82f7-c4ac55f9bc82","9/5/2026 06:20:55.908928","9/5/2026 06:29:56.040091","570","9/5/2026 06:20:55.908928"
"18267","2305","ef0c9d4d-b7f4-4f39-aa5b-adff0a37a244","9/5/2026 06:20:56.908261","9/5/2026 06:29:56.982123","570","9/5/2026 06:20:56.908261"
"18535","8228","ceb9d896-4716-4e66-9943-3eaae443ef4d","9/5/2026 07:00:49.194337","9/5/2026 07:09:49.210731","570","9/5/2026 07:00:49.194337"
"18390","2285","ac02a409-cc12-4439-ae2d-8010eab90542","9/5/2026 06:40:51.568617","9/5/2026 06:49:51.525133","570","9/5/2026 06:40:51.568617"
"18537","2576","03065305-28fc-40b9-9cd0-8be77ed87f2d","9/5/2026 07:00:49.858521","9/5/2026 07:09:49.818757","570","9/5/2026 07:00:49.858521"
"18536","2305","943e3b93-c01b-4f9e-9f6a-1e47eca5b436","9/5/2026 07:00:49.847673","9/5/2026 07:09:49.965555","570","9/5/2026 07:00:49.847673"
"18539","2303","0d932a10-b525-43cd-9112-ee5a7c029152","9/5/2026 07:00:50.358765","9/5/2026 07:09:50.37935","570","9/5/2026 07:00:50.358765"
"18540","2162","0e06379b-e455-424c-9240-3e2970629abd","9/5/2026 07:00:50.486147","9/5/2026 07:09:50.456455","570","9/5/2026 07:00:50.486147"
"18541","2309","3c9e161b-1442-4609-a899-b7a57f88910f","9/5/2026 07:00:51.521741","9/5/2026 07:09:51.516658","570","9/5/2026 07:00:51.521741"
"18843","2285","978d4e55-3148-48d0-b8f6-8fa25367156b","9/5/2026 07:40:52.142864","9/5/2026 07:49:52.158688","570","9/5/2026 07:40:52.142864"
"18688","2305","5c4f6999-b01f-40dd-ac9b-10723b849458","9/5/2026 07:20:54.773206","9/5/2026 07:29:54.773326","570","9/5/2026 07:20:54.773206"
"18685","8228","47c7cd0b-fa95-4e38-9e14-7c479db82b79","9/5/2026 07:20:53.550213","9/5/2026 07:29:53.549225","570","9/5/2026 07:20:53.550213"
"18690","2576","691b5d2a-16d0-4bb1-8c08-1147816a4a20","9/5/2026 07:20:55.036378","9/5/2026 07:29:55.053236","570","9/5/2026 07:20:55.036378"
"18687","2162","3f9bd39f-a834-4aa8-8d1b-9532b34d32e4","9/5/2026 07:20:54.481715","9/5/2026 07:29:54.779418","570","9/5/2026 07:20:54.481715"
"18692","2285","32328a2b-d17d-45be-afc8-526b4299cb0f","9/5/2026 07:20:55.5357","9/5/2026 07:29:55.557276","570","9/5/2026 07:20:55.5357"
"18838","2576","8e381606-de76-47d2-852d-012a513cbd82","9/5/2026 07:40:50.273826","9/5/2026 07:49:50.272661","570","9/5/2026 07:40:50.273826"
"18686","2309","8d3df3a9-d8d5-456e-9de9-382a5ce21a2e","9/5/2026 07:20:54.443247","9/5/2026 07:29:54.461952","570","9/5/2026 07:20:54.443247"
"18839","2303","e0eb1ee8-4829-442d-8fde-751547895741","9/5/2026 07:40:50.281619","9/5/2026 07:49:50.303202","570","9/5/2026 07:40:50.281619"
"18837","8228","9de5d296-994d-4d03-8988-c16cbb17feb6","9/5/2026 07:40:49.355915","9/5/2026 07:49:49.37859","570","9/5/2026 07:40:49.355915"
"18842","10481","2d927a2e-ad2d-4b13-bacb-9a9daac8bd9e","9/5/2026 07:40:51.550891","9/5/2026 07:49:51.545589","570","9/5/2026 07:40:51.550891"
"18840","2305","112a07c7-85d9-4365-b2ca-6b0f7114bdcd","9/5/2026 07:40:50.471657","9/5/2026 07:49:50.52716","570","9/5/2026 07:40:50.471657"
"18841","2309","0cd074c9-ff55-41b5-b845-e34bb24ec8cd","9/5/2026 07:40:51.315827","9/5/2026 07:49:51.305623","570","9/5/2026 07:40:51.315827"
"50299","2214","c9f2c51a-47cc-4728-b0dc-4dfd206ee7ec","21/5/2026 12:00:52.2543","21/5/2026 12:09:52.140677","570","21/5/2026 12:00:52.2543"
"19135","2576","1be43d55-05c2-4eb0-9d57-218b8cc09b16","9/5/2026 08:20:55.322807","9/5/2026 08:29:55.321001","570","9/5/2026 08:20:55.322807"
"19136","2309","5d1925c3-7fc1-45dc-a818-22fddd4439b4","9/5/2026 08:20:55.470779","9/5/2026 08:29:55.360803","570","9/5/2026 08:20:55.470779"
"19137","2305","1481eea5-e66b-441b-a519-9ae227fadda2","9/5/2026 08:20:55.572075","9/5/2026 08:29:55.648848","570","9/5/2026 08:20:55.572075"
"19138","2285","b7e9aab9-228c-43f3-9861-e8db9f538d99","9/5/2026 08:20:56.574889","9/5/2026 08:29:56.692574","570","9/5/2026 08:20:56.574889"
"19661","10481","3eb7a1b8-5dfe-4560-9415-9d3d7ebb9575","9/5/2026 09:40:50.099498","9/5/2026 09:49:50.175871","570","9/5/2026 09:40:50.099498"
"19662","2305","abd021b5-90b1-4067-875a-bc8fc457ed83","9/5/2026 09:40:50.481982","9/5/2026 09:49:50.41935","570","9/5/2026 09:40:50.481982"
"19663","2285","ec9cc8b8-8ba8-4216-9a18-7ad00759b044","9/5/2026 09:40:50.583924","9/5/2026 09:49:50.585461","570","9/5/2026 09:40:50.583924"
"19664","8228","8534be47-1eb8-4d84-bd0c-cc9ad91357bf","9/5/2026 09:40:51.790518","9/5/2026 09:49:51.783402","570","9/5/2026 09:40:51.790518"
"19665","2309","1ae03bfb-20e1-471b-b508-5c813f60ac17","9/5/2026 09:40:52.426243","9/5/2026 09:49:52.521571","570","9/5/2026 09:40:52.426243"
"18844","2162","629dc16c-e315-4b9d-a3ff-bf329dd8792b","9/5/2026 07:40:54.752357","9/5/2026 07:49:50.752462","570","9/5/2026 07:40:54.752357"
"19396","8228","8445a48d-b652-41c4-a5b5-3cd86eb04dfc","9/5/2026 09:00:50.230187","9/5/2026 09:09:50.14944","570","9/5/2026 09:00:50.230187"
"19397","2305","ada776e7-9273-44fd-9f59-2aec6fc0e80d","9/5/2026 09:00:50.28796","9/5/2026 09:09:50.319574","570","9/5/2026 09:00:50.28796"
"19398","2576","a0d74b70-489c-405b-bd6c-9c57cea53084","9/5/2026 09:00:50.411273","9/5/2026 09:09:50.433327","570","9/5/2026 09:00:50.411273"
"19399","2285","91d99300-8ad2-4245-9b95-b7b035ae1f79","9/5/2026 09:00:51.15549","9/5/2026 09:09:51.155642","570","9/5/2026 09:00:51.15549"
"19400","2309","d704bddc-2486-4cfb-b2b9-1e6dda40a24b","9/5/2026 09:00:51.241257","9/5/2026 09:09:51.201695","570","9/5/2026 09:00:51.241257"
"19401","10481","aad2180e-8889-4e70-b982-999c70d76906","9/5/2026 09:00:51.55663","9/5/2026 09:09:51.588599","570","9/5/2026 09:00:51.55663"
"18995","2305","017686dd-b9e2-4b49-a749-e674a968f754","9/5/2026 08:01:14.902004","9/5/2026 08:09:44.930573","540","9/5/2026 08:01:14.902004"
"18988","8228","9043399b-297f-485e-8320-44df7eeb0fdb","9/5/2026 08:00:49.194659","9/5/2026 08:09:49.189312","570","9/5/2026 08:00:49.194659"
"18989","2303","3e68ece1-5825-4ef5-ab0e-741b6921d8ee","9/5/2026 08:00:49.987238","9/5/2026 08:09:49.966238","570","9/5/2026 08:00:49.987238"
"18990","10481","11bdbe0c-7531-4b6b-9da4-bcf1790b2d56","9/5/2026 08:00:50.198392","9/5/2026 08:09:50.201521","570","9/5/2026 08:00:50.198392"
"18992","2309","295fefc0-5f46-4fe5-a7cf-86d8df78f3b8","9/5/2026 08:00:50.793158","9/5/2026 08:09:50.791377","570","9/5/2026 08:00:50.793158"
"18991","2576","01e4e779-80e9-484d-a591-19e12ddc62df","9/5/2026 08:00:50.760949","9/5/2026 08:09:50.902623","570","9/5/2026 08:00:50.760949"
"18994","2285","a0f27ddd-3737-4704-99f4-886050119dbf","9/5/2026 08:00:51.848256","9/5/2026 08:09:51.886975","570","9/5/2026 08:00:51.848256"
"25977","2309","ae9c7655-2fde-4ce6-8bb0-07240ba8e0ab","10/5/2026 01:40:51.317232","10/5/2026 01:49:51.281953","570","10/5/2026 01:40:51.317232"
"24950","8228","bdd52e5f-959f-418f-9ecc-20fdfd1a668a","9/5/2026 23:00:50.404748","9/5/2026 23:09:50.445013","570","9/5/2026 23:00:50.404748"
"19526","8228","198da020-8d17-4ef4-8b99-a8fcc24bcd94","9/5/2026 09:20:49.936162","9/5/2026 09:29:49.958483","570","9/5/2026 09:20:49.936162"
"18993","2162","78333f76-5198-46e4-bba3-39fbbe771e13","9/5/2026 08:00:50.863271","9/5/2026 08:06:50.983454","390","9/5/2026 08:00:50.863271"
"19528","2303","d3adb310-8f86-4f3a-a490-e23c2bf79337","9/5/2026 09:20:50.062526","9/5/2026 09:29:50.099974","570","9/5/2026 09:20:50.062526"
"19527","10481","3e25dd6e-c94e-46ca-9b61-3c74ebf4a45f","9/5/2026 09:20:50.003597","9/5/2026 09:29:50.113594","570","9/5/2026 09:20:50.003597"
"19529","2576","71cdc29e-4ae0-4c71-8351-9e71ead17c68","9/5/2026 09:20:50.152658","9/5/2026 09:29:50.264258","570","9/5/2026 09:20:50.152658"
"19530","2305","16eff486-1026-4bfb-8555-d7d1f0bd7a40","9/5/2026 09:20:50.268799","9/5/2026 09:29:50.340259","570","9/5/2026 09:20:50.268799"
"19531","2309","dd2518e3-7cf2-451d-b352-28cb7f8fefaf","9/5/2026 09:20:50.486066","9/5/2026 09:29:50.476773","570","9/5/2026 09:20:50.486066"
"19532","2285","92562174-b79f-4b1e-a8d3-4c60c1897a3f","9/5/2026 09:20:52.136936","9/5/2026 09:29:52.119322","570","9/5/2026 09:20:52.136936"
"19264","10481","fcf51959-925f-4d30-b1d1-84fe442d6196","9/5/2026 08:40:49.956787","9/5/2026 08:49:49.941674","570","9/5/2026 08:40:49.956787"
"19265","2305","7637a313-a60f-48b3-aecd-4fe2b5d84ce4","9/5/2026 08:40:49.986795","9/5/2026 08:49:50.076985","570","9/5/2026 08:40:49.986795"
"19266","8228","4ff95a60-1dbc-4c65-b277-0f933468265a","9/5/2026 08:40:49.998581","9/5/2026 08:49:50.09193","570","9/5/2026 08:40:49.998581"
"19267","2303","989313bf-d3a4-4660-b922-75002a6e40ae","9/5/2026 08:40:50.309993","9/5/2026 08:49:50.356053","570","9/5/2026 08:40:50.309993"
"19268","2576","979e103b-ddad-4b70-9914-d194bea67a5f","9/5/2026 08:40:50.5693","9/5/2026 08:49:50.611914","570","9/5/2026 08:40:50.5693"
"19269","2309","61240e35-3a75-4f63-a3f9-2ed9b140bdb0","9/5/2026 08:40:51.071312","9/5/2026 08:49:51.071187","570","9/5/2026 08:40:51.071312"
"19132","8228","e6baf595-5316-4460-86c4-058ef8aafe43","9/5/2026 08:20:54.052703","9/5/2026 08:29:54.06671","570","9/5/2026 08:20:54.052703"
"19133","2303","bcf70eb8-4956-4640-ac5e-46e6174d64c9","9/5/2026 08:20:54.173556","9/5/2026 08:29:54.203681","570","9/5/2026 08:20:54.173556"
"19134","10481","faff4f2f-5301-4760-8c26-e1f4a610c0f9","9/5/2026 08:20:55.080385","9/5/2026 08:29:55.078012","570","9/5/2026 08:20:55.080385"
"19270","2285","84bbd53e-3224-4e11-bb95-94110a49d211","9/5/2026 08:40:51.914514","9/5/2026 08:49:51.947166","570","9/5/2026 08:40:51.914514"
"19395","2303","7442eff4-e20f-440c-aaf0-0be7eccac9a5","9/5/2026 09:00:49.643427","9/5/2026 09:09:19.784272","540","9/5/2026 09:00:49.643427"
"24709","2309","f4982404-2c33-44a8-b929-53b2ef1f32f8","9/5/2026 22:20:52.057547","9/5/2026 22:29:52.052129","570","9/5/2026 22:20:52.057547"
"26503","2305","1e39a0e7-ea20-4eeb-b1bd-cedc9ad1d135","10/5/2026 03:00:50.624572","10/5/2026 03:09:50.752697","570","10/5/2026 03:00:50.624572"
"25485","2309","fa439fd2-4c71-46a2-9ef3-daa81d993daa","10/5/2026 00:20:50.966353","10/5/2026 00:29:50.971868","570","10/5/2026 00:20:50.966353"
"21134","10481","1f3e2301-b271-4786-8c48-77046bb7747a","9/5/2026 13:20:53.641094","9/5/2026 13:29:53.731475","570","9/5/2026 13:20:53.641094"
"21135","8228","f5b042ba-7b70-4861-996e-6fb2b31a0e7c","9/5/2026 13:20:53.70101","9/5/2026 13:29:53.781496","570","9/5/2026 13:20:53.70101"
"24841","2285","c355d900-b497-4f0e-bd1a-3e6cbe08aaf1","9/5/2026 22:40:51.833955","9/5/2026 22:49:51.820357","570","9/5/2026 22:40:51.833955"
"21137","2576","6e9fcf96-823f-4abf-986a-9f1899c9e268","9/5/2026 13:20:54.828418","9/5/2026 13:29:54.901119","570","9/5/2026 13:20:54.828418"
"21002","8228","55893ddf-4a21-480b-b0cc-f723961291ce","9/5/2026 13:00:50.04298","9/5/2026 13:09:50.186831","570","9/5/2026 13:00:50.04298"
"21003","2576","c87fac26-ec84-4285-b40d-9c902436cbfe","9/5/2026 13:00:50.335722","9/5/2026 13:09:50.333121","570","9/5/2026 13:00:50.335722"
"21005","2305","46d8fe82-8ad4-4d07-b499-59d2b296e895","9/5/2026 13:00:51.235218","9/5/2026 13:09:51.216825","570","9/5/2026 13:00:51.235218"
"19660","2303","32e54e93-a5cf-4542-9ec5-b591227e9ce3","9/5/2026 09:40:50.08384","9/5/2026 09:49:50.088256","570","9/5/2026 09:40:50.08384"
"19659","2576","ed577455-fc5c-40f7-bb65-25f248f23f06","9/5/2026 09:40:49.969917","9/5/2026 09:49:50.112187","570","9/5/2026 09:40:49.969917"
"21140","2285","8d5e5966-e7d7-471b-9fc2-0e4ba69f48d2","9/5/2026 13:20:55.329851","9/5/2026 13:29:55.365824","570","9/5/2026 13:20:55.329851"
"21139","2305","dd781104-1ff9-4c51-b872-077e8ec9c734","9/5/2026 13:20:55.282827","9/5/2026 13:29:55.386305","570","9/5/2026 13:20:55.282827"
"25215","10481","00a8c098-d4bd-4e87-adf8-714602213329","9/5/2026 23:40:49.856877","9/5/2026 23:49:49.905965","570","9/5/2026 23:40:49.856877"
"25216","8228","6f7c53b5-fb28-4455-b772-c5e29b67810b","9/5/2026 23:40:50.300166","9/5/2026 23:49:50.304441","570","9/5/2026 23:40:50.300166"
"25089","2285","0c504821-0418-481b-9411-9a1c642c7006","9/5/2026 23:21:00.540804","9/5/2026 23:30:00.546232","570","9/5/2026 23:21:00.540804"
"25838","8228","abd4ac52-0ae3-45a4-8d21-84b572ac1df2","10/5/2026 01:20:54.078947","10/5/2026 01:29:54.074818","570","10/5/2026 01:20:54.078947"
"25354","2285","2f83e782-1f73-45b7-a563-0cf4ab46a73d","10/5/2026 00:00:52.789233","10/5/2026 00:09:52.843031","570","10/5/2026 00:00:52.789233"
"25598","2303","93474f1e-f236-4551-aa2c-070aa4d8909e","10/5/2026 00:40:53.386529","10/5/2026 00:49:53.454757","570","10/5/2026 00:40:53.386529"
"25844","2305","6573563b-ebff-4260-86a4-e8dc21e813d9","10/5/2026 01:20:57.89541","10/5/2026 01:29:56.983478","570","10/5/2026 01:20:57.89541"
"25728","2285","2fd839a9-ff25-40f9-ae28-552465b7e5d5","10/5/2026 01:00:50.218324","10/5/2026 01:09:50.249079","570","10/5/2026 01:00:50.218324"
"26106","8228","b35b3f72-c51f-44cb-a7d0-cfbaf5f779a0","10/5/2026 02:00:50.596148","10/5/2026 02:09:50.595289","570","10/5/2026 02:00:50.596148"
"26238","2309","5bab0b62-7c11-463a-baab-b8a953bb49c8","10/5/2026 02:20:55.076598","10/5/2026 02:29:55.092246","570","10/5/2026 02:20:55.076598"
"26236","2576","f950086a-2076-4abc-8353-9939327aab36","10/5/2026 02:20:54.363289","10/5/2026 02:29:54.435365","570","10/5/2026 02:20:54.363289"
"26371","2305","a1b3739e-9719-49a1-ad9d-58594dc67070","10/5/2026 02:40:51.336649","10/5/2026 02:49:51.331322","570","10/5/2026 02:40:51.336649"
"26502","10481","7d425188-2b77-480d-bdfc-2ef988449dda","10/5/2026 03:00:50.263169","10/5/2026 03:09:50.256778","570","10/5/2026 03:00:50.263169"
"51361","2576","70adf464-5c17-422a-915f-7248e6930d44","25/5/2026 08:07:34.02202","25/5/2026 08:09:34.107893","150","25/5/2026 08:07:34.02202"
"19791","8228","d774dfee-d508-4257-bf7a-d51db0f6cd14","9/5/2026 10:00:49.661392","9/5/2026 10:09:49.657911","570","9/5/2026 10:00:49.661392"
"19792","2309","6520baa7-f794-4c34-b545-342f084d2b37","9/5/2026 10:00:49.997933","9/5/2026 10:09:50.036676","570","9/5/2026 10:00:49.997933"
"19793","10481","587d2505-de09-4f78-b910-a6bd499fb5dc","9/5/2026 10:00:50.156245","9/5/2026 10:09:50.17399","570","9/5/2026 10:00:50.156245"
"19794","2576","389a896b-e033-4466-a32d-6de2f2d56102","9/5/2026 10:00:50.858312","9/5/2026 10:09:50.854006","570","9/5/2026 10:00:50.858312"
"19797","2303","3b1b1409-dcf8-42aa-a87d-3cef458425d8","9/5/2026 10:01:05.158356","9/5/2026 10:09:51.089271","570","9/5/2026 10:01:05.158356"
"19796","2285","c2e43914-aa5d-4267-bb06-cd750a73cb51","9/5/2026 10:00:51.859174","9/5/2026 10:09:51.861711","570","9/5/2026 10:00:51.859174"
"19795","2305","903221d8-c8f9-47c9-9a0a-9b479b7e5138","9/5/2026 10:00:51.798748","9/5/2026 10:09:51.876619","570","9/5/2026 10:00:51.798748"
"20724","10481","f2d99bd8-78ec-4b0d-bb8d-c273f737da34","9/5/2026 12:20:55.417689","9/5/2026 12:29:55.385116","570","9/5/2026 12:20:55.417689"
"20725","2305","0d2a7954-d4e5-4f90-ba04-8bb9e65e29e7","9/5/2026 12:20:56.543657","9/5/2026 12:29:56.683245","570","9/5/2026 12:20:56.543657"
"20606","10481","c9cc0061-3cb9-48e5-ac23-87f1a3e181d9","9/5/2026 12:00:50.157831","9/5/2026 12:09:50.260008","570","9/5/2026 12:00:50.157831"
"20607","2309","289438b5-35fa-4d78-abae-4feb9048787a","9/5/2026 12:00:50.508424","9/5/2026 12:09:50.541498","570","9/5/2026 12:00:50.508424"
"20609","2576","5b6f8476-1054-412a-b71c-b38d3e7e08a2","9/5/2026 12:00:50.842701","9/5/2026 12:09:50.82953","570","9/5/2026 12:00:50.842701"
"20610","2303","9d983ac1-6912-4960-8d59-71e32dd3b5a7","9/5/2026 12:00:50.888171","9/5/2026 12:09:50.877487","570","9/5/2026 12:00:50.888171"
"20611","2285","fc2439be-c84d-458c-96fb-3ccd25bbf007","9/5/2026 12:00:50.940194","9/5/2026 12:09:51.07257","570","9/5/2026 12:00:50.940194"
"20341","8228","ba96f2f9-2208-42f2-94f1-ccb4dfe28e7b","9/5/2026 11:20:49.480609","9/5/2026 11:29:49.485123","570","9/5/2026 11:20:49.480609"
"19925","2305","a801ef53-98b0-47dd-a1f3-8d00ce1bfce1","9/5/2026 10:20:58.687787","9/5/2026 10:29:58.81972","570","9/5/2026 10:20:58.687787"
"19926","2309","21cc79bc-6825-4dca-8ca9-26824f00d5c2","9/5/2026 10:20:58.863692","9/5/2026 10:29:58.848338","570","9/5/2026 10:20:58.863692"
"19927","2285","e098b135-e88b-429e-bbd4-706667a94dda","9/5/2026 10:20:58.896023","9/5/2026 10:29:58.978233","570","9/5/2026 10:20:58.896023"
"19928","10481","3b4c7393-23d5-4495-b47f-b7ce87a17e8d","9/5/2026 10:20:59.01741","9/5/2026 10:29:59.020729","570","9/5/2026 10:20:59.01741"
"19929","2303","c983d4c6-a438-479f-b6be-9b3b8611617f","9/5/2026 10:20:59.349512","9/5/2026 10:29:59.405435","570","9/5/2026 10:20:59.349512"
"19930","2576","4883e6af-884c-407a-b528-e35b76fec593","9/5/2026 10:21:00.434543","9/5/2026 10:30:00.435281","570","9/5/2026 10:21:00.434543"
"20342","10481","358ced39-7414-4259-b5b4-0ba9d0f676c9","9/5/2026 11:20:50.003649","9/5/2026 11:29:49.992151","570","9/5/2026 11:20:50.003649"
"20343","2309","342cd177-f4b1-41ee-9a54-a2b23e370d23","9/5/2026 11:20:50.425307","9/5/2026 11:29:50.436424","570","9/5/2026 11:20:50.425307"
"20344","2303","285aecfb-da5a-4347-8c1c-484b9f02dbd0","9/5/2026 11:20:50.849108","9/5/2026 11:29:50.901805","570","9/5/2026 11:20:50.849108"
"20075","2309","7c5b0eda-c6ec-4673-9582-67a35cc5239b","9/5/2026 10:40:49.772195","9/5/2026 10:49:49.775952","570","9/5/2026 10:40:49.772195"
"20076","2305","edcbc3a6-31f3-4de5-8637-c90c37dcf4f2","9/5/2026 10:40:50.983892","9/5/2026 10:49:50.991821","570","9/5/2026 10:40:50.983892"
"20078","2576","d7e78e2d-093e-40a8-aa5a-a46365690ac7","9/5/2026 10:40:51.034672","9/5/2026 10:49:51.156","570","9/5/2026 10:40:51.034672"
"20077","2303","8bb5b961-3b58-4339-9881-e86b72598218","9/5/2026 10:40:51.015309","9/5/2026 10:49:51.156225","570","9/5/2026 10:40:51.015309"
"20079","10481","91da2cc7-bd48-4a24-a28d-bfe949ad25df","9/5/2026 10:40:51.690355","9/5/2026 10:49:51.715383","570","9/5/2026 10:40:51.690355"
"20080","2285","3f032e2e-e257-4aae-926e-88d835387643","9/5/2026 10:40:51.80555","9/5/2026 10:49:51.771537","570","9/5/2026 10:40:51.80555"
"19924","8228","ec207678-5917-4209-b42f-ec374246bba9","9/5/2026 10:20:58.033212","9/5/2026 10:49:58.185663","1770","9/5/2026 10:20:58.033212"
"20345","2576","b9653ebb-8122-41fc-96b1-0a7c94852a0f","9/5/2026 11:20:51.330293","9/5/2026 11:29:51.38002","570","9/5/2026 11:20:51.330293"
"20346","2305","36dfff6d-741e-446e-993d-4373dab10961","9/5/2026 11:20:51.516908","9/5/2026 11:29:51.509487","570","9/5/2026 11:20:51.516908"
"20347","2285","fa989136-2272-4b10-ae85-7bfcc9d53f19","9/5/2026 11:20:51.747632","9/5/2026 11:29:51.779899","570","9/5/2026 11:20:51.747632"
"20208","2303","ec7f5f6f-2c0f-4b57-bd47-334f1a79ea9f","9/5/2026 11:00:49.783563","9/5/2026 11:09:49.777719","570","9/5/2026 11:00:49.783563"
"20209","2305","1887f6df-bd94-4cd3-9d7e-91445306d7bf","9/5/2026 11:00:50.084278","9/5/2026 11:09:50.115389","570","9/5/2026 11:00:50.084278"
"20210","2576","1ae3a896-70f3-42f8-a57b-daec29d1ebbe","9/5/2026 11:00:50.213115","9/5/2026 11:09:50.24631","570","9/5/2026 11:00:50.213115"
"20211","10481","66fbe436-be1c-479b-96fc-867ba29343b3","9/5/2026 11:00:50.300462","9/5/2026 11:09:50.274801","570","9/5/2026 11:00:50.300462"
"20212","8228","dca80eb3-bbe2-4f4a-9fa0-f9c4903cef13","9/5/2026 11:00:50.6419","9/5/2026 11:09:50.645835","570","9/5/2026 11:00:50.6419"
"20213","2309","c66e412f-e601-4d12-a015-0a177948b3f3","9/5/2026 11:00:51.036586","9/5/2026 11:09:51.061201","570","9/5/2026 11:00:51.036586"
"20214","2285","3615a9ec-1e54-455a-a031-10bf84770dc7","9/5/2026 11:00:51.153961","9/5/2026 11:09:51.184841","570","9/5/2026 11:00:51.153961"
"20474","8228","d25fd2cd-be7a-4cb1-bb60-beda6b9371d6","9/5/2026 11:40:49.393176","9/5/2026 11:49:49.396729","570","9/5/2026 11:40:49.393176"
"20475","2305","89594e75-07e2-41f3-a88d-97358ea05914","9/5/2026 11:40:49.945789","9/5/2026 11:49:49.972836","570","9/5/2026 11:40:49.945789"
"20476","10481","7cec3b3b-ea57-475e-90a1-708de22b02c7","9/5/2026 11:40:50.026506","9/5/2026 11:49:50.001147","570","9/5/2026 11:40:50.026506"
"20477","2303","6649638d-1123-486e-abd4-9c5a37925184","9/5/2026 11:40:50.191703","9/5/2026 11:49:50.199319","570","9/5/2026 11:40:50.191703"
"20478","2576","e46b80bc-a88d-4a85-b729-dd6cabe61db9","9/5/2026 11:40:50.701452","9/5/2026 11:49:50.762027","570","9/5/2026 11:40:50.701452"
"20479","2285","cc5b20d1-8a26-43ca-9ab3-145859d2a7ad","9/5/2026 11:40:50.940825","9/5/2026 11:49:50.994356","570","9/5/2026 11:40:50.940825"
"20480","2309","8fd39e4e-bcb2-47e0-b465-2f9e922dde0b","9/5/2026 11:40:51.41158","9/5/2026 11:49:51.471678","570","9/5/2026 11:40:51.41158"
"25348","8228","2ac51a9e-88f8-47a7-a390-1b82c2c59f72","10/5/2026 00:00:49.329089","10/5/2026 00:09:49.35826","570","10/5/2026 00:00:49.329089"
"24840","2303","ec741af8-6dd6-4a03-a7b2-d7eec229e81a","9/5/2026 22:40:51.080795","9/5/2026 22:49:51.101025","570","9/5/2026 22:40:51.080795"
"21004","2303","bf7c4842-9ce0-4ce7-aa64-4dd0a6839d55","9/5/2026 13:00:50.554454","9/5/2026 13:09:50.545981","570","9/5/2026 13:00:50.554454"
"20608","2305","c3359e40-b712-4739-b626-a4b34882dbb7","9/5/2026 12:00:50.81855","9/5/2026 12:09:20.825695","540","9/5/2026 12:00:50.81855"
"21007","2285","ef1cc5eb-97ac-4136-a8f8-fa5f5f7c19d4","9/5/2026 13:00:51.727349","9/5/2026 13:09:51.772065","570","9/5/2026 13:00:51.727349"
"24956","2576","bdf8de8b-a9fb-49d3-8af5-a008402cf8fc","9/5/2026 23:00:53.574065","9/5/2026 23:09:50.217183","570","9/5/2026 23:00:53.574065"
"24706","2576","1d3534d9-50c9-4f7e-aa9a-2ea806f3c594","9/5/2026 22:20:50.182205","9/5/2026 22:29:50.187754","570","9/5/2026 22:20:50.182205"
"25353","2309","e81f6e5b-214f-4212-bc2d-18d8d47c8164","10/5/2026 00:00:50.616055","10/5/2026 00:09:50.637558","570","10/5/2026 00:00:50.616055"
"20720","2303","f5588b2d-21eb-41c4-b020-60c0d190b87a","9/5/2026 12:20:53.884982","9/5/2026 12:29:53.851907","570","9/5/2026 12:20:53.884982"
"25484","2305","e21c3b2b-c222-4d17-b01c-d54680439b62","10/5/2026 00:20:50.84255","10/5/2026 00:29:50.818002","570","10/5/2026 00:20:50.84255"
"20719","2576","0b7858dd-fee1-486c-8ba6-6684cbbec949","9/5/2026 12:20:53.882143","9/5/2026 12:29:53.896486","570","9/5/2026 12:20:53.882143"
"20721","2309","916c4363-70e7-4d1a-830b-e52499d5c6e7","9/5/2026 12:20:54.11121","9/5/2026 12:29:54.131317","570","9/5/2026 12:20:54.11121"
"20722","8228","d5b8fac7-0902-456f-9b3b-949d277c21f1","9/5/2026 12:20:54.855276","9/5/2026 12:29:54.917619","570","9/5/2026 12:20:54.855276"
"25083","2303","c7537f81-5110-4cff-a9af-8bf9b652ef5d","9/5/2026 23:20:58.402171","9/5/2026 23:29:58.398317","570","9/5/2026 23:20:58.402171"
"25217","2303","0ef094d5-f655-4d9f-87f7-8e8859636665","9/5/2026 23:40:50.331547","9/5/2026 23:49:50.333858","570","9/5/2026 23:40:50.331547"
"25730","2309","d1da63f5-5c57-4fbb-96ce-82f18f21f24a","10/5/2026 01:00:51.50707","10/5/2026 01:09:21.477509","540","10/5/2026 01:00:51.50707"
"25972","10481","416e662b-f6c4-41ba-937a-957e5a7e3aac","10/5/2026 01:40:49.96866","10/5/2026 01:49:49.965743","570","10/5/2026 01:40:49.96866"
"25592","8228","411e3faa-7550-43cc-903e-f41ee3284a9a","10/5/2026 00:40:49.419256","10/5/2026 00:49:49.477966","570","10/5/2026 00:40:49.419256"
"25839","10481","6d30c29e-7ee8-47df-881f-4cdbfa0e635a","10/5/2026 01:20:54.920619","10/5/2026 01:29:54.915144","570","10/5/2026 01:20:54.920619"
"25971","2303","087732fb-7913-4aac-b632-40e7c0d97991","10/5/2026 01:40:49.805822","10/5/2026 01:49:49.827584","570","10/5/2026 01:40:49.805822"
"26235","10481","8ae458ac-beac-4bc8-b5df-49e49304be0a","10/5/2026 02:20:54.274428","10/5/2026 02:29:54.28445","570","10/5/2026 02:20:54.274428"
"26107","2309","976920f0-971a-4cf3-b50d-f614f8a9941e","10/5/2026 02:00:50.73155","10/5/2026 02:09:50.796264","570","10/5/2026 02:00:50.73155"
"26237","2285","091a26b0-ddd1-48e0-9165-a5472838f6c4","10/5/2026 02:20:54.963143","10/5/2026 02:29:54.937781","570","10/5/2026 02:20:54.963143"
"31076","2309","156cf7f8-cb6e-4d12-8ed3-a933c24a4dd9","10/5/2026 14:40:50.578933","10/5/2026 14:49:50.655523","570","10/5/2026 14:40:50.578933"
"21931","8228","24714e4b-58c5-4793-ad00-f245b79a5dfd","9/5/2026 15:20:49.982622","9/5/2026 15:29:49.986826","570","9/5/2026 15:20:49.982622"
"22089","2576","da75d6d3-8d42-459c-b9fd-f233d65672c6","9/5/2026 15:40:50.411766","9/5/2026 15:49:50.498738","570","9/5/2026 15:40:50.411766"
"21932","2305","ce6f5ea6-8cc2-4862-ba97-c431e819782d","9/5/2026 15:20:50.049354","9/5/2026 15:29:50.509382","570","9/5/2026 15:20:50.049354"
"21934","2309","a4d7461b-0977-4eb0-91fd-b87ce989479f","9/5/2026 15:20:50.458797","9/5/2026 15:29:50.598071","570","9/5/2026 15:20:50.458797"
"21935","2576","4dddf390-a4b1-49e8-bb92-f3e3bbb4ae8b","9/5/2026 15:20:51.041531","9/5/2026 15:29:51.040278","570","9/5/2026 15:20:51.041531"
"21936","2285","d112a06f-12e9-4370-94b9-005f81873e96","9/5/2026 15:20:51.677861","9/5/2026 15:29:51.797756","570","9/5/2026 15:20:51.677861"
"21533","8228","0afe725d-0c25-4cc4-a6fa-a579bc9e1c7e","9/5/2026 14:20:50.031607","9/5/2026 14:29:50.11568","570","9/5/2026 14:20:50.031607"
"21532","2309","c1f1d1ad-7ff9-4d3f-ac52-a198421e7039","9/5/2026 14:20:49.995214","9/5/2026 14:29:50.117954","570","9/5/2026 14:20:49.995214"
"21534","2305","ccf2439f-54b1-467d-a773-e6fe56a41258","9/5/2026 14:20:50.163957","9/5/2026 14:29:50.20632","570","9/5/2026 14:20:50.163957"
"21535","2303","1f86e54d-9bcc-400c-a485-e4d227bc7d6e","9/5/2026 14:20:50.284884","9/5/2026 14:29:50.334742","570","9/5/2026 14:20:50.284884"
"20872","8228","5f5e7925-2ea2-48af-9722-76aaf38f0a8e","9/5/2026 12:40:49.447143","9/5/2026 12:49:49.446236","570","9/5/2026 12:40:49.447143"
"20873","10481","1dd82939-f0db-4bf2-9cfd-5d6706ed5ffd","9/5/2026 12:40:49.614358","9/5/2026 12:49:49.635169","570","9/5/2026 12:40:49.614358"
"20874","2576","3fdf7cad-4d14-42ce-ba30-b1d98d23fd06","9/5/2026 12:40:49.979725","9/5/2026 12:49:50.03289","570","9/5/2026 12:40:49.979725"
"20875","2303","fab2fe55-300f-41a0-a641-d0e5a7365eb1","9/5/2026 12:40:50.827603","9/5/2026 12:49:50.816515","570","9/5/2026 12:40:50.827603"
"20876","2309","992c2b8c-253d-40fb-aedf-1e699faff8bc","9/5/2026 12:40:50.946387","9/5/2026 12:49:50.946347","570","9/5/2026 12:40:50.946387"
"20877","2305","c3cf8aa2-c9e2-4c3d-a0dd-338d5d45980d","9/5/2026 12:40:51.341297","9/5/2026 12:49:51.381901","570","9/5/2026 12:40:51.341297"
"20723","2285","b97d16ff-0aa8-40eb-adcc-3b5100a660fd","9/5/2026 12:20:55.063284","9/5/2026 12:49:55.012899","1770","9/5/2026 12:20:55.063284"
"21536","2285","60daa54d-96e4-45a6-9f11-e9810e729409","9/5/2026 14:20:50.637753","9/5/2026 14:29:50.619189","570","9/5/2026 14:20:50.637753"
"21537","2576","4bc42bb5-1df2-4482-a60f-ae6d93556680","9/5/2026 14:20:51.484546","9/5/2026 14:29:51.64798","570","9/5/2026 14:20:51.484546"
"21538","10481","71bca61f-406a-457a-9eb9-fa416aa513a6","9/5/2026 14:20:51.836101","9/5/2026 14:29:51.82768","570","9/5/2026 14:20:51.836101"
"21797","8228","d950571c-0ca8-4aef-8fb9-367ce2419b92","9/5/2026 15:00:49.560099","9/5/2026 15:09:49.565631","570","9/5/2026 15:00:49.560099"
"21798","2305","b9dd867e-101d-464c-8514-c0d8be6f8987","9/5/2026 15:00:49.84554","9/5/2026 15:09:49.863225","570","9/5/2026 15:00:49.84554"
"21799","2309","1103161e-edcc-4a9a-b484-a2cc562a06ee","9/5/2026 15:00:50.050523","9/5/2026 15:09:50.143551","570","9/5/2026 15:00:50.050523"
"21006","2309","a059e881-71d6-451a-b7d7-f842e1fa6624","9/5/2026 13:00:51.72296","9/5/2026 13:09:51.811163","570","9/5/2026 13:00:51.72296"
"21800","2576","120cfc54-c6a4-4216-b83b-329adf47c09e","9/5/2026 15:00:50.214871","9/5/2026 15:09:50.274434","570","9/5/2026 15:00:50.214871"
"21801","2303","1c8a5451-965d-42eb-8f38-402b521ce31e","9/5/2026 15:00:50.398028","9/5/2026 15:09:50.425711","570","9/5/2026 15:00:50.398028"
"21802","2285","11a9c3aa-20e1-4529-ae5a-1c5911e6957c","9/5/2026 15:00:51.196098","9/5/2026 15:09:51.194582","570","9/5/2026 15:00:51.196098"
"22221","8228","e87805aa-e5d9-4057-b58c-b153036fa335","9/5/2026 16:00:50.870409","9/5/2026 16:09:50.903048","570","9/5/2026 16:00:50.870409"
"22220","2576","8d762fa6-d0a5-4921-b29a-cbab4f684055","9/5/2026 16:00:50.844991","9/5/2026 16:09:50.844804","570","9/5/2026 16:00:50.844991"
"21399","8228","4a5d001d-9d9d-4224-8f38-8bf99bb033a1","9/5/2026 14:00:49.695249","9/5/2026 14:09:49.704895","570","9/5/2026 14:00:49.695249"
"21400","2309","72bda1fc-7f5e-4372-8474-d8dc42226195","9/5/2026 14:00:50.128302","9/5/2026 14:09:50.144415","570","9/5/2026 14:00:50.128302"
"21401","10481","7058941b-1da8-4097-9796-df42356a7ab3","9/5/2026 14:00:50.285136","9/5/2026 14:09:50.274531","570","9/5/2026 14:00:50.285136"
"21402","2303","b243ba4e-f32d-4a72-b1d1-19c339efe85d","9/5/2026 14:00:50.892933","9/5/2026 14:09:50.911452","570","9/5/2026 14:00:50.892933"
"21403","2305","9fd860ca-6934-4480-81ef-6b3dd9ff3690","9/5/2026 14:00:50.924273","9/5/2026 14:09:50.931552","570","9/5/2026 14:00:50.924273"
"21404","2576","5037cf36-c6e8-47e3-a411-8ddc86244eb3","9/5/2026 14:00:51.073714","9/5/2026 14:09:51.144533","570","9/5/2026 14:00:51.073714"
"21405","2285","49e6118a-95d2-49e0-ba72-df8fe7acd6eb","9/5/2026 14:00:55.250485","9/5/2026 14:09:55.282391","570","9/5/2026 14:00:55.250485"
"21266","2309","c484fd29-5e01-4ace-81e2-7989cdda0bf0","9/5/2026 13:40:49.894187","9/5/2026 13:49:49.944511","570","9/5/2026 13:40:49.894187"
"21267","2576","3332a28a-e3ad-45d9-b8bf-1ba1e01600cd","9/5/2026 13:40:50.181302","9/5/2026 13:49:50.259394","570","9/5/2026 13:40:50.181302"
"21269","8228","feacb53d-d168-4dd9-85d1-8e99f3aff3fe","9/5/2026 13:40:50.359664","9/5/2026 13:49:50.309877","570","9/5/2026 13:40:50.359664"
"21268","10481","aabf5387-0cb9-47b6-ba1f-bc856c079e3e","9/5/2026 13:40:50.328032","9/5/2026 13:49:50.351285","570","9/5/2026 13:40:50.328032"
"21270","2303","39bd1121-ee56-483a-a80a-90b97d0621dd","9/5/2026 13:40:50.638493","9/5/2026 13:49:50.679621","570","9/5/2026 13:40:50.638493"
"21271","2285","9fda44d4-749c-4abd-9624-c72b4e788c17","9/5/2026 13:40:50.794081","9/5/2026 13:49:50.897973","570","9/5/2026 13:40:50.794081"
"21272","2305","28cd6937-0e10-4c82-9218-ee2385d04f36","9/5/2026 13:40:51.724535","9/5/2026 13:49:51.790961","570","9/5/2026 13:40:51.724535"
"21136","2309","28b6358c-cffe-44e9-8a2d-38a050fd0486","9/5/2026 13:20:54.013732","9/5/2026 13:29:54.075318","570","9/5/2026 13:20:54.013732"
"21138","2303","6489183b-baae-4bf8-8e64-fd35f92dffab","9/5/2026 13:20:54.984222","9/5/2026 13:29:54.933963","570","9/5/2026 13:20:54.984222"
"22090","2285","361926ee-4937-469b-85d3-781100dbb2e9","9/5/2026 15:40:51.044829","9/5/2026 15:49:51.038727","570","9/5/2026 15:40:51.044829"
"21665","2303","37a92186-188f-423f-a360-fa0b96dd6961","9/5/2026 14:40:49.850589","9/5/2026 14:49:49.86114","570","9/5/2026 14:40:49.850589"
"21664","8228","55505890-6584-4cf0-a833-2b7334b8022e","9/5/2026 14:40:49.756304","9/5/2026 14:49:49.869203","570","9/5/2026 14:40:49.756304"
"21667","2309","cbad3395-a5fa-40b2-af79-0fceb08f03cd","9/5/2026 14:40:50.137981","9/5/2026 14:49:50.113061","570","9/5/2026 14:40:50.137981"
"21666","10481","7f3eb2cb-9071-4408-8d02-cdfca6d48c4b","9/5/2026 14:40:50.119253","9/5/2026 14:49:50.14158","570","9/5/2026 14:40:50.119253"
"21668","2305","84558da6-9673-41bd-873e-c2e58f43a7b5","9/5/2026 14:40:50.663846","9/5/2026 14:49:50.678811","570","9/5/2026 14:40:50.663846"
"21669","2576","1bc94813-c0d0-45b8-9f2e-5e75eccc852d","9/5/2026 14:40:50.871405","9/5/2026 14:49:50.898991","570","9/5/2026 14:40:50.871405"
"21670","2285","e47e537d-3908-4623-a650-395fd87e3b61","9/5/2026 14:40:51.520193","9/5/2026 14:49:51.537199","570","9/5/2026 14:40:51.520193"
"21803","10481","6e1158e6-aee9-4947-90fd-a420fc33a950","9/5/2026 15:00:51.263466","9/5/2026 15:09:51.269824","570","9/5/2026 15:00:51.263466"
"22084","8228","f5a64cb4-16d1-406c-baaa-39dabfebdfdb","9/5/2026 15:40:49.160415","9/5/2026 15:49:49.140762","570","9/5/2026 15:40:49.160415"
"22085","10481","d39a58a0-6b4e-484d-b96d-d2b93a08bea3","9/5/2026 15:40:49.894793","9/5/2026 15:49:49.899104","570","9/5/2026 15:40:49.894793"
"21930","10481","9d43f818-16f0-4784-85d9-acd3e9c49989","9/5/2026 15:20:49.822512","9/5/2026 15:29:49.834976","570","9/5/2026 15:20:49.822512"
"22086","2309","5943d64b-7d72-4a2b-8d12-caf83541c6e4","9/5/2026 15:40:50.010174","9/5/2026 15:49:49.988657","570","9/5/2026 15:40:50.010174"
"21933","2303","8d6d5540-ca30-4073-bf7a-0e6721a32e4d","9/5/2026 15:20:50.079266","9/5/2026 15:49:50.194314","1770","9/5/2026 15:20:50.079266"
"22088","2305","11e0be06-7089-43ee-9c7f-b2157b56ebb2","9/5/2026 15:40:50.258163","9/5/2026 15:49:50.328848","570","9/5/2026 15:40:50.258163"
"22219","2309","dd59a65c-4945-4c58-a064-4efd9906e984","9/5/2026 16:00:50.512815","9/5/2026 16:09:50.580409","570","9/5/2026 16:00:50.512815"
"22222","2285","9dacc1ca-447b-453d-87f0-606922526802","9/5/2026 16:00:51.2553","9/5/2026 16:09:51.394735","570","9/5/2026 16:00:51.2553"
"22223","2303","3c6ce784-a9ec-4fae-87b5-333735d460c6","9/5/2026 16:00:51.499861","9/5/2026 16:09:51.618263","570","9/5/2026 16:00:51.499861"
"22217","10481","9abaab0e-80be-41f3-9da5-57ce9d92c9d9","9/5/2026 16:00:50.051914","9/5/2026 16:09:50.121275","570","9/5/2026 16:00:50.051914"
"22218","2305","a4c4623d-2872-465e-97fd-55694c1448d5","9/5/2026 16:00:50.07554","9/5/2026 16:09:50.071709","570","9/5/2026 16:00:50.07554"
"22350","2305","51e27d89-c975-4e79-9243-afeebe834201","9/5/2026 16:20:53.967034","9/5/2026 16:29:53.951082","570","9/5/2026 16:20:53.967034"
"24704","2303","ffba1ef4-1cc6-4d01-8ecf-74bc24398e77","9/5/2026 22:20:49.938081","9/5/2026 22:29:49.966845","570","9/5/2026 22:20:49.938081"
"22354","2309","ade5ab02-6ca6-4860-ac72-161f9f87ae05","9/5/2026 16:20:55.213873","9/5/2026 16:29:55.214119","570","9/5/2026 16:20:55.213873"
"22351","2303","3739ac60-a9ab-4985-990a-520193b0c430","9/5/2026 16:20:54.127459","9/5/2026 16:29:54.189841","570","9/5/2026 16:20:54.127459"
"22352","8228","d1270ebf-04f6-43b4-9305-5cc66962670f","9/5/2026 16:20:54.780547","9/5/2026 16:29:54.779957","570","9/5/2026 16:20:54.780547"
"22353","2285","dd2169c0-2e68-4935-bcc1-334445cfd1d8","9/5/2026 16:20:54.903191","9/5/2026 16:29:54.925261","570","9/5/2026 16:20:54.903191"
"51420","2576","d1f57887-492e-4572-ac43-024f0f1521bf","25/5/2026 08:52:23.540931","25/5/2026 08:52:53.613819","90","25/5/2026 08:52:23.540931"
"22886","2576","4e6b0130-030d-44db-a1b8-6611965e985f","9/5/2026 17:40:51.23571","9/5/2026 17:49:51.245794","570","9/5/2026 17:40:51.23571"
"22887","2285","2ffcb490-f097-453c-8c8c-42180ce9f53f","9/5/2026 17:40:52.450011","9/5/2026 17:49:52.477131","570","9/5/2026 17:40:52.450011"
"23128","8228","785e805d-8c91-4dba-a7c0-eacdea42ee1c","9/5/2026 18:20:49.658719","9/5/2026 18:29:49.639899","570","9/5/2026 18:20:49.658719"
"23129","2305","a5577b12-6ca9-4dd4-be96-783e01a2a3b3","9/5/2026 18:20:49.966212","9/5/2026 18:29:49.87082","570","9/5/2026 18:20:49.966212"
"23130","2576","7726d17f-7cb2-4d51-95ab-79d7b8c89243","9/5/2026 18:20:50.383138","9/5/2026 18:29:50.422671","570","9/5/2026 18:20:50.383138"
"23131","2303","d0802124-5569-4301-a6c7-0485719770b0","9/5/2026 18:20:50.595998","9/5/2026 18:29:50.633987","570","9/5/2026 18:20:50.595998"
"23132","2285","e99cf1b8-d833-4a90-bd1a-4a3b2f1e24b0","9/5/2026 18:20:50.753287","9/5/2026 18:29:50.751916","570","9/5/2026 18:20:50.753287"
"23014","2305","f96504f2-3c9a-46b2-95e3-b4098711e412","9/5/2026 18:00:50.636779","9/5/2026 18:09:50.634788","570","9/5/2026 18:00:50.636779"
"23015","2576","63ec440f-95cf-4891-adfb-e60f77aef847","9/5/2026 18:00:53.89935","9/5/2026 18:09:53.860199","570","9/5/2026 18:00:53.89935"
"23016","10481","40422069-2a42-4f23-be96-8e7d01681300","9/5/2026 18:00:54.179461","9/5/2026 18:09:54.268781","570","9/5/2026 18:00:54.179461"
"23017","2309","8ad53b9a-bfdf-4869-b86c-76ac4a49d8f3","9/5/2026 18:00:54.773609","9/5/2026 18:09:54.798814","570","9/5/2026 18:00:54.773609"
"23018","2285","05e9189d-c667-4487-8b10-cc53abcd0207","9/5/2026 18:00:55.543622","9/5/2026 18:09:55.587282","570","9/5/2026 18:00:55.543622"
"23019","2303","f8c6f1ec-63b3-4538-a3cc-00cc8e39cde1","9/5/2026 18:00:56.670567","9/5/2026 18:09:56.737313","570","9/5/2026 18:00:56.670567"
"22349","2576","707ae799-82ed-44a7-abde-1bfbdf6ad5d6","9/5/2026 16:20:53.934897","9/5/2026 16:29:53.894741","570","9/5/2026 16:20:53.934897"
"22355","10481","79e51f8c-f012-4228-8946-8f90fa1fb251","9/5/2026 16:20:57.096995","9/5/2026 16:29:57.078302","570","9/5/2026 16:20:57.096995"
"22481","8228","dfa36a4c-ef63-4cfc-a937-3690fe539fe0","9/5/2026 16:40:49.314605","9/5/2026 16:49:49.323609","570","9/5/2026 16:40:49.314605"
"22482","10481","378f87e4-e2c2-4962-9091-91cabdda7b3f","9/5/2026 16:40:49.890861","9/5/2026 16:49:49.963883","570","9/5/2026 16:40:49.890861"
"22483","2576","b7dc137e-b23b-41ea-9f75-68353f3c9bec","9/5/2026 16:40:50.1574","9/5/2026 16:49:50.172268","570","9/5/2026 16:40:50.1574"
"22484","2305","91a01145-0719-43ae-bebd-556c2347b1ac","9/5/2026 16:40:50.165711","9/5/2026 16:49:50.264524","570","9/5/2026 16:40:50.165711"
"22485","2309","74fe518b-f354-489b-9928-fcd4ee6c899a","9/5/2026 16:40:50.593442","9/5/2026 16:49:50.593097","570","9/5/2026 16:40:50.593442"
"22486","2303","ce8991f6-2539-4d90-baf7-2d5a19359a10","9/5/2026 16:40:51.112754","9/5/2026 16:49:51.178787","570","9/5/2026 16:40:51.112754"
"22487","2285","5fc1ff30-9cf4-45c4-a19a-c55a5a4ab35f","9/5/2026 16:40:51.287609","9/5/2026 16:49:51.40443","570","9/5/2026 16:40:51.287609"
"23133","2309","7e82d1d2-ee77-45ed-9f15-929c9799d1d4","9/5/2026 18:20:50.93055","9/5/2026 18:29:50.920467","570","9/5/2026 18:20:50.93055"
"22615","2576","2f63f231-7c60-4ff1-9752-4c50716d3058","9/5/2026 17:00:49.72864","9/5/2026 17:29:49.80033","1770","9/5/2026 17:00:49.72864"
"22768","10481","7c6e6ba6-4946-42a1-870e-d434f5772656","9/5/2026 17:20:49.82717","9/5/2026 17:29:49.823289","570","9/5/2026 17:20:49.82717"
"22769","8228","dabd1c62-da1a-4fda-b85d-74471c4b4af2","9/5/2026 17:20:50.001082","9/5/2026 17:29:49.986667","570","9/5/2026 17:20:50.001082"
"22770","2305","9b0027cf-6294-415f-9f46-83761bc1ca39","9/5/2026 17:20:50.101615","9/5/2026 17:29:50.068613","570","9/5/2026 17:20:50.101615"
"22771","2309","1937dd2d-0dfc-4b27-884f-4f9d4b078751","9/5/2026 17:20:50.620571","9/5/2026 17:29:50.594832","570","9/5/2026 17:20:50.620571"
"22772","2285","d4a706b2-f0ad-4eb4-b070-2164bd5ec2ed","9/5/2026 17:20:51.411785","9/5/2026 17:29:51.410033","570","9/5/2026 17:20:51.411785"
"22614","8228","f1eade14-b73a-4b45-9268-6abdeaa33b52","9/5/2026 17:00:49.239462","9/5/2026 17:09:49.220485","570","9/5/2026 17:00:49.239462"
"22616","2309","2936a0b2-7007-42d9-8e19-868071727a32","9/5/2026 17:00:50.178763","9/5/2026 17:09:50.189497","570","9/5/2026 17:00:50.178763"
"22617","2305","0fd36740-6e58-42ef-a26e-ca9920f72397","9/5/2026 17:00:50.457732","9/5/2026 17:09:50.502609","570","9/5/2026 17:00:50.457732"
"22618","2303","edf9c2dc-5d9d-4b03-bf52-2ef624dd28b6","9/5/2026 17:00:50.858522","9/5/2026 17:09:50.899308","570","9/5/2026 17:00:50.858522"
"22619","10481","879f96ad-bcc6-4a8d-a3fc-4a38301e5871","9/5/2026 17:00:51.153177","9/5/2026 17:09:51.145603","570","9/5/2026 17:00:51.153177"
"22620","2285","3d6dad80-013d-491f-bdf0-4a533a613ec8","9/5/2026 17:00:51.335269","9/5/2026 17:09:51.336553","570","9/5/2026 17:00:51.335269"
"23134","10481","010a1915-efce-465d-8b50-48b0c8e356e5","9/5/2026 18:20:51.089197","9/5/2026 18:29:51.078613","570","9/5/2026 18:20:51.089197"
"24951","10481","2f4d04ab-2525-4610-b4ea-f4dc7393f924","9/5/2026 23:00:50.406756","9/5/2026 23:09:50.417706","570","9/5/2026 23:00:50.406756"
"24707","10481","9c83b0fa-2b02-4381-ad54-f6f32bd0d553","9/5/2026 22:20:50.380083","9/5/2026 22:29:50.335942","570","9/5/2026 22:20:50.380083"
"22881","10481","ef47744e-314d-4c40-82b9-4b1a2b5d7037","9/5/2026 17:40:49.644237","9/5/2026 17:49:49.779631","570","9/5/2026 17:40:49.644237"
"22883","2309","6f21e65e-cd09-4840-bbd4-06d2f57bc1bd","9/5/2026 17:40:49.898962","9/5/2026 17:49:49.858852","570","9/5/2026 17:40:49.898962"
"22882","2305","6f81511e-3da8-4b7e-9e79-dfc9b6ee49a6","9/5/2026 17:40:49.885741","9/5/2026 17:49:49.934455","570","9/5/2026 17:40:49.885741"
"22884","2303","e5af6feb-926a-48d1-84bf-a3f5f091c909","9/5/2026 17:40:50.326003","9/5/2026 17:49:50.345094","570","9/5/2026 17:40:50.326003"
"22885","8228","cb2b4345-5fa5-48df-b8b4-fe63d38ea479","9/5/2026 17:40:50.368061","9/5/2026 17:49:50.355913","570","9/5/2026 17:40:50.368061"
"23394","2305","2e2a7545-97fd-4e00-ba5f-9c9c2bdeff68","9/5/2026 19:00:49.899256","9/5/2026 19:09:49.890779","570","9/5/2026 19:00:49.899256"
"23395","2309","562d1525-eaa7-42a3-8162-cd2884fd0fc7","9/5/2026 19:00:50.299271","9/5/2026 19:09:50.265005","570","9/5/2026 19:00:50.299271"
"23396","2285","f64d7df3-efa5-4885-a55b-d4df2677cbed","9/5/2026 19:00:50.395377","9/5/2026 19:09:50.400093","570","9/5/2026 19:00:50.395377"
"23399","2303","d8f2d29c-941c-4013-88f8-7303c399142d","9/5/2026 19:00:50.482984","9/5/2026 19:09:50.402578","570","9/5/2026 19:00:50.482984"
"23397","2576","58fb26be-490e-4403-99c3-34d9432958ff","9/5/2026 19:00:50.461008","9/5/2026 19:09:50.433174","570","9/5/2026 19:00:50.461008"
"23398","8228","efd7b526-5541-47c9-a5e5-2483eadb49b6","9/5/2026 19:00:50.473587","9/5/2026 19:09:50.453124","570","9/5/2026 19:00:50.473587"
"23262","10481","b35ea27b-c159-4211-a287-d5d8ab028c30","9/5/2026 18:40:50.01902","9/5/2026 18:49:50.035021","570","9/5/2026 18:40:50.01902"
"23261","8228","ab454595-c782-4500-92c6-09f4f908ac0b","9/5/2026 18:40:49.975462","9/5/2026 18:49:50.110342","570","9/5/2026 18:40:49.975462"
"23263","2305","e0279826-fc2e-4ec1-9e94-6c49114f578b","9/5/2026 18:40:50.25024","9/5/2026 18:49:50.255514","570","9/5/2026 18:40:50.25024"
"23264","2285","35f90940-ad96-42db-ace9-a62ad0e92d53","9/5/2026 18:40:50.508133","9/5/2026 18:49:50.510421","570","9/5/2026 18:40:50.508133"
"23265","2309","39d3170e-f880-41b8-b9a0-771d8dd1b8fe","9/5/2026 18:40:50.923063","9/5/2026 18:49:50.938033","570","9/5/2026 18:40:50.923063"
"23266","2303","c720c798-187d-414e-a11e-4e1e2d479f81","9/5/2026 18:40:51.532274","9/5/2026 18:49:51.634106","570","9/5/2026 18:40:51.532274"
"23267","2576","fff57a41-508e-413e-9b60-a81868fbaf7e","9/5/2026 18:40:52.241343","9/5/2026 18:49:51.735075","570","9/5/2026 18:40:52.241343"
"25219","2305","c5e2da67-0f4c-4fa4-bac1-e736bc9f8ea2","9/5/2026 23:40:50.666879","9/5/2026 23:49:50.690545","570","9/5/2026 23:40:50.666879"
"25976","2285","21fb49ff-286a-4adb-8b59-1362509134e4","10/5/2026 01:40:50.769517","10/5/2026 01:49:50.826376","570","10/5/2026 01:40:50.769517"
"25593","2309","ef8b0591-95f1-47a1-8f21-4518b09f3d02","10/5/2026 00:40:50.589413","10/5/2026 00:49:50.561581","570","10/5/2026 00:40:50.589413"
"25350","2305","5435fa20-3f3c-424d-9371-4a809607b042","10/5/2026 00:00:50.009905","10/5/2026 00:09:50.036951","570","10/5/2026 00:00:50.009905"
"25088","2309","bc9d323a-192f-457f-8a2f-2bbb86ee8579","9/5/2026 23:20:59.636642","9/5/2026 23:29:59.667264","570","9/5/2026 23:20:59.636642"
"25481","10481","a0cc739e-8ded-48aa-914f-82a5d25065fd","10/5/2026 00:20:50.462894","10/5/2026 00:29:50.466094","570","10/5/2026 00:20:50.462894"
"25596","2305","a4c52f9d-06b0-4e2f-86fa-6a2505a1283c","10/5/2026 00:40:50.925697","10/5/2026 00:49:50.874435","570","10/5/2026 00:40:50.925697"
"25973","8228","a05da033-4251-4ca1-ba6b-47a7cf2482fc","10/5/2026 01:40:50.393455","10/5/2026 01:49:50.370299","570","10/5/2026 01:40:50.393455"
"25841","2309","05248a1f-a768-49bf-863d-1a365bcf105d","10/5/2026 01:20:55.296948","10/5/2026 01:29:55.29686","570","10/5/2026 01:20:55.296948"
"26239","2305","dec55831-c9d7-4b40-abfb-90c2abd7e4fb","10/5/2026 02:20:55.4072","10/5/2026 02:29:55.445001","570","10/5/2026 02:20:55.4072"
"26108","2576","3e0b5947-87c6-4e90-9c96-b2e3e6081e65","10/5/2026 02:00:50.896276","10/5/2026 02:09:50.943688","570","10/5/2026 02:00:50.896276"
"26368","10481","654e88cf-8151-4913-9e6c-53a67d988835","10/5/2026 02:40:49.858618","10/5/2026 02:49:49.930299","570","10/5/2026 02:40:49.858618"
"26501","2576","28964f49-4b25-4bb0-bffb-4becdd296db7","10/5/2026 03:00:50.249564","10/5/2026 03:09:50.244398","570","10/5/2026 03:00:50.249564"
"26373","2576","371df30c-e964-4df4-8b70-b89c94e4b019","10/5/2026 02:40:52.048387","10/5/2026 02:49:50.99498","570","10/5/2026 02:40:52.048387"
"26505","2285","46aa71b5-6cf7-464d-a60f-381fa7b8cf37","10/5/2026 03:00:50.913375","10/5/2026 03:09:50.901475","570","10/5/2026 03:00:50.913375"
"31437","8228","905f3672-bbc3-43a3-a425-1a0b86dac3f8","10/5/2026 15:40:49.749608","10/5/2026 15:49:49.749023","570","10/5/2026 15:40:49.749608"
"25084","2576","a34ddac9-c612-41f1-a55c-08b0a5830d74","9/5/2026 23:20:58.629403","9/5/2026 23:29:58.671472","570","9/5/2026 23:20:58.629403"
"24952","2305","d2192050-6bb5-438b-a961-94f8a068a51f","9/5/2026 23:00:50.545308","9/5/2026 23:09:50.54109","570","9/5/2026 23:00:50.545308"
"24437","8228","7bc1f353-df78-4ef6-9fcc-ff099e1c8870","9/5/2026 21:40:49.284691","9/5/2026 21:49:49.260106","570","9/5/2026 21:40:49.284691"
"24438","10481","b234ac42-700f-4715-8646-a412ccb900c9","9/5/2026 21:40:50.082019","9/5/2026 21:49:50.081913","570","9/5/2026 21:40:50.082019"
"24439","2305","97e98cee-112d-411e-b448-bcbcca2446ae","9/5/2026 21:40:50.251806","9/5/2026 21:49:50.266984","570","9/5/2026 21:40:50.251806"
"25594","10481","3213d6f6-f100-4417-9fe8-ab7a9d3c290d","10/5/2026 00:40:50.645844","10/5/2026 00:49:50.629611","570","10/5/2026 00:40:50.645844"
"25482","2285","14d518dd-4f57-4514-974c-b98af4868865","10/5/2026 00:20:50.57799","10/5/2026 00:29:50.580251","570","10/5/2026 00:20:50.57799"
"24304","8228","b874fdf9-01cf-48f0-954d-6ee93a2ce8c8","9/5/2026 21:20:49.843695","9/5/2026 21:29:49.843876","570","9/5/2026 21:20:49.843695"
"24038","8228","5c277632-0bac-4322-9a2d-a06fd53172d2","9/5/2026 20:40:49.939338","9/5/2026 20:49:49.939287","570","9/5/2026 20:40:49.939338"
"24039","2576","5bab5c1c-0666-4d4c-acd0-ea1487169d9b","9/5/2026 20:40:49.974682","9/5/2026 20:49:49.990311","570","9/5/2026 20:40:49.974682"
"23526","8228","73e9e980-0087-4929-997f-87fac7a376ca","9/5/2026 19:20:49.365282","9/5/2026 19:29:49.398486","570","9/5/2026 19:20:49.365282"
"23527","2305","24931df5-292f-45fa-b7bd-351cdbbae212","9/5/2026 19:20:50.044644","9/5/2026 19:29:50.073463","570","9/5/2026 19:20:50.044644"
"23400","10481","dc08862f-60fb-406f-957a-a1473918a3d4","9/5/2026 19:00:50.987331","9/5/2026 19:09:51.042592","570","9/5/2026 19:00:50.987331"
"23528","2285","89d36704-b517-4a96-8455-cc3c3f2a8bde","9/5/2026 19:20:50.565512","9/5/2026 19:29:50.649397","570","9/5/2026 19:20:50.565512"
"23529","10481","aa4e41be-8a84-411c-a6ae-e2c122180236","9/5/2026 19:20:50.629967","9/5/2026 19:29:50.657922","570","9/5/2026 19:20:50.629967"
"23530","2309","78966d27-ae27-4af8-b667-8ff859e0b637","9/5/2026 19:20:50.808616","9/5/2026 19:29:50.803216","570","9/5/2026 19:20:50.808616"
"23531","2576","ec822799-8182-4884-b80c-9fde4774c9e4","9/5/2026 19:20:50.857936","9/5/2026 19:29:50.862078","570","9/5/2026 19:20:50.857936"
"23532","2303","108fbd03-cf8c-4d74-b000-9f6871e40df4","9/5/2026 19:20:50.872277","9/5/2026 19:29:50.922616","570","9/5/2026 19:20:50.872277"
"24040","2309","0d7207f9-b03b-4753-bf58-f77b608378ff","9/5/2026 20:40:50.727847","9/5/2026 20:49:50.737387","570","9/5/2026 20:40:50.727847"
"23924","2305","7a6ac00e-aae0-4cbe-8331-4632de2eb5df","9/5/2026 20:20:57.468525","9/5/2026 20:29:57.475964","570","9/5/2026 20:20:57.468525"
"23925","2303","5ebfd018-0a83-4622-918b-c457aa9dde58","9/5/2026 20:20:57.629983","9/5/2026 20:29:57.625586","570","9/5/2026 20:20:57.629983"
"23926","2576","b0966ebb-012d-4c9c-92de-61dac10c1f9f","9/5/2026 20:20:58.208379","9/5/2026 20:29:58.187434","570","9/5/2026 20:20:58.208379"
"23927","2285","24de3758-b86e-4a7c-bf75-7b9c302b2e16","9/5/2026 20:20:58.586867","9/5/2026 20:29:58.58625","570","9/5/2026 20:20:58.586867"
"23928","10481","af28193c-7ad7-44a2-ace5-771019e9f2b9","9/5/2026 20:20:59.041439","9/5/2026 20:29:59.065524","570","9/5/2026 20:20:59.041439"
"23929","2309","f54e2bf3-eff7-4cde-8bab-b401bb0bee50","9/5/2026 20:20:59.792175","9/5/2026 20:29:59.733732","570","9/5/2026 20:20:59.792175"
"23791","8228","278bc8d6-941c-419d-a39e-0df86c5e5739","9/5/2026 20:00:49.74892","9/5/2026 20:09:49.773173","570","9/5/2026 20:00:49.74892"
"23792","2576","e77c4015-48c7-435a-af47-af4de3212bd6","9/5/2026 20:00:50.04237","9/5/2026 20:09:50.05356","570","9/5/2026 20:00:50.04237"
"23793","2309","064aefc3-6ca9-49fc-a0fc-8fdfa89c3d58","9/5/2026 20:00:50.529561","9/5/2026 20:09:50.545603","570","9/5/2026 20:00:50.529561"
"23794","2303","25466498-727d-4400-9f15-8b653aef1bec","9/5/2026 20:00:50.876857","9/5/2026 20:09:50.851599","570","9/5/2026 20:00:50.876857"
"23795","2285","a9970723-d80e-431a-8e5f-d7faeb733495","9/5/2026 20:00:50.950065","9/5/2026 20:09:50.949436","570","9/5/2026 20:00:50.950065"
"23796","2305","8cfdff2f-5c79-4351-84b1-cf5213f8a9db","9/5/2026 20:00:51.077785","9/5/2026 20:09:51.061307","570","9/5/2026 20:00:51.077785"
"23797","10481","ee52c4a0-0581-488d-aaf8-3122e759edfb","9/5/2026 20:00:52.54283","9/5/2026 20:09:52.562926","570","9/5/2026 20:00:52.54283"
"23658","2305","088bb7e2-9aaa-4eb5-984f-e077014989a1","9/5/2026 19:40:49.641426","9/5/2026 19:49:49.621943","570","9/5/2026 19:40:49.641426"
"23659","2309","0e654695-3843-46ba-9b6c-fb3ef1eabf99","9/5/2026 19:40:50.048238","9/5/2026 19:49:50.068444","570","9/5/2026 19:40:50.048238"
"23660","10481","26422729-e909-4cf5-b9da-1161c5103e6d","9/5/2026 19:40:50.28695","9/5/2026 19:49:50.324242","570","9/5/2026 19:40:50.28695"
"23661","2285","0b32680c-bcd9-4b3a-b482-5183821850ab","9/5/2026 19:40:50.5355","9/5/2026 19:49:50.672623","570","9/5/2026 19:40:50.5355"
"23662","2303","6ebf19ea-8cce-4715-bd28-4807d300e4df","9/5/2026 19:40:50.725679","9/5/2026 19:49:50.833068","570","9/5/2026 19:40:50.725679"
"23663","2576","ed9c888b-7433-44c2-9488-2b28bcf332c3","9/5/2026 19:40:51.066532","9/5/2026 19:49:51.119442","570","9/5/2026 19:40:51.066532"
"23664","8228","5c110fae-d8b1-43b7-9c89-1d616f7f36a1","9/5/2026 19:40:51.139117","9/5/2026 19:49:51.143693","570","9/5/2026 19:40:51.139117"
"24041","2285","441a67c8-872e-4080-b419-26aacc2ad548","9/5/2026 20:40:50.799272","9/5/2026 20:49:50.808585","570","9/5/2026 20:40:50.799272"
"24043","10481","dc308b75-3391-4763-8f91-4e30f690bcf9","9/5/2026 20:40:50.900536","9/5/2026 20:49:50.900169","570","9/5/2026 20:40:50.900536"
"24042","2305","758ae985-7303-4788-9894-d64193e69ea0","9/5/2026 20:40:50.886713","9/5/2026 20:49:50.925385","570","9/5/2026 20:40:50.886713"
"24044","2303","68fc64d1-97bf-42a2-8423-a4ddb08043f5","9/5/2026 20:40:50.973349","9/5/2026 20:49:50.984122","570","9/5/2026 20:40:50.973349"
"24305","10481","e9e98474-2458-4587-8eea-7031f31a536f","9/5/2026 21:20:50.130364","9/5/2026 21:29:50.164144","570","9/5/2026 21:20:50.130364"
"24171","2576","15feef53-7ee5-4b16-9a05-345761fe0fda","9/5/2026 21:00:50.095189","9/5/2026 21:09:50.106431","570","9/5/2026 21:00:50.095189"
"24172","2303","c8dc64d8-88f1-4f18-a28d-f1b3501a8442","9/5/2026 21:00:50.163799","9/5/2026 21:09:50.173446","570","9/5/2026 21:00:50.163799"
"24173","8228","16ae61ab-a9a1-492e-8061-209b46a0c8ad","9/5/2026 21:00:50.188499","9/5/2026 21:09:50.228873","570","9/5/2026 21:00:50.188499"
"24174","2305","6d744d50-7b4d-4edd-9861-cade90a12f89","9/5/2026 21:00:50.514668","9/5/2026 21:09:50.514623","570","9/5/2026 21:00:50.514668"
"24175","2285","f6fa8860-acbf-497b-915d-6fb36f65ea9a","9/5/2026 21:00:50.644955","9/5/2026 21:09:50.635308","570","9/5/2026 21:00:50.644955"
"24176","10481","73d0a365-fdec-4154-8f59-ce1af27cc77b","9/5/2026 21:00:51.32167","9/5/2026 21:09:51.321475","570","9/5/2026 21:00:51.32167"
"24306","2305","bdcb3035-362a-4b57-944a-8edfd5600dde","9/5/2026 21:20:50.379534","9/5/2026 21:29:50.392304","570","9/5/2026 21:20:50.379534"
"24307","2309","2e035a25-6a87-48be-b228-7ab322c92171","9/5/2026 21:20:50.732927","9/5/2026 21:29:50.737933","570","9/5/2026 21:20:50.732927"
"24308","2576","285e9b90-702a-4b4c-9765-fe7087209fcf","9/5/2026 21:20:50.935281","9/5/2026 21:29:50.955316","570","9/5/2026 21:20:50.935281"
"24309","2285","4e89ef2e-f6b0-42a9-a9ef-c6c684b980aa","9/5/2026 21:20:51.602231","9/5/2026 21:29:51.538433","570","9/5/2026 21:20:51.602231"
"24310","2303","9726a7e8-4f3e-401f-9889-c2ac1bdd445a","9/5/2026 21:20:52.894928","9/5/2026 21:29:52.932385","570","9/5/2026 21:20:52.894928"
"24836","10481","685b0b10-8e5f-4bf0-93f7-52cccf02fc37","9/5/2026 22:40:50.0151","9/5/2026 22:49:50.059403","570","9/5/2026 22:40:50.0151"
"24177","2309","7f532418-ec59-4c64-b9be-3bf9e2413599","9/5/2026 21:00:51.483398","9/5/2026 21:09:51.497351","570","9/5/2026 21:00:51.483398"
"24440","2576","34b17591-281d-49bd-ae02-65d4d47c5add","9/5/2026 21:40:50.409187","9/5/2026 21:49:50.442417","570","9/5/2026 21:40:50.409187"
"24441","2303","d8cf8c45-7f01-4961-946f-1231f9d15c97","9/5/2026 21:40:50.75691","9/5/2026 21:49:50.759147","570","9/5/2026 21:40:50.75691"
"24442","2285","9a5ded19-04dd-4db6-949d-b1ab2b802b9b","9/5/2026 21:40:51.012901","9/5/2026 21:49:51.030104","570","9/5/2026 21:40:51.012901"
"25220","2285","59d34641-f1aa-4248-84e7-1d7b831020f6","9/5/2026 23:40:50.926808","9/5/2026 23:49:50.920805","570","9/5/2026 23:40:50.926808"
"25351","2576","408294c5-9af8-4e4d-a65b-7d447e0b3777","10/5/2026 00:00:50.044427","10/5/2026 00:09:50.042731","570","10/5/2026 00:00:50.044427"
"25725","10481","3ff29bac-0a1e-42f8-ad45-c95c779d7a60","10/5/2026 01:00:50.010369","10/5/2026 01:09:50.018734","570","10/5/2026 01:00:50.010369"
"25842","2303","dff4b220-4200-4ca7-ba74-97e17d5aec85","10/5/2026 01:20:56.039869","10/5/2026 01:29:56.085356","570","10/5/2026 01:20:56.039869"
"26240","2303","1a706ca1-e974-4d0e-861d-da1a50860cc0","10/5/2026 02:20:56.126209","10/5/2026 02:29:56.121095","570","10/5/2026 02:20:56.126209"
"25974","2305","a12e8c7a-ec12-4b03-8945-f133b3a8825e","10/5/2026 01:40:50.466208","10/5/2026 01:49:50.465517","570","10/5/2026 01:40:50.466208"
"26105","2303","f53fe154-788f-4444-868c-8771c8212095","10/5/2026 02:00:49.95873","10/5/2026 02:09:50.03642","570","10/5/2026 02:00:49.95873"
"26103","10481","1b3807d1-867e-48d7-baf3-8630b3128b94","10/5/2026 02:00:49.829282","10/5/2026 02:09:49.759287","570","10/5/2026 02:00:49.829282"
"26369","2303","17653873-3815-4987-9446-eafbb12734a2","10/5/2026 02:40:50.835667","10/5/2026 02:49:50.905781","570","10/5/2026 02:40:50.835667"
"26367","8228","275ebc35-648d-4efa-bdeb-f2e2c8e6a746","10/5/2026 02:40:49.174029","10/5/2026 02:49:49.147941","570","10/5/2026 02:40:49.174029"
"26504","2303","832b20d1-16bc-4bb3-a3f9-dcd59162e127","10/5/2026 03:00:50.785316","10/5/2026 03:09:50.78887","570","10/5/2026 03:00:50.785316"
"27016","2305","4c8a64ab-eff4-4be9-9e6b-33bb521e763f","10/5/2026 04:20:54.242922","10/5/2026 04:29:54.247981","570","10/5/2026 04:20:54.242922"
"24953","2285","35578058-64ca-48bc-9702-d113427b0d26","9/5/2026 23:00:51.027649","9/5/2026 23:09:51.006978","570","9/5/2026 23:00:51.027649"
"25975","2576","2d02669c-16c2-4d90-a98a-a9b57588bddf","10/5/2026 01:40:50.756677","10/5/2026 01:49:51.78983","570","10/5/2026 01:40:50.756677"
"27017","2285","b9ea53df-9bbf-48a4-bf3d-b6a3f15405f0","10/5/2026 04:20:54.712532","10/5/2026 04:29:54.724824","570","10/5/2026 04:20:54.712532"
"27018","2303","9fc46d2a-687d-4be0-8159-0fa9aa87fc6e","10/5/2026 04:20:54.72203","10/5/2026 04:29:54.749324","570","10/5/2026 04:20:54.72203"
"26234","8228","2d6f89c7-194f-42e4-838c-7079096a8308","10/5/2026 02:20:53.787984","10/5/2026 02:29:53.758091","570","10/5/2026 02:20:53.787984"
"26632","8228","c3eb75fb-105b-4fe7-8fae-d2852dd2d015","10/5/2026 03:20:52.967981","10/5/2026 03:29:52.944752","570","10/5/2026 03:20:52.967981"
"26635","10481","6d183275-b984-43eb-af34-833c42c70958","10/5/2026 03:20:53.92454","10/5/2026 03:29:53.386593","570","10/5/2026 03:20:53.92454"
"26633","2576","569f6f0c-a542-43c4-b5de-8919b2b10170","10/5/2026 03:20:53.633446","10/5/2026 03:29:53.598578","570","10/5/2026 03:20:53.633446"
"26634","2305","ea528bdc-fbfb-47a8-8626-b419d88fee52","10/5/2026 03:20:53.812744","10/5/2026 03:29:53.792857","570","10/5/2026 03:20:53.812744"
"26636","2303","41f71f86-9a7a-465b-bbbd-d565855b3063","10/5/2026 03:20:54.277795","10/5/2026 03:29:54.361452","570","10/5/2026 03:20:54.277795"
"24443","2309","2adec9c0-50b8-49a0-89a7-d75d6b06955d","9/5/2026 21:40:51.208999","9/5/2026 21:49:51.166784","570","9/5/2026 21:40:51.208999"
"24570","8228","614ad3ec-6af0-4e54-b228-a2332389e1b7","9/5/2026 22:00:49.698975","9/5/2026 22:09:49.703896","570","9/5/2026 22:00:49.698975"
"24571","2305","6f87c29c-010c-4030-b014-ddb93d72bcdb","9/5/2026 22:00:49.715077","9/5/2026 22:09:49.857234","570","9/5/2026 22:00:49.715077"
"24572","2303","57d4b525-24f0-4804-a5a6-05af58caa415","9/5/2026 22:00:50.624782","9/5/2026 22:09:50.60054","570","9/5/2026 22:00:50.624782"
"24573","2309","4fda1b8b-7db9-4479-b583-f58ab75a7e30","9/5/2026 22:00:50.828597","9/5/2026 22:09:50.83241","570","9/5/2026 22:00:50.828597"
"24574","2576","fc531f58-b439-49c8-87be-886cc48b3d2e","9/5/2026 22:00:50.89206","9/5/2026 22:09:50.884194","570","9/5/2026 22:00:50.89206"
"24575","10481","a6f95325-a673-4eb2-afb8-77ea997cdac7","9/5/2026 22:00:51.441904","9/5/2026 22:09:51.431627","570","9/5/2026 22:00:51.441904"
"24576","2285","b12ce720-810f-4dec-8506-09ab8a2d7b4a","9/5/2026 22:00:51.776915","9/5/2026 22:09:51.793443","570","9/5/2026 22:00:51.776915"
"25087","8228","205dcf9a-3107-437b-8c81-d358ab06d477","9/5/2026 23:20:59.019241","9/5/2026 23:29:59.019502","570","9/5/2026 23:20:59.019241"
"25726","8228","2e302bcb-61c8-4194-8b40-7a3a37a0f01b","10/5/2026 01:00:50.038218","10/5/2026 01:09:50.014696","570","10/5/2026 01:00:50.038218"
"25483","2576","15457959-8d33-4c82-8e5b-86a1c36a961f","10/5/2026 00:20:50.588216","10/5/2026 00:29:50.635349","570","10/5/2026 00:20:50.588216"
"26637","2309","c0625e3c-b6a8-4f7d-8dab-456e69010db6","10/5/2026 03:20:54.537067","10/5/2026 03:29:54.597659","570","10/5/2026 03:20:54.537067"
"27013","2576","16a79f76-261e-424f-8aa2-79f49d96f44a","10/5/2026 04:20:53.79527","10/5/2026 04:29:54.836976","570","10/5/2026 04:20:53.79527"
"24837","2305","348e3dd0-29ca-4b1c-9749-faeef97e7dfc","9/5/2026 22:40:50.099099","9/5/2026 22:49:50.110356","570","9/5/2026 22:40:50.099099"
"26879","8228","b14c8c9a-42c0-4de1-8be9-2521de720d8a","10/5/2026 04:00:49.652791","10/5/2026 04:09:49.656311","570","10/5/2026 04:00:49.652791"
"26880","2303","686f3f89-61a7-421c-a023-a5153b05ed99","10/5/2026 04:00:49.773261","10/5/2026 04:09:49.926977","570","10/5/2026 04:00:49.773261"
"25221","2309","777c04da-b37c-4c41-aac3-365f63b2887f","9/5/2026 23:40:51.39747","9/5/2026 23:49:51.386477","570","9/5/2026 23:40:51.39747"
"26882","10481","b00a282d-af64-4bc9-b578-f5d669753987","10/5/2026 04:00:50.439091","10/5/2026 04:09:50.092261","570","10/5/2026 04:00:50.439091"
"26500","8228","06be16ba-6041-488d-bac1-fc7361a9464d","10/5/2026 03:00:49.262758","10/5/2026 03:09:49.295171","570","10/5/2026 03:00:49.262758"
"26506","2309","acd9f4b7-c121-4fa1-b990-2cce9ce94c1c","10/5/2026 03:00:51.20255","10/5/2026 03:09:51.217794","570","10/5/2026 03:00:51.20255"
"25595","2576","4c7b9ac9-d97f-48e8-863f-94f698daa368","10/5/2026 00:40:50.858096","10/5/2026 00:49:50.871728","570","10/5/2026 00:40:50.858096"
"25843","2576","1da28d7d-a814-44c8-a354-0d5125a86cf0","10/5/2026 01:20:56.157248","10/5/2026 01:29:56.167935","570","10/5/2026 01:20:56.157248"
"26881","2305","9486be04-9a8d-42e6-98b9-48d35b6d7e01","10/5/2026 04:00:50.17223","10/5/2026 04:09:50.271096","570","10/5/2026 04:00:50.17223"
"26104","2305","6c59ea13-60e2-4df2-a38f-ed27c5eac126","10/5/2026 02:00:49.842721","10/5/2026 02:09:49.878519","570","10/5/2026 02:00:49.842721"
"26109","2285","a46d13aa-6d46-498e-9095-d9b28e4bd3ce","10/5/2026 02:00:50.922057","10/5/2026 02:09:53.076143","570","10/5/2026 02:00:50.922057"
"26370","2309","0052ac46-3fe4-4df6-934d-1b6cd746ce5e","10/5/2026 02:40:51.143297","10/5/2026 02:49:51.177904","570","10/5/2026 02:40:51.143297"
"25352","10481","93550ddd-99ed-4dec-8dc0-55a608815db2","10/5/2026 00:00:50.399192","10/5/2026 00:09:50.510604","570","10/5/2026 00:00:50.399192"
"26372","2285","13ff6766-6fbb-4811-a6cf-17ed193f8aad","10/5/2026 02:40:51.86347","10/5/2026 02:49:51.953507","570","10/5/2026 02:40:51.86347"
"26884","2309","dae78edf-b730-434b-aa37-3cfd2d4ae7a8","10/5/2026 04:00:51.001399","10/5/2026 04:09:51.33807","570","10/5/2026 04:00:51.001399"
"26885","2285","d0862cd8-e6f6-44d1-916c-8112e491d94c","10/5/2026 04:00:52.289875","10/5/2026 04:09:52.378989","570","10/5/2026 04:00:52.289875"
"26746","8228","2c823b19-4803-4c2e-bf1d-34d4d914d2cd","10/5/2026 03:40:49.820864","10/5/2026 03:49:49.840132","570","10/5/2026 03:40:49.820864"
"26747","10481","9d4c5bc8-81a1-4d61-8d84-7abb922928c5","10/5/2026 03:40:49.882529","10/5/2026 03:49:49.877972","570","10/5/2026 03:40:49.882529"
"26748","2576","b87b6dca-e312-4173-88f9-5474a908bd25","10/5/2026 03:40:50.189421","10/5/2026 03:49:50.171538","570","10/5/2026 03:40:50.189421"
"26752","2303","6795c2bc-af62-45e0-b64e-330cdf42c0b6","10/5/2026 03:40:51.567136","10/5/2026 03:49:50.328646","570","10/5/2026 03:40:51.567136"
"26749","2305","c3b54a98-72ec-421d-9916-4bc7d3b9ff5a","10/5/2026 03:40:50.635421","10/5/2026 03:49:50.639659","570","10/5/2026 03:40:50.635421"
"26750","2309","44b5494b-d130-4ca9-a7f4-f4e308750b76","10/5/2026 03:40:51.377007","10/5/2026 03:49:51.367521","570","10/5/2026 03:40:51.377007"
"26751","2285","32fd5a2b-37fd-428d-8164-522d321964f3","10/5/2026 03:40:51.465597","10/5/2026 03:49:53.590555","570","10/5/2026 03:40:51.465597"
"26883","2576","f4e7529a-c84d-4570-95d2-897f1e690a1b","10/5/2026 04:00:50.945498","10/5/2026 04:09:52.952131","570","10/5/2026 04:00:50.945498"
"27279","10481","f48b5b38-1edc-4570-9335-6d48e066d72e","10/5/2026 05:00:49.89608","10/5/2026 05:09:49.915115","570","10/5/2026 05:00:49.89608"
"27149","2303","4b331db2-5d0d-43b1-85e9-e3c45a5e6daa","10/5/2026 04:40:51.483164","10/5/2026 04:49:51.169636","570","10/5/2026 04:40:51.483164"
"27150","2285","651b204e-1406-400c-80f4-ccf09671c6ce","10/5/2026 04:40:51.536663","10/5/2026 04:49:51.222096","570","10/5/2026 04:40:51.536663"
"27282","2309","800780b7-cdbb-44db-90f7-42541ede319f","10/5/2026 05:00:51.216144","10/5/2026 05:09:51.318014","570","10/5/2026 05:00:51.216144"
"27151","2305","bee95692-09ec-4319-82f3-13331147ded9","10/5/2026 04:40:51.750153","10/5/2026 04:49:51.749422","570","10/5/2026 04:40:51.750153"
"27280","2305","c46b2fc0-f620-4040-9f04-d5328c4131e8","10/5/2026 05:00:50.201618","10/5/2026 05:09:50.209447","570","10/5/2026 05:00:50.201618"
"27145","8228","8ac34726-c981-491a-a06c-312b0de7b7fc","10/5/2026 04:40:49.710158","10/5/2026 04:49:49.709902","570","10/5/2026 04:40:49.710158"
"27012","8228","59b2f59a-0499-4420-b6a4-8ccfabad1c15","10/5/2026 04:20:52.74602","10/5/2026 04:29:52.74725","570","10/5/2026 04:20:52.74602"
"27014","10481","2a4dce36-7e32-4c19-9b89-f025630fb16d","10/5/2026 04:20:53.995789","10/5/2026 04:29:53.997813","570","10/5/2026 04:20:53.995789"
"27015","2309","07032381-2767-4dff-a9c6-a2c3ee10369d","10/5/2026 04:20:54.042604","10/5/2026 04:29:54.172126","570","10/5/2026 04:20:54.042604"
"27146","2576","b20b15b5-df77-4f8e-b2a9-53c7a4a27337","10/5/2026 04:40:49.831442","10/5/2026 04:49:50.250124","570","10/5/2026 04:40:49.831442"
"27147","10481","f7f588d0-613c-4c4a-be93-ae0518e53c34","10/5/2026 04:40:50.334425","10/5/2026 04:49:50.432456","570","10/5/2026 04:40:50.334425"
"27148","2309","fed88bb2-cc6d-4468-a320-059f0fc206ec","10/5/2026 04:40:50.632649","10/5/2026 04:49:50.608357","570","10/5/2026 04:40:50.632649"
"27283","2576","fc2941c5-afdd-4cd3-91fa-b19762b12de5","10/5/2026 05:00:56.283167","10/5/2026 05:09:51.120253","570","10/5/2026 05:00:56.283167"
"27281","2303","620e1914-4760-4f88-b3cf-f164f2fc2347","10/5/2026 05:00:50.70417","10/5/2026 05:09:50.773531","570","10/5/2026 05:00:50.70417"
"27284","2285","6d10bf98-6360-46ca-bc98-fde0f6f2b546","10/5/2026 05:00:57.26963","10/5/2026 05:09:54.353931","570","10/5/2026 05:00:57.26963"
"27412","8228","a7fe1030-e3d5-42bf-ad84-88156f641032","10/5/2026 05:20:53.807997","10/5/2026 05:29:53.855425","570","10/5/2026 05:20:53.807997"
"27278","8228","ed9d2fbc-895f-4faa-bed9-64bf2b647091","10/5/2026 05:00:49.198212","10/5/2026 05:09:49.148764","570","10/5/2026 05:00:49.198212"
"31075","8228","2c2110a9-871e-4837-a031-707b90ec6177","10/5/2026 14:40:49.404249","10/5/2026 14:49:49.371247","570","10/5/2026 14:40:49.404249"
"31441","2576","854e4a47-ea3c-40a6-9567-8bb0aa7f22f7","10/5/2026 15:40:50.917951","10/5/2026 15:49:50.891125","570","10/5/2026 15:40:50.917951"
"27413","10481","fabbc077-6184-4e3b-b7c4-b84ffd0118da","10/5/2026 05:20:54.560086","10/5/2026 05:29:54.563324","570","10/5/2026 05:20:54.560086"
"31442","2285","63da836a-308d-49ea-bd49-d96625c9d0d7","10/5/2026 15:40:51.270141","10/5/2026 15:49:51.246503","570","10/5/2026 15:40:51.270141"
"47428","2214","05d5c8bb-eb11-402a-a7f6-4c57a800a86f","19/5/2026 22:02:17.676227","19/5/2026 22:09:57.998001","570","19/5/2026 22:02:17.676227"
"27542","8228","2b91bde2-867c-40e3-b2ea-762f721bef9f","10/5/2026 05:40:49.087876","10/5/2026 05:49:49.053976","570","10/5/2026 05:40:49.087876"
"27543","10481","90e28382-05fc-4bbc-8bf1-f0b985181b6d","10/5/2026 05:40:50.1823","10/5/2026 05:49:50.238677","570","10/5/2026 05:40:50.1823"
"27545","2305","187d241d-f14f-4da3-bbaf-df4a2ea23e04","10/5/2026 05:40:50.489987","10/5/2026 05:49:50.50288","570","10/5/2026 05:40:50.489987"
"27544","2303","7fc2fb6c-ab2b-4f05-a00e-766641700b2e","10/5/2026 05:40:50.465664","10/5/2026 05:49:50.527699","570","10/5/2026 05:40:50.465664"
"27546","2576","590f74dd-a549-4401-a996-826c136d8e87","10/5/2026 05:40:50.544445","10/5/2026 05:49:50.544893","570","10/5/2026 05:40:50.544445"
"27548","2285","4d8f2c25-f79e-496b-913d-4b7e23e1cfce","10/5/2026 05:40:51.088334","10/5/2026 05:49:51.088413","570","10/5/2026 05:40:51.088334"
"27547","2309","6d587cd1-a247-4c07-97f7-ae8dcc6e888a","10/5/2026 05:40:51.084855","10/5/2026 05:49:51.161238","570","10/5/2026 05:40:51.084855"
"28453","2285","e2a4102c-ae74-41a8-8fcf-bd7c15f0dd4f","10/5/2026 08:00:50.969925","10/5/2026 08:09:51.009444","570","10/5/2026 08:00:50.969925"
"28585","2576","ab8a714a-6321-430f-b565-639ab293f02b","10/5/2026 08:20:50.585604","10/5/2026 08:29:50.577722","570","10/5/2026 08:20:50.585604"
"27786","8228","c389c30e-619f-4c24-ae06-e310d5b081e9","10/5/2026 06:20:54.978122","10/5/2026 06:29:54.934089","570","10/5/2026 06:20:54.978122"
"27787","2309","89e5563a-24fe-48fe-afe0-0617c65b7711","10/5/2026 06:20:55.511875","10/5/2026 06:29:55.547068","570","10/5/2026 06:20:55.511875"
"27679","2285","60b4c28c-5c37-484e-a3b7-d821c09dedf7","10/5/2026 06:00:51.187002","10/5/2026 06:09:21.192854","540","10/5/2026 06:00:51.187002"
"27788","2305","5b1356d0-a857-4f9c-80fa-197f5e54eb0c","10/5/2026 06:20:55.967653","10/5/2026 06:29:55.96727","570","10/5/2026 06:20:55.967653"
"27789","2285","6f4eca20-a232-493a-8254-37e4f1311aa6","10/5/2026 06:20:56.416421","10/5/2026 06:29:56.521187","570","10/5/2026 06:20:56.416421"
"27674","8228","0d81dc1a-b587-4bb0-a2fc-b54de847a6bb","10/5/2026 06:00:49.450538","10/5/2026 06:09:49.478734","570","10/5/2026 06:00:49.450538"
"27675","2305","1292589b-0774-4924-850e-fc8e7e83bf01","10/5/2026 06:00:50.156187","10/5/2026 06:09:49.991497","570","10/5/2026 06:00:50.156187"
"27676","10481","7413d46c-cf2f-47b1-ace6-b9e500cdc3ba","10/5/2026 06:00:50.245054","10/5/2026 06:09:50.256224","570","10/5/2026 06:00:50.245054"
"27677","2309","232bc9e7-80c9-414a-8b35-3d3c9c015178","10/5/2026 06:00:50.887596","10/5/2026 06:09:50.863083","570","10/5/2026 06:00:50.887596"
"27678","2576","c0af7cf2-4016-4131-8524-3c1757b1baf9","10/5/2026 06:00:51.134761","10/5/2026 06:09:58.288374","570","10/5/2026 06:00:51.134761"
"27791","2576","b133e99f-4aca-4a3c-aa16-661c872b6ffc","10/5/2026 06:20:57.117754","10/5/2026 06:29:57.180931","570","10/5/2026 06:20:57.117754"
"27792","2303","0c67efd0-192e-4bef-b73f-bf35699d20ea","10/5/2026 06:20:57.252389","10/5/2026 06:29:57.340055","570","10/5/2026 06:20:57.252389"
"27790","10481","3fc5a88e-11c0-49bc-a648-07ad7fd3d4ea","10/5/2026 06:20:56.824963","10/5/2026 06:29:58.306485","570","10/5/2026 06:20:56.824963"
"27411","2309","a82ed2fa-88cd-4600-90b8-9954f80a4d20","10/5/2026 05:20:53.602253","10/5/2026 05:29:53.716168","570","10/5/2026 05:20:53.602253"
"27414","2576","40bb972e-1263-4116-925b-fd94074ba271","10/5/2026 05:20:54.693678","10/5/2026 05:29:54.650155","570","10/5/2026 05:20:54.693678"
"27416","2305","9ac4dadd-900e-44c4-984a-52c23d3371a9","10/5/2026 05:20:55.469877","10/5/2026 05:29:55.455341","570","10/5/2026 05:20:55.469877"
"27415","2303","33fd85d2-2a5c-4d32-9c02-3aade51a4268","10/5/2026 05:20:55.235842","10/5/2026 05:29:56.007768","570","10/5/2026 05:20:55.235842"
"27417","2285","1d80cb32-4071-4091-b981-ad8b89eecf3b","10/5/2026 05:20:55.908294","10/5/2026 05:29:56.966296","570","10/5/2026 05:20:55.908294"
"28449","2576","143cb15a-17c9-4251-9367-231a0899d271","10/5/2026 08:00:50.266256","10/5/2026 08:09:50.292481","570","10/5/2026 08:00:50.266256"
"28454","2305","37fa20dc-5598-4aaa-9d45-ed17a6c30b6e","10/5/2026 08:00:51.320886","10/5/2026 08:09:51.329923","570","10/5/2026 08:00:51.320886"
"28318","8228","d36698e6-c774-4917-87b5-059bd2010758","10/5/2026 07:40:49.308884","10/5/2026 07:49:49.253633","570","10/5/2026 07:40:49.308884"
"28319","2576","80f8f80a-931f-4719-836f-deedb99fd23f","10/5/2026 07:40:49.800653","10/5/2026 07:49:49.722248","570","10/5/2026 07:40:49.800653"
"28052","8228","7d5ca50c-3cad-4a65-a2f5-d48d4a648dac","10/5/2026 07:00:49.095403","10/5/2026 07:09:49.115567","570","10/5/2026 07:00:49.095403"
"28053","2303","2a847d0f-a8d5-49e3-baba-dab5a18230b3","10/5/2026 07:00:49.839099","10/5/2026 07:09:49.922094","570","10/5/2026 07:00:49.839099"
"28055","2285","2eb8d0aa-35ee-4d51-888c-b7b78fcda79d","10/5/2026 07:00:50.279177","10/5/2026 07:09:50.367809","570","10/5/2026 07:00:50.279177"
"28054","2305","209b0112-91c1-478a-bce9-31df7ef1c13c","10/5/2026 07:00:50.261207","10/5/2026 07:09:50.36926","570","10/5/2026 07:00:50.261207"
"28056","2576","6d20b7f3-b631-4bc8-b12c-9372843b8848","10/5/2026 07:00:50.43921","10/5/2026 07:09:50.440667","570","10/5/2026 07:00:50.43921"
"28057","2309","f9a73ec8-2dce-458d-a03a-f88ebd6de6a2","10/5/2026 07:00:51.515121","10/5/2026 07:09:51.546828","570","10/5/2026 07:00:51.515121"
"28058","10481","fd4f90a9-56eb-46d2-94db-43fa3df825c0","10/5/2026 07:00:53.641151","10/5/2026 07:09:54.815837","570","10/5/2026 07:00:53.641151"
"28185","8228","11d502bc-5c1a-44ce-9ff6-e946f6a2d175","10/5/2026 07:20:57.524741","10/5/2026 07:29:57.469731","570","10/5/2026 07:20:57.524741"
"28186","2576","7889689f-81f5-4e61-979b-ff58e8aad1df","10/5/2026 07:20:57.702557","10/5/2026 07:29:57.663105","570","10/5/2026 07:20:57.702557"
"27919","2305","e7d3ce36-def3-42bc-879e-ceeb1b6f39c5","10/5/2026 06:40:49.952106","10/5/2026 06:49:50.096336","570","10/5/2026 06:40:49.952106"
"27921","2303","4ae49d2a-3b92-4f9f-90ff-ba06348bff7a","10/5/2026 06:40:50.832256","10/5/2026 06:49:50.196571","570","10/5/2026 06:40:50.832256"
"27920","2309","d76f5cb6-50da-4e91-920a-752c642691da","10/5/2026 06:40:50.403121","10/5/2026 06:49:50.322948","570","10/5/2026 06:40:50.403121"
"27923","2285","205a307a-0b9b-490a-aa0d-850367686578","10/5/2026 06:40:51.785235","10/5/2026 06:49:50.760056","570","10/5/2026 06:40:51.785235"
"27922","2576","713268c4-0866-479f-934c-b1db6d03a62b","10/5/2026 06:40:51.06997","10/5/2026 06:49:51.019852","570","10/5/2026 06:40:51.06997"
"27924","10481","3ea66b78-3717-405c-97bc-0968c6325d9c","10/5/2026 06:40:52.067736","10/5/2026 06:49:51.481063","570","10/5/2026 06:40:52.067736"
"28187","2309","7ceba839-aac0-4c67-bafb-d80d9d1cf848","10/5/2026 07:20:57.766207","10/5/2026 07:29:57.730761","570","10/5/2026 07:20:57.766207"
"28188","2305","c170f2a0-b574-4c2c-8c5b-79d3aa35559e","10/5/2026 07:20:58.126637","10/5/2026 07:29:58.031345","570","10/5/2026 07:20:58.126637"
"28189","10481","a4232d17-6f85-4aaa-ab1f-ced7f3b26934","10/5/2026 07:20:58.254143","10/5/2026 07:29:58.220709","570","10/5/2026 07:20:58.254143"
"28190","2285","1949e098-8f62-4c49-9887-10908c3d0829","10/5/2026 07:20:58.412994","10/5/2026 07:29:58.41252","570","10/5/2026 07:20:58.412994"
"28191","2303","3478c088-f57a-4da8-baf5-a60be121b24e","10/5/2026 07:20:58.817995","10/5/2026 07:29:59.263938","570","10/5/2026 07:20:58.817995"
"27925","8228","7d021e92-8e23-4755-8bd1-2043cef1db1f","10/5/2026 06:40:57.064926","10/5/2026 06:49:57.064911","570","10/5/2026 06:40:57.064926"
"28320","2305","f9ad7411-dc06-4497-855c-6fda515a50f4","10/5/2026 07:40:50.371182","10/5/2026 07:49:50.292149","570","10/5/2026 07:40:50.371182"
"28321","2285","c0f0cdc6-3bc4-4bf9-bfbd-c1157f28604a","10/5/2026 07:40:51.322209","10/5/2026 07:49:51.305167","570","10/5/2026 07:40:51.322209"
"28322","2309","55049fc2-0e73-4bdc-a31d-8732bfd05c38","10/5/2026 07:40:51.921538","10/5/2026 07:49:52.040561","570","10/5/2026 07:40:51.921538"
"28324","10481","b02865ea-5747-49c2-aeaa-035ea0c1b1ed","10/5/2026 07:40:52.634855","10/5/2026 07:49:52.051292","570","10/5/2026 07:40:52.634855"
"28323","2303","d9202c01-ccd5-4fa2-b560-c31546fb8428","10/5/2026 07:40:52.173826","10/5/2026 07:49:53.55016","570","10/5/2026 07:40:52.173826"
"28455","2303","fe138005-95ad-4624-9f61-c001ec044fac","10/5/2026 08:00:51.656128","10/5/2026 08:09:52.693602","570","10/5/2026 08:00:51.656128"
"28450","2309","508ccaa9-5b52-4399-8a91-3a2b30fa47cf","10/5/2026 08:00:50.516652","10/5/2026 08:09:50.543033","570","10/5/2026 08:00:50.516652"
"28451","10481","b1dfc2fa-bf73-4b23-93c1-eb604cd207bc","10/5/2026 08:00:50.570313","10/5/2026 08:09:50.627729","570","10/5/2026 08:00:50.570313"
"28452","8228","abd3feb2-bfd0-4108-86f9-fa4238fb294a","10/5/2026 08:00:50.804174","10/5/2026 08:09:50.800511","570","10/5/2026 08:00:50.804174"
"28581","2305","42346c97-87c8-45ff-8c20-21e727c52fdc","10/5/2026 08:20:50.121866","10/5/2026 08:29:50.153476","570","10/5/2026 08:20:50.121866"
"28583","2309","30f11d3a-0799-44c1-8e62-7a58df5ea035","10/5/2026 08:20:50.356692","10/5/2026 08:29:50.301402","570","10/5/2026 08:20:50.356692"
"28586","2285","224c21d7-97c8-4df0-9f57-4ab74895e17f","10/5/2026 08:20:50.727719","10/5/2026 08:29:50.852729","570","10/5/2026 08:20:50.727719"
"28587","2303","bad667b6-8a7a-4009-8a24-ea8affc78488","10/5/2026 08:20:50.854229","10/5/2026 08:29:50.848361","570","10/5/2026 08:20:50.854229"
"28582","8228","88689ba0-1e3d-4d02-b055-c599b38fdb4c","10/5/2026 08:20:50.31189","10/5/2026 08:29:50.361472","570","10/5/2026 08:20:50.31189"
"28584","10481","086ad37e-d9ec-4408-b623-fbec8ff78932","10/5/2026 08:20:50.440925","10/5/2026 08:29:50.52442","570","10/5/2026 08:20:50.440925"
"31436","2303","cdcf47ae-df07-404b-9d0c-230b3a092f1f","10/5/2026 15:40:49.544989","10/5/2026 15:49:49.556798","570","10/5/2026 15:40:49.544989"
"31078","10481","9fb25b02-f6a0-440a-b8bb-32a56a77a67f","10/5/2026 14:40:51.00989","10/5/2026 14:49:50.988753","570","10/5/2026 14:40:51.00989"
"49673","2214","cd0705c3-8a77-4a74-9ff3-6a836db1bbba","20/5/2026 19:00:55.492627","20/5/2026 19:09:55.513479","570","20/5/2026 19:00:55.492627"
"28715","2285","e289b94e-c3bb-40ee-9a52-cd4ae5332890","10/5/2026 08:40:50.54263","10/5/2026 08:49:50.540771","570","10/5/2026 08:40:50.54263"
"28718","8228","1fda9cb4-31ea-448e-911a-856651e5c42a","10/5/2026 08:40:54.253589","10/5/2026 08:49:54.357957","570","10/5/2026 08:40:54.253589"
"29134","10481","4a837507-32b4-431e-83c8-586534f3b4b0","10/5/2026 09:40:50.421298","10/5/2026 09:49:20.408054","540","10/5/2026 09:40:50.421298"
"29925","2305","12a2bda8-82e4-4923-b4f9-88094961055b","10/5/2026 11:40:50.544509","10/5/2026 11:49:50.582512","570","10/5/2026 11:40:50.544509"
"28714","2305","9ea2dac0-5476-4d61-9c61-2a752690dd25","10/5/2026 08:40:50.048778","10/5/2026 08:49:50.096202","570","10/5/2026 08:40:50.048778"
"28716","2309","65f6c083-747a-42a4-898c-114c91694cc8","10/5/2026 08:40:50.816717","10/5/2026 08:49:50.807466","570","10/5/2026 08:40:50.816717"
"28717","2576","a8b25387-a21b-4acb-8cd5-8fe01c673d74","10/5/2026 08:40:50.847172","10/5/2026 08:49:50.926457","570","10/5/2026 08:40:50.847172"
"28719","10481","51e0a06e-faf9-4642-8450-884fee6993fa","10/5/2026 08:40:54.383341","10/5/2026 08:49:54.357776","570","10/5/2026 08:40:54.383341"
"29660","2576","dbd9c0ed-b1a3-487c-83c1-5c0cb6256df7","10/5/2026 11:00:50.311846","10/5/2026 11:09:20.37911","540","10/5/2026 11:00:50.311846"
"29924","2576","fe85e7ea-15a2-4487-a36a-adda79eae197","10/5/2026 11:40:50.534114","10/5/2026 11:49:50.561504","570","10/5/2026 11:40:50.534114"
"29131","8228","adf336bb-1de1-4cf2-ae17-8c3290b58b5c","10/5/2026 09:40:49.300143","10/5/2026 09:49:49.308587","570","10/5/2026 09:40:49.300143"
"29132","2305","a10178fa-518f-40a6-b66c-5f6ecb2e2cff","10/5/2026 09:40:49.805489","10/5/2026 09:49:49.829482","570","10/5/2026 09:40:49.805489"
"29133","2309","24d40beb-98c5-4708-9b94-2df91be9fb95","10/5/2026 09:40:50.192697","10/5/2026 09:49:50.271711","570","10/5/2026 09:40:50.192697"
"29135","2303","e58352dc-64f8-4ddf-84be-7122a02307ae","10/5/2026 09:40:50.749445","10/5/2026 09:49:50.730538","570","10/5/2026 09:40:50.749445"
"28998","8228","22735557-0d0d-4123-9f73-e29bdf38f318","10/5/2026 09:20:49.497218","10/5/2026 09:29:49.499993","570","10/5/2026 09:20:49.497218"
"28999","10481","824900c9-886d-499a-931c-55347dcdce03","10/5/2026 09:20:49.887757","10/5/2026 09:29:49.897138","570","10/5/2026 09:20:49.887757"
"29001","2303","8c2a28b6-18b6-44ee-8930-bda4becae6c9","10/5/2026 09:20:50.501731","10/5/2026 09:29:50.558802","570","10/5/2026 09:20:50.501731"
"29002","2309","e39fd1c6-fc77-4a75-9f7c-73927b2b062f","10/5/2026 09:20:50.548424","10/5/2026 09:29:50.611879","570","10/5/2026 09:20:50.548424"
"29003","2576","01f2b1d3-f4c3-476c-82f1-5221c1575ee2","10/5/2026 09:20:51.086033","10/5/2026 09:29:51.116714","570","10/5/2026 09:20:51.086033"
"29000","2305","0054badd-aa76-4ee3-81f9-3d5ca22c9b6d","10/5/2026 09:20:50.11553","10/5/2026 09:29:51.421764","570","10/5/2026 09:20:50.11553"
"29004","2285","60b8f29e-deef-4072-bd4a-80077052633e","10/5/2026 09:20:51.573922","10/5/2026 09:29:51.639097","570","10/5/2026 09:20:51.573922"
"29136","2285","6d360c72-5078-4c2f-8bf4-503472d3131b","10/5/2026 09:40:50.793072","10/5/2026 09:49:50.845959","570","10/5/2026 09:40:50.793072"
"29137","2576","c074c634-fe1f-40fc-8691-c201d5c79485","10/5/2026 09:40:53.053357","10/5/2026 09:49:53.011237","570","10/5/2026 09:40:53.053357"
"29794","2309","699f1eaa-5a06-4d5d-a8d5-8901012a8ad8","10/5/2026 11:20:50.605033","10/5/2026 11:29:50.60062","570","10/5/2026 11:20:50.605033"
"28865","2309","7e8bc4d4-9fcd-4c87-b537-879136481930","10/5/2026 09:00:49.946645","10/5/2026 09:09:50.057733","570","10/5/2026 09:00:49.946645"
"28867","8228","99394b5a-2a7c-4370-8b6d-e1d86b061359","10/5/2026 09:00:50.478323","10/5/2026 09:09:50.522715","570","10/5/2026 09:00:50.478323"
"28868","2305","61691cba-e809-4483-8cd0-bf28e4626e5e","10/5/2026 09:00:50.558232","10/5/2026 09:09:50.629928","570","10/5/2026 09:00:50.558232"
"28866","2576","723433a8-e841-428c-babc-1c994c168f4d","10/5/2026 09:00:50.204681","10/5/2026 09:09:51.095218","570","10/5/2026 09:00:50.204681"
"28869","2285","de90390f-8c11-4acc-8ef2-10253ced551a","10/5/2026 09:00:51.105195","10/5/2026 09:09:51.222065","570","10/5/2026 09:00:51.105195"
"28724","2303","40d372db-152c-4877-b0d7-951c04b14635","10/5/2026 08:41:21.20779","10/5/2026 09:09:51.327072","1770","10/5/2026 08:41:21.20779"
"28870","10481","dc2f4842-b248-4309-ab6f-fa1cfb749be6","10/5/2026 09:00:51.498073","10/5/2026 09:09:51.519548","570","10/5/2026 09:00:51.498073"
"29795","2303","4c0d6e9e-da16-49e0-95a1-de28efeb11a7","10/5/2026 11:20:51.146258","10/5/2026 11:29:51.150678","570","10/5/2026 11:20:51.146258"
"29796","2285","9f3520a6-d73f-4276-a633-13446518130f","10/5/2026 11:20:51.669734","10/5/2026 11:29:51.572309","570","10/5/2026 11:20:51.669734"
"29394","8228","f871c748-3999-407b-90a3-8dbd67eb1df9","10/5/2026 10:20:49.244449","10/5/2026 10:29:49.270171","570","10/5/2026 10:20:49.244449"
"29395","2309","3d030d37-0f4b-4a2e-9bcc-355a028b96fa","10/5/2026 10:20:49.468509","10/5/2026 10:29:49.489721","570","10/5/2026 10:20:49.468509"
"29396","2285","75073efe-bcf8-48ec-afce-2f825302c8fb","10/5/2026 10:20:50.301967","10/5/2026 10:29:50.271861","570","10/5/2026 10:20:50.301967"
"29397","2576","616fb017-7d5f-4169-814d-9af3dba020a1","10/5/2026 10:20:50.38299","10/5/2026 10:29:50.387176","570","10/5/2026 10:20:50.38299"
"29398","2303","5ec5d4ce-cf48-4c79-af3f-0e0b14b7dcac","10/5/2026 10:20:50.467005","10/5/2026 10:29:50.472752","570","10/5/2026 10:20:50.467005"
"29399","2305","06b8f2c5-6f54-4591-a5a4-310400422188","10/5/2026 10:20:50.873355","10/5/2026 10:29:50.852485","570","10/5/2026 10:20:50.873355"
"29400","10481","dd964c77-daf2-46ff-a298-0eb5926304ad","10/5/2026 10:20:51.440951","10/5/2026 10:29:51.476592","570","10/5/2026 10:20:51.440951"
"29525","8228","2c5b8fd4-18d8-465a-9bee-96d4caa46d8a","10/5/2026 10:40:49.219219","10/5/2026 10:49:49.219322","570","10/5/2026 10:40:49.219219"
"29526","2305","bc7f1973-611f-443e-b0d6-ac94f98b99b6","10/5/2026 10:40:50.127286","10/5/2026 10:49:50.12529","570","10/5/2026 10:40:50.127286"
"29527","2303","21d6715d-136f-4047-8547-a86ee0639795","10/5/2026 10:40:50.432344","10/5/2026 10:49:50.474735","570","10/5/2026 10:40:50.432344"
"29528","10481","513081e4-b870-426f-ac1e-2a0f0c05f0a2","10/5/2026 10:40:50.508724","10/5/2026 10:49:50.539464","570","10/5/2026 10:40:50.508724"
"29529","2309","f694dfea-6588-4dae-a8d7-a199cbb97ea2","10/5/2026 10:40:50.614444","10/5/2026 10:49:50.62507","570","10/5/2026 10:40:50.614444"
"29262","8228","ad022926-da6a-463e-bf6c-6fb49abde06f","10/5/2026 10:00:49.636331","10/5/2026 10:09:49.636414","570","10/5/2026 10:00:49.636331"
"29263","10481","58883759-9082-4033-8ffb-6a8afc6352ef","10/5/2026 10:00:49.930521","10/5/2026 10:09:49.950238","570","10/5/2026 10:00:49.930521"
"29530","2576","207869ea-61cd-42c0-973f-0d6bbaef79ef","10/5/2026 10:40:51.041608","10/5/2026 10:49:51.00209","570","10/5/2026 10:40:51.041608"
"29265","2309","03d16a9a-5def-4093-b790-f64dbd4c6c0f","10/5/2026 10:00:50.646942","10/5/2026 10:09:50.651988","570","10/5/2026 10:00:50.646942"
"29264","2303","06a68d82-0387-407c-bbe0-7ecaa2db199a","10/5/2026 10:00:50.539314","10/5/2026 10:09:50.684969","570","10/5/2026 10:00:50.539314"
"29531","2285","2d0d9fc2-d799-4fe7-9e72-4619c0b5b973","10/5/2026 10:40:51.791402","10/5/2026 10:49:51.870165","570","10/5/2026 10:40:51.791402"
"29266","2285","084fac2f-ae8c-4082-9cb6-7d8c1c9afddc","10/5/2026 10:00:50.917301","10/5/2026 10:09:50.966906","570","10/5/2026 10:00:50.917301"
"29267","2576","571bc52d-d0ee-4e1e-b476-3e693e83908e","10/5/2026 10:00:51.341247","10/5/2026 10:09:51.344726","570","10/5/2026 10:00:51.341247"
"29268","2305","6297c74d-78b3-4317-8a41-026b96bbf92f","10/5/2026 10:00:51.569618","10/5/2026 10:09:51.541481","570","10/5/2026 10:00:51.569618"
"29658","8228","f6e6613e-5e27-44ad-ab32-b12bce370083","10/5/2026 11:00:49.606185","10/5/2026 11:09:49.62513","570","10/5/2026 11:00:49.606185"
"29659","2303","697603f0-dbee-4882-ac94-bb230c0426df","10/5/2026 11:00:49.750855","10/5/2026 11:09:49.762787","570","10/5/2026 11:00:49.750855"
"29661","2305","b43675a5-0385-4b0f-a75b-195bba3d1976","10/5/2026 11:00:50.752642","10/5/2026 11:09:50.770453","570","10/5/2026 11:00:50.752642"
"29662","2285","2aa8cbf0-61b3-41b4-b4bb-4cd3fd18c1f7","10/5/2026 11:00:50.793412","10/5/2026 11:09:50.912332","570","10/5/2026 11:00:50.793412"
"29663","10481","704fcac4-31ca-4563-ba9c-9aaef457fc0f","10/5/2026 11:00:51.332646","10/5/2026 11:09:51.314706","570","10/5/2026 11:00:51.332646"
"29664","2309","b02d3371-d6fe-499f-9c3d-55bed65128e1","10/5/2026 11:00:52.23401","10/5/2026 11:09:52.364002","570","10/5/2026 11:00:52.23401"
"29790","8228","ff90b14d-d930-42a1-8431-5f9f9c8ff711","10/5/2026 11:20:49.490312","10/5/2026 11:29:49.424559","570","10/5/2026 11:20:49.490312"
"29791","2305","bc1ae6b9-2443-485f-a821-25262c3984cd","10/5/2026 11:20:49.80563","10/5/2026 11:29:49.814246","570","10/5/2026 11:20:49.80563"
"29792","10481","68a1d038-72f7-4b9b-8971-75ac3f579f33","10/5/2026 11:20:50.309776","10/5/2026 11:29:50.301828","570","10/5/2026 11:20:50.309776"
"30060","2303","25c3be47-b3ae-4e97-8df4-459a2e51c48e","10/5/2026 12:00:51.000789","10/5/2026 12:09:51.007446","570","10/5/2026 12:00:51.000789"
"29793","2576","5785416a-6af7-44e9-8f19-9580908b155b","10/5/2026 11:20:50.334731","10/5/2026 11:29:50.365797","570","10/5/2026 11:20:50.334731"
"29927","2303","d819c5df-7737-472b-8726-553759cffaed","10/5/2026 11:40:50.736605","10/5/2026 11:49:50.718558","570","10/5/2026 11:40:50.736605"
"29926","8228","986f2572-940a-4e55-991f-2d6f348c3746","10/5/2026 11:40:50.541815","10/5/2026 11:49:51.353768","570","10/5/2026 11:40:50.541815"
"29928","2309","d54ad75a-1f41-409a-85b2-46547fc2bb55","10/5/2026 11:40:51.314827","10/5/2026 11:49:51.320392","570","10/5/2026 11:40:51.314827"
"29923","10481","f9c18ed1-7d6c-4b81-bcb8-acee1fc5fbab","10/5/2026 11:40:50.328062","10/5/2026 11:49:50.355717","570","10/5/2026 11:40:50.328062"
"29929","2285","1f2342c2-7974-4866-b00b-90d4f6d5dc63","10/5/2026 11:40:51.415437","10/5/2026 11:49:51.414709","570","10/5/2026 11:40:51.415437"
"31438","2305","cb8af6ab-7671-4e9e-b5d3-ebaed0f3251d","10/5/2026 15:40:50.130875","10/5/2026 15:49:50.139836","570","10/5/2026 15:40:50.130875"
"31079","2303","726d3300-e0c9-4707-9974-6fbacf442cc4","10/5/2026 14:40:51.235027","10/5/2026 14:49:51.232786","570","10/5/2026 14:40:51.235027"
"49996","2214","853f042a-7005-4998-9c95-f67999f160aa","21/5/2026 04:00:57.178133","21/5/2026 04:09:57.074385","570","21/5/2026 04:00:57.178133"
"30057","10481","8b41bac4-f562-408c-9dc0-e114ea4a76a1","10/5/2026 12:00:50.518325","10/5/2026 12:09:50.518143","570","10/5/2026 12:00:50.518325"
"31439","10481","14a87819-4248-4807-89c4-0a9b67c694bc","10/5/2026 15:40:50.243309","10/5/2026 15:49:50.2621","570","10/5/2026 15:40:50.243309"
"30435","8228","8ef0fbfb-5e5f-446e-90ec-4a145c1abc18","10/5/2026 13:00:49.521917","10/5/2026 13:09:49.538293","570","10/5/2026 13:00:49.521917"
"30437","2576","635f6d99-be4f-4d44-839d-e2c6a377f9ce","10/5/2026 13:00:50.260993","10/5/2026 13:09:50.261852","570","10/5/2026 13:00:50.260993"
"30436","10481","23e81a39-454c-4a63-93fa-7c28b657f798","10/5/2026 13:00:50.245255","10/5/2026 13:09:50.373346","570","10/5/2026 13:00:50.245255"
"30056","8228","1fa6d0f4-0ce6-4f56-9a4d-46ea813149b3","10/5/2026 12:00:49.677491","10/5/2026 12:09:49.722297","570","10/5/2026 12:00:49.677491"
"30058","2309","7ea0077d-2d03-4f26-87cb-3123d748469c","10/5/2026 12:00:50.735006","10/5/2026 12:09:50.845697","570","10/5/2026 12:00:50.735006"
"30059","2576","ac1752bc-1c76-474d-9b93-eacbde13d164","10/5/2026 12:00:50.98663","10/5/2026 12:09:50.965431","570","10/5/2026 12:00:50.98663"
"30061","2305","db7f01a0-67dd-4d4b-84ab-4424ab1742d9","10/5/2026 12:00:51.348514","10/5/2026 12:09:51.320892","570","10/5/2026 12:00:51.348514"
"30062","2285","9fffe2db-17fc-4551-b7d6-2cc00d145122","10/5/2026 12:00:51.548283","10/5/2026 12:09:51.546499","570","10/5/2026 12:00:51.548283"
"30438","2285","8dab82d1-c154-4315-9801-7e24290e718d","10/5/2026 13:00:50.521817","10/5/2026 13:09:50.519071","570","10/5/2026 13:00:50.521817"
"30439","2303","7812b0d4-0d64-4f77-ac41-5d4e4dc1911d","10/5/2026 13:00:50.629867","10/5/2026 13:09:50.699782","570","10/5/2026 13:00:50.629867"
"30440","2309","c072244c-0fc2-4396-b82b-98f3baa69867","10/5/2026 13:00:51.461779","10/5/2026 13:09:51.568738","570","10/5/2026 13:00:51.461779"
"30190","2576","8d0eee06-958f-4167-8e2f-33e1fd2c766e","10/5/2026 12:20:53.841011","10/5/2026 12:29:53.825706","570","10/5/2026 12:20:53.841011"
"30189","10481","0731901d-170f-4a90-a661-5c54eb7e5062","10/5/2026 12:20:53.791621","10/5/2026 12:29:53.877084","570","10/5/2026 12:20:53.791621"
"30191","8228","680da020-83db-44c7-821e-4aec642c8e16","10/5/2026 12:20:54.116154","10/5/2026 12:29:54.079717","570","10/5/2026 12:20:54.116154"
"30192","2303","3138fd6a-f017-4df0-96de-2c72c820f1e7","10/5/2026 12:20:54.419352","10/5/2026 12:29:54.455328","570","10/5/2026 12:20:54.419352"
"30193","2305","ab742887-3b9b-4171-b601-6955a0e2158f","10/5/2026 12:20:54.56561","10/5/2026 12:29:54.561645","570","10/5/2026 12:20:54.56561"
"30194","2285","807ada74-4b33-410e-88ff-48c583a9059f","10/5/2026 12:20:55.025575","10/5/2026 12:29:54.955238","570","10/5/2026 12:20:55.025575"
"30195","2309","332b2d96-2246-4eeb-ac1e-d0415d65c459","10/5/2026 12:20:57.266643","10/5/2026 12:29:57.279263","570","10/5/2026 12:20:57.266643"
"31969","2305","d0085aad-c768-40ee-ad16-7bcf4a33f55c","10/5/2026 17:00:50.298578","10/5/2026 17:09:50.423815","570","10/5/2026 17:00:50.298578"
"30810","8228","68afdb4f-d26b-473d-ba2d-c74e90269a66","10/5/2026 14:00:49.481246","10/5/2026 14:09:49.519162","570","10/5/2026 14:00:49.481246"
"30812","10481","493e292e-f379-44e7-99fc-39c99da24122","10/5/2026 14:00:50.655781","10/5/2026 14:09:50.652896","570","10/5/2026 14:00:50.655781"
"30814","2309","99eae3e9-0e55-435b-a4cd-c06aa3a81245","10/5/2026 14:00:50.774202","10/5/2026 14:09:51.065993","570","10/5/2026 14:00:50.774202"
"30549","2305","45b77fb7-254e-449e-9dd7-bd3dd14a6056","10/5/2026 13:20:50.720646","10/5/2026 13:29:20.662279","540","10/5/2026 13:20:50.720646"
"30816","2303","92d2b225-2ec7-47ff-9258-e46e0523df76","10/5/2026 14:00:51.488388","10/5/2026 14:09:51.47044","570","10/5/2026 14:00:51.488388"
"31077","2285","a54b9e4b-1a50-44f2-82fd-730b31d44ef8","10/5/2026 14:40:50.744664","10/5/2026 14:49:50.793829","570","10/5/2026 14:40:50.744664"
"30322","2576","2cdd68a2-4f69-4dce-9c62-82b596c66bc2","10/5/2026 12:40:50.20107","10/5/2026 12:49:50.22195","570","10/5/2026 12:40:50.20107"
"30323","2285","2b3eeff6-340a-4fcf-af0e-01bee72eabfc","10/5/2026 12:40:50.67598","10/5/2026 12:49:50.674633","570","10/5/2026 12:40:50.67598"
"30325","8228","cf7ee4a6-f55b-46b7-90b0-8683e337d8be","10/5/2026 12:40:51.010808","10/5/2026 12:49:51.01662","570","10/5/2026 12:40:51.010808"
"30324","2309","da975927-b1ca-4d9f-8c6d-d87f8b38afed","10/5/2026 12:40:50.996008","10/5/2026 12:49:51.015347","570","10/5/2026 12:40:50.996008"
"30327","10481","d31258fa-ca17-4790-a815-4ecf1bdb276d","10/5/2026 12:40:51.210518","10/5/2026 12:49:51.173448","570","10/5/2026 12:40:51.210518"
"30326","2303","d6916248-27f6-4934-983a-6382e2e94722","10/5/2026 12:40:51.148997","10/5/2026 12:49:51.245879","570","10/5/2026 12:40:51.148997"
"30547","8228","32dc4433-4174-4b2c-8797-21690abd6dd3","10/5/2026 13:20:49.873654","10/5/2026 13:29:49.828509","570","10/5/2026 13:20:49.873654"
"30548","2303","6133cccf-2103-4ffe-84fa-9a4b1a21bc6f","10/5/2026 13:20:50.551387","10/5/2026 13:29:50.54689","570","10/5/2026 13:20:50.551387"
"30550","10481","56259f47-ef78-4941-af6b-58f669b879e2","10/5/2026 13:20:50.801197","10/5/2026 13:29:50.855064","570","10/5/2026 13:20:50.801197"
"30552","2309","fc559ed7-e3c2-4aff-86bb-eabfee3776fa","10/5/2026 13:20:51.150148","10/5/2026 13:29:51.154188","570","10/5/2026 13:20:51.150148"
"30553","2576","d532095d-7104-4033-86b4-099d27e6b913","10/5/2026 13:20:51.237514","10/5/2026 13:29:51.208302","570","10/5/2026 13:20:51.237514"
"31569","2576","5434ccdd-7ae8-4e20-9255-527868f88154","10/5/2026 16:00:50.200131","10/5/2026 16:09:50.339763","570","10/5/2026 16:00:50.200131"
"31571","2309","1a623300-648c-40d5-8a1c-a3d2eef4540e","10/5/2026 16:00:50.453254","10/5/2026 16:09:50.474547","570","10/5/2026 16:00:50.453254"
"31573","2285","d55b8c13-cd3e-4494-95c6-fe85adade654","10/5/2026 16:00:50.964786","10/5/2026 16:09:50.963007","570","10/5/2026 16:00:50.964786"
"30551","2285","ad95453f-fea3-4ebc-bed0-35dd600294fd","10/5/2026 13:20:51.108321","10/5/2026 13:29:51.237479","570","10/5/2026 13:20:51.108321"
"31303","2305","8f9e33a3-e6eb-44cd-a52e-6200416e401a","10/5/2026 15:20:50.001478","10/5/2026 15:29:50.002591","570","10/5/2026 15:20:50.001478"
"31304","2309","560bc45c-1352-4748-9a35-afd7dbc19cb0","10/5/2026 15:20:50.21919","10/5/2026 15:29:50.224654","570","10/5/2026 15:20:50.21919"
"31305","2576","e9696894-1f6c-4ee1-a84b-cbf028476a1c","10/5/2026 15:20:50.653443","10/5/2026 15:29:50.686954","570","10/5/2026 15:20:50.653443"
"31306","10481","15752d1b-e859-4900-aa53-cf5b9057b2de","10/5/2026 15:20:50.720173","10/5/2026 15:29:50.737172","570","10/5/2026 15:20:50.720173"
"31307","8228","df72bc7d-ebf2-4343-93bf-277e84992ad3","10/5/2026 15:20:50.736686","10/5/2026 15:29:50.774186","570","10/5/2026 15:20:50.736686"
"31308","2303","831cd1fa-5fea-4f76-a0fa-f0d5ed88599c","10/5/2026 15:20:51.101886","10/5/2026 15:29:51.221336","570","10/5/2026 15:20:51.101886"
"31309","2285","811ef953-aacf-41c0-8f6f-2d646e2df207","10/5/2026 15:20:52.721342","10/5/2026 15:29:52.739873","570","10/5/2026 15:20:52.721342"
"31575","2303","d836bcc9-d798-4a89-91f0-eaf59edcf855","10/5/2026 16:00:51.307753","10/5/2026 16:09:51.374012","570","10/5/2026 16:00:51.307753"
"31189","2309","3e6b3aba-7c82-4b0b-aab1-418c94fd70b4","10/5/2026 15:00:49.879647","10/5/2026 15:09:49.894761","570","10/5/2026 15:00:49.879647"
"31190","2303","46a04cc0-250b-4756-980d-4c76136424ca","10/5/2026 15:00:50.139816","10/5/2026 15:09:50.145522","570","10/5/2026 15:00:50.139816"
"31193","2285","38aea692-0d44-46a9-9147-da2d2dd9a1fd","10/5/2026 15:00:51.189061","10/5/2026 15:09:51.189237","570","10/5/2026 15:00:51.189061"
"32238","2576","5dafe148-89ff-44b7-b051-8b22b2cc0f0a","10/5/2026 17:40:50.429905","10/5/2026 17:49:50.434574","570","10/5/2026 17:40:50.429905"
"31704","2576","8bd953de-572f-4b66-8d2b-2044d58c5381","10/5/2026 16:20:50.222985","10/5/2026 16:29:50.222961","570","10/5/2026 16:20:50.222985"
"31705","2303","d21a0c42-acdc-47be-a5d0-4fe765b6ab82","10/5/2026 16:20:50.482129","10/5/2026 16:29:50.452929","570","10/5/2026 16:20:50.482129"
"31706","2285","f927d04b-1785-4818-89fa-604fbf822f2a","10/5/2026 16:20:50.93614","10/5/2026 16:29:50.965881","570","10/5/2026 16:20:50.93614"
"31835","2305","50585719-24f5-4756-a549-ff29fe3d0c48","10/5/2026 16:40:50.023648","10/5/2026 16:49:50.185432","570","10/5/2026 16:40:50.023648"
"31839","10481","4769e7bf-c803-4a33-9548-7c61448ba877","10/5/2026 16:40:51.060157","10/5/2026 16:49:51.113375","570","10/5/2026 16:40:51.060157"
"31840","2576","e03b2d7e-ad45-4f02-8a63-211c7f982f64","10/5/2026 16:40:51.695408","10/5/2026 16:49:51.730766","570","10/5/2026 16:40:51.695408"
"31967","8228","d7db016a-af8f-4c6c-bcce-9f03750678f2","10/5/2026 17:00:49.621341","10/5/2026 17:09:49.616253","570","10/5/2026 17:00:49.621341"
"31970","2576","a3b7f9d4-1e94-4593-b438-5c55a8a02c9f","10/5/2026 17:00:50.300635","10/5/2026 17:09:50.314808","570","10/5/2026 17:00:50.300635"
"32103","2576","480614fe-aec2-48f9-8979-db58ea43c7a4","10/5/2026 17:20:50.724184","10/5/2026 17:29:50.746355","570","10/5/2026 17:20:50.724184"
"32100","8228","a8080445-970f-4027-bcda-0f9fb207f844","10/5/2026 17:20:49.951554","10/5/2026 17:29:49.911419","570","10/5/2026 17:20:49.951554"
"32105","10481","69738edb-ad85-4483-b667-890040658d20","10/5/2026 17:20:50.961644","10/5/2026 17:29:50.943085","570","10/5/2026 17:20:50.961644"
"32106","2285","f5d4455e-798f-4cc4-bf95-1258044f6800","10/5/2026 17:20:51.6527","10/5/2026 17:29:51.676247","570","10/5/2026 17:20:51.6527"
"32234","2305","e2c633b7-9bf7-4b1a-abf4-9b15b8eb3e04","10/5/2026 17:40:49.68331","10/5/2026 17:49:49.737065","570","10/5/2026 17:40:49.68331"
"32370","2305","399b8ac9-a95d-4943-83cd-29a1df88e588","10/5/2026 18:00:51.278385","10/5/2026 18:09:51.272832","570","10/5/2026 18:00:51.278385"
"32236","2309","ce9befa4-6019-4086-aef9-0a153ced15ec","10/5/2026 17:40:49.95026","10/5/2026 17:49:50.015545","570","10/5/2026 17:40:49.95026"
"32372","2285","5713b804-dfb9-4a6d-a5a2-bd1304c312ce","10/5/2026 18:00:51.684507","10/5/2026 18:09:51.708507","570","10/5/2026 18:00:51.684507"
"32366","8228","003dda18-1396-483c-9936-6e6df9b2142f","10/5/2026 18:00:49.481267","10/5/2026 18:09:49.474643","570","10/5/2026 18:00:49.481267"
"32368","2309","0b711a40-52f5-4277-aaa4-a03b75ac58dc","10/5/2026 18:00:50.138381","10/5/2026 18:09:50.164238","570","10/5/2026 18:00:50.138381"
"50808","2162","9e6ab7ef-d306-4c4e-8ed9-8c3df77cd0c5","22/5/2026 02:21:05.931134","22/5/2026 02:30:05.94461","570","22/5/2026 02:21:05.931134"
"31440","2309","42c0d824-b80a-4a35-ac54-7f1e09e30b3c","10/5/2026 15:40:50.703705","10/5/2026 15:49:50.74862","570","10/5/2026 15:40:50.703705"
"32239","2285","2f527528-e9ea-4ada-b4ec-5d55836d42ca","10/5/2026 17:40:51.517083","10/5/2026 17:49:51.478447","570","10/5/2026 17:40:51.517083"
"32101","2303","ab67e0f6-92be-427f-9675-217b7cd2b1af","10/5/2026 17:20:49.96079","10/5/2026 17:29:49.967053","570","10/5/2026 17:20:49.96079"
"30811","2576","b703fa7f-7b96-4054-b81e-dc7244c4a065","10/5/2026 14:00:50.05294","10/5/2026 14:09:50.045751","570","10/5/2026 14:00:50.05294"
"30813","2285","ca192a0f-a0d9-4e65-8d3b-d78602dff388","10/5/2026 14:00:50.724699","10/5/2026 14:09:50.685516","570","10/5/2026 14:00:50.724699"
"30815","2305","6a397f9d-fdd7-4971-a1fa-6fe3ae10cccd","10/5/2026 14:00:51.094511","10/5/2026 14:09:51.080886","570","10/5/2026 14:00:51.094511"
"32102","2309","75a956cf-79a5-4fb9-8d9d-b0505fe00bf6","10/5/2026 17:20:49.982817","10/5/2026 17:29:50.003476","570","10/5/2026 17:20:49.982817"
"32104","2305","c8423d1a-ba79-4788-ba4a-2ee3a0c03388","10/5/2026 17:20:50.832453","10/5/2026 17:29:50.821647","570","10/5/2026 17:20:50.832453"
"30943","8228","8872abc4-3153-4651-b016-e123aa9026ca","10/5/2026 14:20:49.55433","10/5/2026 14:29:49.542825","570","10/5/2026 14:20:49.55433"
"30945","2576","abf21bd8-cefb-48bd-82e7-8de21a5f1fee","10/5/2026 14:20:50.084114","10/5/2026 14:29:50.10103","570","10/5/2026 14:20:50.084114"
"30944","10481","d5a60322-b06d-4bba-aa06-5d05dad1d0f4","10/5/2026 14:20:50.069825","10/5/2026 14:29:50.12866","570","10/5/2026 14:20:50.069825"
"30946","2303","4a789e4a-eb63-49a4-9523-f85b983428a7","10/5/2026 14:20:50.227198","10/5/2026 14:29:50.233297","570","10/5/2026 14:20:50.227198"
"30947","2285","ea7f6510-2b0f-4fd1-a841-a79ce3aacea5","10/5/2026 14:20:50.408161","10/5/2026 14:29:50.413282","570","10/5/2026 14:20:50.408161"
"30948","2305","8942eea0-92c8-464e-bd86-342682beee69","10/5/2026 14:20:50.47573","10/5/2026 14:29:50.580253","570","10/5/2026 14:20:50.47573"
"30949","2309","b16c98f5-bf72-4046-b210-00d3189ebe4f","10/5/2026 14:20:51.340803","10/5/2026 14:29:51.389615","570","10/5/2026 14:20:51.340803"
"30677","8228","d28a3666-6331-4894-a3fc-4270a1df8f2b","10/5/2026 13:40:49.171271","10/5/2026 13:49:49.158081","570","10/5/2026 13:40:49.171271"
"30678","2576","7aa87e94-d839-4441-b018-82962876e3a3","10/5/2026 13:40:49.487945","10/5/2026 13:49:49.52153","570","10/5/2026 13:40:49.487945"
"30679","10481","303c722b-b89a-491e-be56-7620c4506e63","10/5/2026 13:40:49.717752","10/5/2026 13:49:49.724437","570","10/5/2026 13:40:49.717752"
"30680","2303","7cf5424b-74de-454b-baef-dc3fcedf056a","10/5/2026 13:40:50.443417","10/5/2026 13:49:50.427944","570","10/5/2026 13:40:50.443417"
"30681","2285","508b7023-0c4e-41ea-b086-13db22aaeddf","10/5/2026 13:40:50.520702","10/5/2026 13:49:50.484092","570","10/5/2026 13:40:50.520702"
"30682","2305","942c8d39-7e92-48aa-af48-79249d776ae5","10/5/2026 13:40:50.81153","10/5/2026 13:49:50.818016","570","10/5/2026 13:40:50.81153"
"30683","2309","486961a1-89f8-4f67-b772-b3d79baeb361","10/5/2026 13:40:51.285832","10/5/2026 13:49:51.265308","570","10/5/2026 13:40:51.285832"
"32503","10481","b58f4b12-e378-4297-869f-29edbceeb5af","10/5/2026 18:20:56.314731","10/5/2026 18:29:56.298239","570","10/5/2026 18:20:56.314731"
"31191","2576","117b34bc-e692-42b3-a0fa-633f60c38fa6","10/5/2026 15:00:50.289452","10/5/2026 15:09:50.299553","570","10/5/2026 15:00:50.289452"
"31192","2305","608a7dce-29e7-4d9d-8e6f-db3b294ec92b","10/5/2026 15:00:50.319733","10/5/2026 15:09:50.330389","570","10/5/2026 15:00:50.319733"
"31194","10481","29d510b1-15d1-4232-b57f-df4e58edb108","10/5/2026 15:00:51.396775","10/5/2026 15:09:51.388133","570","10/5/2026 15:00:51.396775"
"31702","8228","fccb15b8-21bf-4c3f-a203-4f3ee5860b1f","10/5/2026 16:20:49.420684","10/5/2026 16:29:49.429021","570","10/5/2026 16:20:49.420684"
"31707","2309","64ddf28b-f797-447a-a159-8d572c326dae","10/5/2026 16:20:51.133429","10/5/2026 16:29:51.189252","570","10/5/2026 16:20:51.133429"
"31708","10481","59313a1a-7ec3-41e3-800a-1d5e9a153134","10/5/2026 16:20:51.595594","10/5/2026 16:29:51.5962","570","10/5/2026 16:20:51.595594"
"32505","2305","260358c4-a24c-48e3-9dbb-c9a4f2d18256","10/5/2026 18:20:56.378882","10/5/2026 18:29:56.39236","570","10/5/2026 18:20:56.378882"
"32504","2285","3d246852-f225-4a4a-b922-c85ff7be5a36","10/5/2026 18:20:56.357984","10/5/2026 18:29:56.513603","570","10/5/2026 18:20:56.357984"
"31080","2305","0e3b0091-2dd7-4321-be1e-4b140b9b7b59","10/5/2026 14:40:52.063527","10/5/2026 14:49:52.016342","570","10/5/2026 14:40:52.063527"
"31834","8228","a8a60eaf-5e4d-4678-8799-c6a27acb7f76","10/5/2026 16:40:49.327589","10/5/2026 16:49:49.317007","570","10/5/2026 16:40:49.327589"
"31836","2303","ede2a8cb-fa4f-49c0-8859-824c0b5896cf","10/5/2026 16:40:50.224174","10/5/2026 16:49:50.243095","570","10/5/2026 16:40:50.224174"
"31837","2309","368d16db-28e9-4c5d-bd92-418190f5345a","10/5/2026 16:40:50.408893","10/5/2026 16:49:50.400233","570","10/5/2026 16:40:50.408893"
"31971","2309","5e6aa23e-b53c-4ced-baa6-3bf52ba5fcf1","10/5/2026 17:00:50.493597","10/5/2026 17:09:50.499238","570","10/5/2026 17:00:50.493597"
"31972","10481","a4e48931-94eb-48f6-80c5-6c19251a7419","10/5/2026 17:00:51.222805","10/5/2026 17:09:51.254389","570","10/5/2026 17:00:51.222805"
"31973","2285","9676a0c2-e3b7-4120-8ef0-6a98c3589f10","10/5/2026 17:00:51.298575","10/5/2026 17:09:51.329081","570","10/5/2026 17:00:51.298575"
"31570","8228","e270246b-9747-444d-85b6-6e454878c2ed","10/5/2026 16:00:50.334815","10/5/2026 16:09:50.370499","570","10/5/2026 16:00:50.334815"
"31572","10481","9500bae8-733b-46cc-b1f8-131469618415","10/5/2026 16:00:50.800934","10/5/2026 16:09:50.771071","570","10/5/2026 16:00:50.800934"
"31574","2305","554456d8-67f6-4e54-ae8b-7f2f8a8e9bac","10/5/2026 16:00:51.019575","10/5/2026 16:09:50.990621","570","10/5/2026 16:00:51.019575"
"32367","2576","33a59c9d-fd18-41fd-837d-be046fdd3524","10/5/2026 18:00:50.083654","10/5/2026 18:09:50.089957","570","10/5/2026 18:00:50.083654"
"32369","2303","de9fd081-cffe-470a-a6e9-8160db70f06c","10/5/2026 18:00:50.328949","10/5/2026 18:09:50.294853","570","10/5/2026 18:00:50.328949"
"32371","10481","6240683f-d6cb-4558-adca-f54aca9f8265","10/5/2026 18:00:51.460452","10/5/2026 18:09:51.555918","570","10/5/2026 18:00:51.460452"
"32233","8228","833713b4-07b1-457b-8347-7390165226e3","10/5/2026 17:40:49.47427","10/5/2026 17:49:49.463867","570","10/5/2026 17:40:49.47427"
"32235","2303","8effdedf-5325-40d0-b31d-c3952f47b8a4","10/5/2026 17:40:49.819159","10/5/2026 17:49:49.922196","570","10/5/2026 17:40:49.819159"
"32767","8228","b321530e-e076-48c3-a1c1-a95d1a7762eb","10/5/2026 19:00:52.593153","10/5/2026 19:09:52.589254","570","10/5/2026 19:00:52.593153"
"32769","2285","21c9cd59-2b5f-4f71-aea1-caff9f22c01b","10/5/2026 19:00:53.628753","10/5/2026 19:09:53.615516","570","10/5/2026 19:00:53.628753"
"32237","10481","0579ff41-dcb6-4d8d-baf2-584a275e0566","10/5/2026 17:40:50.084182","10/5/2026 17:49:50.081391","570","10/5/2026 17:40:50.084182"
"32765","2305","ae07a33d-3767-499f-8499-21992b932833","10/5/2026 19:00:50.01945","10/5/2026 19:09:50.069239","570","10/5/2026 19:00:50.01945"
"32902","2576","3ec57379-b4df-4a6a-9325-16367d11b50b","10/5/2026 19:20:51.216881","10/5/2026 19:29:51.303413","570","10/5/2026 19:20:51.216881"
"32771","2303","b1940243-7441-4d00-a24a-7cd4f77c13db","10/5/2026 19:00:54.639799","10/5/2026 19:09:54.544708","570","10/5/2026 19:00:54.639799"
"32766","10481","d1f8f5e1-8e62-4d89-a084-b1da145270f0","10/5/2026 19:00:52.569745","10/5/2026 19:09:52.575926","570","10/5/2026 19:00:52.569745"
"32632","8228","8152efef-0551-43e8-8ef8-ec68bef03a06","10/5/2026 18:40:49.711428","10/5/2026 18:49:49.70194","570","10/5/2026 18:40:49.711428"
"32633","2303","c956f27c-98a5-46f7-867c-b091aeacb04a","10/5/2026 18:40:49.765895","10/5/2026 18:49:49.776607","570","10/5/2026 18:40:49.765895"
"32499","2576","67f679e2-f53e-483b-932b-0d515a73ae47","10/5/2026 18:20:55.092414","10/5/2026 18:29:55.114411","570","10/5/2026 18:20:55.092414"
"32501","8228","deb803f2-9790-4656-ad9f-88810f7f1876","10/5/2026 18:20:55.659668","10/5/2026 18:29:55.655052","570","10/5/2026 18:20:55.659668"
"32500","2303","132d64ec-575c-46c0-903c-f764aa734878","10/5/2026 18:20:55.60662","10/5/2026 18:29:55.718689","570","10/5/2026 18:20:55.60662"
"32502","2309","691efce2-e6f9-4e28-af9b-815b8fc8c198","10/5/2026 18:20:55.779402","10/5/2026 18:29:55.818637","570","10/5/2026 18:20:55.779402"
"32770","2576","a39c5675-13ab-4bbc-a458-3f864d42ea5e","10/5/2026 19:00:53.997153","10/5/2026 19:09:53.995931","570","10/5/2026 19:00:53.997153"
"32634","2576","cad13441-d1da-413d-a802-2712ace027a6","10/5/2026 18:40:49.886329","10/5/2026 18:49:49.902965","570","10/5/2026 18:40:49.886329"
"32635","2305","74b753b4-8bb0-4616-aaa8-42d5b7dc6c72","10/5/2026 18:40:50.060848","10/5/2026 18:49:50.077368","570","10/5/2026 18:40:50.060848"
"32636","2285","6f653261-54f5-42e4-87c2-94a6362ab5d0","10/5/2026 18:40:50.393843","10/5/2026 18:49:50.412784","570","10/5/2026 18:40:50.393843"
"32637","10481","7ab61e4b-b519-4474-91a2-3bdbd2128f13","10/5/2026 18:40:50.996716","10/5/2026 18:49:50.996473","570","10/5/2026 18:40:50.996716"
"32638","2309","e6f79a8c-c0db-4d26-9c14-147b44682799","10/5/2026 18:40:53.468448","10/5/2026 18:49:53.535257","570","10/5/2026 18:40:53.468448"
"32768","2309","25f1c3f8-e5ad-4367-abd8-0d2c68172f69","10/5/2026 19:00:53.140611","10/5/2026 19:09:53.179952","570","10/5/2026 19:00:53.140611"
"32903","10481","287ecd5d-1038-4a60-a8f4-d7dc9f661fca","10/5/2026 19:20:51.877485","10/5/2026 19:29:51.87179","570","10/5/2026 19:20:51.877485"
"32904","2303","14000ede-04cc-4cd7-ad9b-0a0df066b4bb","10/5/2026 19:20:52.119563","10/5/2026 19:29:52.095251","570","10/5/2026 19:20:52.119563"
"32898","8228","993eb29c-dd50-4831-8001-fd9067e21504","10/5/2026 19:20:49.320169","10/5/2026 19:29:49.299572","570","10/5/2026 19:20:49.320169"
"32899","2309","78edc8fc-7951-4e15-9f31-a0be00e61127","10/5/2026 19:20:49.895568","10/5/2026 19:29:49.965518","570","10/5/2026 19:20:49.895568"
"32901","2285","7259afac-96b3-4250-b788-fd9fc2aa64e0","10/5/2026 19:20:50.801537","10/5/2026 19:29:50.801842","570","10/5/2026 19:20:50.801537"
"51441","2576","e4aaab5d-5f58-4c7e-a0cf-04e4b58794a5","25/5/2026 09:15:47.6988","25/5/2026 09:15:47.6988","210","25/5/2026 09:15:47.6988"
"33923","8228","38af7ae4-944f-4e16-a648-0ad1b0712da3","10/5/2026 22:00:50.876348","10/5/2026 22:09:50.875482","570","10/5/2026 22:00:50.876348"
"33924","2305","f4f8ae54-9864-446d-ba9b-12aa285eb1e4","10/5/2026 22:00:51.300421","10/5/2026 22:09:51.335541","570","10/5/2026 22:00:51.300421"
"33925","10481","27943387-ab15-4167-b92e-f6813589108e","10/5/2026 22:00:51.325303","10/5/2026 22:09:51.350813","570","10/5/2026 22:00:51.325303"
"33926","2285","ae0796c3-dcba-48a9-974a-33dd15518c41","10/5/2026 22:00:51.490093","10/5/2026 22:09:51.520026","570","10/5/2026 22:00:51.490093"
"33788","2309","6edff189-3a4c-4bbc-8865-e7525eed85ce","10/5/2026 21:40:49.878713","10/5/2026 21:49:49.873998","570","10/5/2026 21:40:49.878713"
"34054","8228","93ff0a43-dcdf-463c-8888-543f2aea418c","10/5/2026 22:20:56.566165","10/5/2026 22:29:56.562231","570","10/5/2026 22:20:56.566165"
"33789","2305","10ebe351-bf09-4d39-b98f-32a7e4f5c2a9","10/5/2026 21:40:49.887754","10/5/2026 21:49:49.879519","570","10/5/2026 21:40:49.887754"
"33790","2576","dfc2a79f-7a8f-41be-8982-75c2adc2411e","10/5/2026 21:40:49.985876","10/5/2026 21:49:49.964539","570","10/5/2026 21:40:49.985876"
"33791","10481","7b6a1174-832f-411a-a084-edd3a50b9380","10/5/2026 21:40:50.098454","10/5/2026 21:49:50.154149","570","10/5/2026 21:40:50.098454"
"33792","2303","c40913e1-c55a-4871-ae79-8a4847ef42f6","10/5/2026 21:40:50.441616","10/5/2026 21:49:50.401289","570","10/5/2026 21:40:50.441616"
"33793","8228","8348129d-7149-4292-a219-e0594f16cceb","10/5/2026 21:40:50.656385","10/5/2026 21:49:50.601408","570","10/5/2026 21:40:50.656385"
"33794","2285","0e88b0f3-f5fb-4e2c-bf42-5bf428fa9037","10/5/2026 21:40:51.062924","10/5/2026 21:49:51.065326","570","10/5/2026 21:40:51.062924"
"32900","2305","30b1e243-8ea5-4947-8fa3-2776c120ae85","10/5/2026 19:20:49.922766","10/5/2026 19:29:50.015613","570","10/5/2026 19:20:49.922766"
"33655","8228","eb87d470-31a3-479b-8e9a-a78b2356bdcd","10/5/2026 21:20:58.840559","10/5/2026 21:29:58.856146","570","10/5/2026 21:20:58.840559"
"33656","2309","dd992319-2441-4f3b-aa0a-acc906ed7dc0","10/5/2026 21:20:59.358022","10/5/2026 21:29:59.353768","570","10/5/2026 21:20:59.358022"
"33657","10481","f594bcf8-c32a-4bd1-a465-968775499270","10/5/2026 21:20:59.694644","10/5/2026 21:29:59.617843","570","10/5/2026 21:20:59.694644"
"33658","2303","7de174c6-96f4-4552-9040-fcbef9c722d9","10/5/2026 21:20:59.89221","10/5/2026 21:29:59.921485","570","10/5/2026 21:20:59.89221"
"33522","10481","848c0d42-9705-405d-bbf5-05e2db528a34","10/5/2026 21:00:49.821448","10/5/2026 21:09:49.835329","570","10/5/2026 21:00:49.821448"
"33523","2305","916fcac2-4392-4fd6-b2ca-60b52c71531f","10/5/2026 21:00:49.960727","10/5/2026 21:09:50.094802","570","10/5/2026 21:00:49.960727"
"33524","2576","999730ea-ac9d-40dd-92d7-cf33b6798762","10/5/2026 21:00:50.196578","10/5/2026 21:09:50.164089","570","10/5/2026 21:00:50.196578"
"33525","8228","238f97cd-1863-4698-a4a1-dad4d193ab2e","10/5/2026 21:00:50.348064","10/5/2026 21:09:50.340745","570","10/5/2026 21:00:50.348064"
"33262","8228","3d3a4627-f0e7-41af-a519-43b5b915c3ab","10/5/2026 20:20:55.158816","10/5/2026 20:29:53.398736","570","10/5/2026 20:20:55.158816"
"33257","10481","32cde003-98ff-4d62-b191-53944ddccc2a","10/5/2026 20:20:54.006213","10/5/2026 20:29:54.055032","570","10/5/2026 20:20:54.006213"
"33258","2305","1b63b6d7-cc1a-4f91-897d-c20021c04a03","10/5/2026 20:20:54.03519","10/5/2026 20:29:54.073778","570","10/5/2026 20:20:54.03519"
"33259","2309","947753c9-3287-4a8b-8084-3f6c2472962e","10/5/2026 20:20:54.267715","10/5/2026 20:29:54.255691","570","10/5/2026 20:20:54.267715"
"33260","2285","f78ca543-38ce-45e3-960c-a1ac3d12dfe0","10/5/2026 20:20:54.42497","10/5/2026 20:29:54.487155","570","10/5/2026 20:20:54.42497"
"33261","2303","1bcfb290-fb86-4a69-9ecf-eec7a70b0a5e","10/5/2026 20:20:54.6459","10/5/2026 20:29:54.649666","570","10/5/2026 20:20:54.6459"
"33263","2576","b0c46817-74f0-4f98-9de9-67284c6615ca","10/5/2026 20:20:55.301577","10/5/2026 20:29:55.292757","570","10/5/2026 20:20:55.301577"
"33526","2303","98da6c16-6752-48ef-b6c8-8f35f2cd2cc7","10/5/2026 21:00:50.374287","10/5/2026 21:09:50.364556","570","10/5/2026 21:00:50.374287"
"33527","2309","87f6d43c-0e09-4f83-8184-9875f167e28c","10/5/2026 21:00:50.724152","10/5/2026 21:09:50.744607","570","10/5/2026 21:00:50.724152"
"33528","2285","c78cf8a7-b2a7-4e2c-b798-bff5eec15081","10/5/2026 21:00:50.879217","10/5/2026 21:09:50.862731","570","10/5/2026 21:00:50.879217"
"33390","8228","b2067599-67e3-4bc5-a858-c2a9f97853dd","10/5/2026 20:40:49.102812","10/5/2026 20:49:49.130732","570","10/5/2026 20:40:49.102812"
"33391","2309","e42e2a2a-612f-497f-8974-e8fa75ec32d0","10/5/2026 20:40:49.829309","10/5/2026 20:49:49.809247","570","10/5/2026 20:40:49.829309"
"33392","2305","dc6a75cc-0cbd-4bc2-8cb4-dd772baa5411","10/5/2026 20:40:50.129532","10/5/2026 20:49:50.178137","570","10/5/2026 20:40:50.129532"
"33393","10481","61547899-13b4-44d0-906c-52ab3e1e1b61","10/5/2026 20:40:50.604907","10/5/2026 20:49:50.600318","570","10/5/2026 20:40:50.604907"
"33394","2576","b86739b9-9f24-4af1-8d5c-a51171ae2cf8","10/5/2026 20:40:50.947691","10/5/2026 20:49:50.907981","570","10/5/2026 20:40:50.947691"
"33395","2303","e7323c41-6b39-4370-9253-458a8b9394f6","10/5/2026 20:40:51.150709","10/5/2026 20:49:51.183659","570","10/5/2026 20:40:51.150709"
"33396","2285","1cd133b2-4960-4a2b-b1c9-c2dbfd0cee14","10/5/2026 20:40:51.568032","10/5/2026 20:49:51.599753","570","10/5/2026 20:40:51.568032"
"33143","2309","c5e26ddf-6fa1-45b2-a34d-aa2a8ffd5cd3","10/5/2026 20:00:50.089864","10/5/2026 20:09:50.106412","570","10/5/2026 20:00:50.089864"
"33144","8228","b7371d58-0791-425f-b707-fb0ed2c06e24","10/5/2026 20:00:50.247865","10/5/2026 20:09:50.220455","570","10/5/2026 20:00:50.247865"
"33659","2576","b654ade1-7607-43db-b174-6144f1508bc7","10/5/2026 21:21:00.119172","10/5/2026 21:30:00.118746","570","10/5/2026 21:21:00.119172"
"33660","2305","b3312839-8a7f-4c25-94be-94c8965017cd","10/5/2026 21:21:00.411477","10/5/2026 21:30:00.425674","570","10/5/2026 21:21:00.411477"
"33661","2285","1c7fd9fb-7e74-428d-851c-cba677772059","10/5/2026 21:21:00.974546","10/5/2026 21:30:01.039322","570","10/5/2026 21:21:00.974546"
"33145","10481","5571a0d8-60c0-4283-ae09-e867a3745d6f","10/5/2026 20:00:50.34217","10/5/2026 20:09:50.40077","570","10/5/2026 20:00:50.34217"
"33146","2305","4d40dd27-eb7c-4275-8047-750062241d42","10/5/2026 20:00:51.102688","10/5/2026 20:09:51.094566","570","10/5/2026 20:00:51.102688"
"33147","2303","a3ef9cc2-36bf-4e4d-9dda-c14875a5a753","10/5/2026 20:00:51.332103","10/5/2026 20:09:51.364139","570","10/5/2026 20:00:51.332103"
"33148","2285","a4725315-2b48-4aa1-97dd-1348f1ce9f3b","10/5/2026 20:00:51.734528","10/5/2026 20:09:51.717425","570","10/5/2026 20:00:51.734528"
"33029","8228","747dcf85-b8ab-4394-9ea2-c9047ced6ea2","10/5/2026 19:40:49.295175","10/5/2026 19:49:49.30526","570","10/5/2026 19:40:49.295175"
"33030","10481","9784f024-1a00-4817-8493-3d9c5ab74c84","10/5/2026 19:40:49.865409","10/5/2026 19:49:49.828712","570","10/5/2026 19:40:49.865409"
"33031","2305","3fb21f3b-c1ce-4dd8-aa0f-b4c29018ae3d","10/5/2026 19:40:50.485912","10/5/2026 19:49:50.467104","570","10/5/2026 19:40:50.485912"
"33032","2309","e20c401d-8185-4de9-9de1-216885cf8cd9","10/5/2026 19:40:50.518703","10/5/2026 19:49:50.504564","570","10/5/2026 19:40:50.518703"
"33033","2285","fdef4f68-c576-4f6d-916d-a968b9126715","10/5/2026 19:40:50.652929","10/5/2026 19:49:50.703208","570","10/5/2026 19:40:50.652929"
"33034","2303","a3f25bce-00a8-46e8-b136-1f5fa8d4c9a7","10/5/2026 19:40:50.906935","10/5/2026 19:49:50.913484","570","10/5/2026 19:40:50.906935"
"34058","2576","8e9f2357-4f41-4bbe-99e9-3e870719707c","10/5/2026 22:20:58.011606","10/5/2026 22:29:58.024653","570","10/5/2026 22:20:58.011606"
"34055","10481","eec9c5ab-35da-4a48-a814-e0083e003d98","10/5/2026 22:20:56.624844","10/5/2026 22:29:56.732342","570","10/5/2026 22:20:56.624844"
"34056","2309","a99b2c99-d92a-42f7-bbc5-7a77fa651b8f","10/5/2026 22:20:56.973488","10/5/2026 22:29:56.983692","570","10/5/2026 22:20:56.973488"
"33921","2576","1f896124-29d5-4e50-9d76-bc3bb31165cd","10/5/2026 22:00:50.091022","10/5/2026 22:09:50.093897","570","10/5/2026 22:00:50.091022"
"33922","2309","73fd3fc6-8456-47d5-a68e-0354bce5fd26","10/5/2026 22:00:50.154988","10/5/2026 22:09:50.134139","570","10/5/2026 22:00:50.154988"
"33920","2303","ff8b987e-eaab-4e2a-8912-3ff2d3ac3747","10/5/2026 22:00:50.053612","10/5/2026 22:09:50.148331","570","10/5/2026 22:00:50.053612"
"34057","2303","e979af9d-a4cf-4d84-9c1d-87a909633804","10/5/2026 22:20:57.175095","10/5/2026 22:29:57.257651","570","10/5/2026 22:20:57.175095"
"34059","2285","0e1d448f-3742-429d-b063-51e76096e0f4","10/5/2026 22:20:59.423621","10/5/2026 22:29:59.401472","570","10/5/2026 22:20:59.423621"
"34187","2303","5f0c0259-3d5e-404b-a2eb-eb2e9a60ab17","10/5/2026 22:40:50.293512","10/5/2026 22:49:50.298728","570","10/5/2026 22:40:50.293512"
"34188","2309","c88562af-8e42-4702-810a-a3acf25515f9","10/5/2026 22:40:50.399372","10/5/2026 22:49:50.444015","570","10/5/2026 22:40:50.399372"
"34053","2305","0229dc72-a765-486c-a360-8f656a943fbb","10/5/2026 22:20:53.769429","10/5/2026 22:29:53.970292","570","10/5/2026 22:20:53.769429"
"34191","2305","65337125-de4c-426c-ab3b-0e785f456857","10/5/2026 22:40:51.626789","10/5/2026 22:49:51.584177","570","10/5/2026 22:40:51.626789"
"34189","10481","21533702-ac1a-4dca-a043-a1f4e3ec2062","10/5/2026 22:40:50.710646","10/5/2026 22:49:50.695551","570","10/5/2026 22:40:50.710646"
"34190","2576","dd0db736-e8e5-4ef7-a273-9ed46a484286","10/5/2026 22:40:51.009559","10/5/2026 22:49:51.01398","570","10/5/2026 22:40:51.009559"
"34320","2576","458853e2-0fb9-47f9-8bb7-34d4bcc631a5","10/5/2026 23:00:50.210546","10/5/2026 23:09:50.229147","570","10/5/2026 23:00:50.210546"
"34192","2285","36c34d7d-2998-40be-97cb-7af647db5070","10/5/2026 22:40:51.80403","10/5/2026 22:49:51.82896","570","10/5/2026 22:40:51.80403"
"34186","8228","9d78513d-2d45-45c7-9cc2-ad7218e7ec8f","10/5/2026 22:40:49.043968","10/5/2026 22:49:49.040132","570","10/5/2026 22:40:49.043968"
"49787","2214","b8456b69-aea8-41b6-a59f-693f6d946268","20/5/2026 22:00:53.34274","20/5/2026 22:09:53.332964","570","20/5/2026 22:00:53.34274"
"34319","2309","cd23492d-c11a-470d-80e3-3a4f98c0ccf0","10/5/2026 23:00:50.041561","10/5/2026 23:09:50.043825","570","10/5/2026 23:00:50.041561"
"34963","8228","a5d112c0-1c84-47e0-aff3-9546d1ad8500","11/5/2026 01:00:50.578019","11/5/2026 01:09:50.579589","570","11/5/2026 01:00:50.578019"
"34964","2285","e66f4ddd-872b-499b-a8d2-67f314986b6a","11/5/2026 01:00:51.124911","11/5/2026 01:09:51.113098","570","11/5/2026 01:00:51.124911"
"34864","2309","48cb98d1-b286-489b-b344-87fc3b49501c","11/5/2026 00:40:49.934173","11/5/2026 00:49:49.944556","570","11/5/2026 00:40:49.934173"
"34865","2303","55c84cd3-9f22-41be-871c-85c0f95af3e9","11/5/2026 00:40:50.38087","11/5/2026 00:49:50.451519","570","11/5/2026 00:40:50.38087"
"34866","2576","4ba7d94d-1875-4b87-9bb7-6831403648fa","11/5/2026 00:40:50.931839","11/5/2026 00:49:50.974783","570","11/5/2026 00:40:50.931839"
"34867","2305","7623e6a1-8b29-4b3d-a577-ddb1579b2be1","11/5/2026 00:40:51.526387","11/5/2026 00:49:51.463397","570","11/5/2026 00:40:51.526387"
"34868","2285","ad2ce4fd-8bf1-49d3-9893-fceb826c4a27","11/5/2026 00:40:52.374178","11/5/2026 00:49:52.44338","570","11/5/2026 00:40:52.374178"
"34450","2576","2bc90bbd-74d8-4e8a-b764-566a74f06556","10/5/2026 23:20:53.198609","10/5/2026 23:29:53.199286","570","10/5/2026 23:20:53.198609"
"34451","2303","8f756768-f70b-4eea-8ea9-28df15d10b49","10/5/2026 23:20:53.266083","10/5/2026 23:29:53.295368","570","10/5/2026 23:20:53.266083"
"34452","2309","6a0f6ecb-afb1-404d-ae41-085b6af94752","10/5/2026 23:20:53.616131","10/5/2026 23:29:53.693998","570","10/5/2026 23:20:53.616131"
"34453","2285","eb5b2a0b-df44-4561-86b6-27a88df057f2","10/5/2026 23:20:54.108272","10/5/2026 23:29:54.11319","570","10/5/2026 23:20:54.108272"
"34454","2305","32ee64ac-dbe2-4e35-bed3-06a019820710","10/5/2026 23:20:54.231915","10/5/2026 23:29:54.22551","570","10/5/2026 23:20:54.231915"
"34455","10481","05135421-dc30-4c7b-8739-404391656be7","10/5/2026 23:20:54.947209","10/5/2026 23:29:54.952211","570","10/5/2026 23:20:54.947209"
"34323","2285","0dd55560-d078-456f-8309-be50ecf570c0","10/5/2026 23:00:51.350796","10/5/2026 23:09:21.370941","540","10/5/2026 23:00:51.350796"
"34318","8228","1881a58d-7228-4d94-9e98-30262ef9185a","10/5/2026 23:00:49.60605","10/5/2026 23:09:49.620836","570","10/5/2026 23:00:49.60605"
"34321","2303","f23ec1d0-a691-43e5-b1fd-cbb1992678ca","10/5/2026 23:00:50.302347","10/5/2026 23:09:50.317582","570","10/5/2026 23:00:50.302347"
"34322","2305","29f85f40-7633-4ee3-9abc-2019ace4a9ab","10/5/2026 23:00:50.368538","10/5/2026 23:09:50.403945","570","10/5/2026 23:00:50.368538"
"34324","10481","933a5abb-d82a-4bef-a8a9-9412fc85b7d9","10/5/2026 23:00:52.631137","10/5/2026 23:09:52.677057","570","10/5/2026 23:00:52.631137"
"34674","2576","621c4d03-b734-473f-a0cc-a6dd00e50e99","11/5/2026 00:00:50.083789","11/5/2026 00:09:50.155418","570","11/5/2026 00:00:50.083789"
"34675","2303","64910f12-cb25-473e-991e-eb599548cc73","11/5/2026 00:00:50.182787","11/5/2026 00:09:50.191733","570","11/5/2026 00:00:50.182787"
"34564","2303","5d5c6b6b-6751-4e9e-a73f-8267b5ef06e6","10/5/2026 23:40:49.651762","10/5/2026 23:49:49.709055","570","10/5/2026 23:40:49.651762"
"34566","2305","b1ad6161-eccb-4dbb-b8e6-8a850b878190","10/5/2026 23:40:50.384112","10/5/2026 23:49:50.351596","570","10/5/2026 23:40:50.384112"
"34567","2309","ef8c16e3-ee16-4654-a4c4-e0d3f2ffeaf4","10/5/2026 23:40:50.418402","10/5/2026 23:49:50.444761","570","10/5/2026 23:40:50.418402"
"34568","2285","55b0be1f-1a29-4bf9-841c-fb8be26c3fa3","10/5/2026 23:40:51.279422","10/5/2026 23:49:51.309865","570","10/5/2026 23:40:51.279422"
"34569","2576","12a0e773-b3e9-4eb4-9e4b-9459c4a2b93d","10/5/2026 23:40:52.24652","10/5/2026 23:49:52.271524","570","10/5/2026 23:40:52.24652"
"34676","2305","88c3a3bc-f973-4f03-b817-2e06c12e10b9","11/5/2026 00:00:51.374387","11/5/2026 00:09:51.422754","570","11/5/2026 00:00:51.374387"
"34677","2285","6f39f2fd-7b10-4806-9d7e-4850cbe38d77","11/5/2026 00:00:51.987734","11/5/2026 00:09:52.012433","570","11/5/2026 00:00:51.987734"
"34678","2309","879fee93-465d-4f9c-90c3-f325e75a5d09","11/5/2026 00:00:56.32581","11/5/2026 00:09:56.393571","570","11/5/2026 00:00:56.32581"
"35186","2309","98410c11-8f3a-4233-a5fe-0fa7307899e0","11/5/2026 01:40:49.879364","11/5/2026 01:49:49.893078","570","11/5/2026 01:40:49.879364"
"34769","2309","d24372ec-cc15-4b55-b874-d73af378bef7","11/5/2026 00:20:50.064306","11/5/2026 00:29:50.064588","570","11/5/2026 00:20:50.064306"
"34770","2303","6f4ad6c8-0260-4ac6-b8d0-f9dc1ffb5c4c","11/5/2026 00:20:50.190499","11/5/2026 00:29:50.220205","570","11/5/2026 00:20:50.190499"
"34772","8228","8a187e12-fb9a-4fc3-8db3-44dce93b7901","11/5/2026 00:20:50.297215","11/5/2026 00:29:50.267972","570","11/5/2026 00:20:50.297215"
"34771","2305","d01a44f9-e5e1-48c9-b4e5-caa16ad57363","11/5/2026 00:20:50.244593","11/5/2026 00:29:50.341075","570","11/5/2026 00:20:50.244593"
"34773","2285","e7ab9a6d-b8c3-4574-9e2a-71e623475cef","11/5/2026 00:20:51.145389","11/5/2026 00:29:51.142844","570","11/5/2026 00:20:51.145389"
"35187","2303","69d835d0-72d6-450c-8dac-404ff24d8cc2","11/5/2026 01:40:50.104225","11/5/2026 01:49:50.099852","570","11/5/2026 01:40:50.104225"
"34565","10481","13328a0e-e968-4ef0-8470-07364459fcc4","10/5/2026 23:40:50.169774","10/5/2026 23:47:50.120465","450","10/5/2026 23:40:50.169774"
"35188","2576","b40a087c-de5f-4ba6-80c7-d73551f86cfd","11/5/2026 01:40:50.444819","11/5/2026 01:49:50.52093","570","11/5/2026 01:40:50.444819"
"35189","2285","12c4d88f-2ad0-4cde-b5a1-fb86bae939df","11/5/2026 01:40:50.533084","11/5/2026 01:49:50.524748","570","11/5/2026 01:40:50.533084"
"35190","2305","8f6fbd03-6c59-4ceb-a8d8-9178aeb64a57","11/5/2026 01:40:50.793159","11/5/2026 01:49:50.855428","570","11/5/2026 01:40:50.793159"
"35191","8228","153a33d6-8c8f-4cbf-a0a5-880ddb0d4cfd","11/5/2026 01:40:51.608476","11/5/2026 01:49:51.599896","570","11/5/2026 01:40:51.608476"
"35073","8228","99ece39b-fcff-4bfc-b47f-5e51cf249da3","11/5/2026 01:20:49.659324","11/5/2026 01:29:49.692872","570","11/5/2026 01:20:49.659324"
"35074","2309","051f140c-b813-4962-8c2d-aff0758d4e6d","11/5/2026 01:20:49.769164","11/5/2026 01:29:49.744803","570","11/5/2026 01:20:49.769164"
"35075","2576","3da55bc4-7d18-4ff1-a71c-1047a5bc760c","11/5/2026 01:20:49.88307","11/5/2026 01:29:49.881736","570","11/5/2026 01:20:49.88307"
"35076","2305","ead49919-8541-4b7e-a0f6-32b14ec9eeb9","11/5/2026 01:20:51.098555","11/5/2026 01:29:51.159349","570","11/5/2026 01:20:51.098555"
"35077","2303","c53cbf12-7f6b-4969-a04c-879a16b9f866","11/5/2026 01:20:51.600796","11/5/2026 01:29:51.593786","570","11/5/2026 01:20:51.600796"
"35305","2576","510523d5-0b3e-4cf9-b0d3-4f8e387ea51b","11/5/2026 02:00:51.575861","11/5/2026 02:00:51.575861","30","11/5/2026 02:00:51.575861"
"35078","2285","3e346515-a136-4a0d-8e84-cae177b6c79a","11/5/2026 01:20:51.641504","11/5/2026 01:29:51.639765","570","11/5/2026 01:20:51.641504"
"34959","2303","51170b26-74fe-4085-a9f7-9d33468366dd","11/5/2026 01:00:49.938726","11/5/2026 01:09:49.913266","570","11/5/2026 01:00:49.938726"
"34960","2576","7141aa28-4ee3-42cf-9f47-630711378c32","11/5/2026 01:00:49.99433","11/5/2026 01:09:50.004427","570","11/5/2026 01:00:49.99433"
"34961","2309","5f0ce78f-fba2-46b9-ad31-6842cc62dd29","11/5/2026 01:00:50.16868","11/5/2026 01:09:50.168283","570","11/5/2026 01:00:50.16868"
"34962","2305","25bfd5ee-e287-452d-b657-c21dd7d00e92","11/5/2026 01:00:50.499559","11/5/2026 01:09:50.525364","570","11/5/2026 01:00:50.499559"
"35300","8228","8cd3696e-3d47-4357-b987-ef01982bb7c9","11/5/2026 02:00:49.534395","11/5/2026 02:09:49.537381","570","11/5/2026 02:00:49.534395"
"35301","2303","3ec0aed3-b86c-4b04-96b9-48bb4624f295","11/5/2026 02:00:49.92165","11/5/2026 02:09:49.927134","570","11/5/2026 02:00:49.92165"
"35302","2309","eb4c467a-8173-4b6f-a351-44f11ed7b611","11/5/2026 02:00:50.160859","11/5/2026 02:09:50.127257","570","11/5/2026 02:00:50.160859"
"35303","2285","24ab32bb-f3ba-4e35-8cc2-c59ec012356c","11/5/2026 02:00:50.75968","11/5/2026 02:09:50.68449","570","11/5/2026 02:00:50.75968"
"35304","2305","ee8bbd7c-5858-45cb-9c6a-20ec66ad9590","11/5/2026 02:00:50.84282","11/5/2026 02:09:50.975513","570","11/5/2026 02:00:50.84282"
"35493","2305","cb0795ac-00cd-4d32-a51e-5ca2a5685ca2","11/5/2026 02:40:50.87396","11/5/2026 02:49:50.853322","570","11/5/2026 02:40:50.87396"
"35491","2303","dbe6b90f-fee6-4f22-bc7b-127ae9d422e3","11/5/2026 02:40:50.045962","11/5/2026 02:49:50.08106","570","11/5/2026 02:40:50.045962"
"35490","8228","34c0c7ca-f422-47b9-9992-d59d64a66a23","11/5/2026 02:40:49.781834","11/5/2026 02:49:49.782124","570","11/5/2026 02:40:49.781834"
"35397","2309","35ca1509-00d3-4ea4-940f-b9e75f4f3e35","11/5/2026 02:20:50.155492","11/5/2026 02:29:50.253594","570","11/5/2026 02:20:50.155492"
"35492","2309","7678b8be-392e-467a-8273-1be17f13c6f5","11/5/2026 02:40:50.075563","11/5/2026 02:49:50.026139","570","11/5/2026 02:40:50.075563"
"35396","8228","644ded88-34f6-48ab-a758-5c2dc2d3ce7d","11/5/2026 02:20:49.602995","11/5/2026 02:29:49.599002","570","11/5/2026 02:20:49.602995"
"35398","2285","fff8bfda-b0d4-4dc2-a0da-c629da5f8e41","11/5/2026 02:20:50.696501","11/5/2026 02:29:50.722719","570","11/5/2026 02:20:50.696501"
"35399","2305","f53ae766-5548-466f-84f5-949a2969e907","11/5/2026 02:20:50.748204","11/5/2026 02:29:50.831401","570","11/5/2026 02:20:50.748204"
"35400","2303","0477b839-f451-4460-8b9d-0ef93b0cbbd5","11/5/2026 02:20:54.771505","11/5/2026 02:29:54.738349","570","11/5/2026 02:20:54.771505"
"35494","2285","0e6433f4-0a9d-41af-bf2f-7664ae542ceb","11/5/2026 02:40:51.81318","11/5/2026 02:49:51.833523","570","11/5/2026 02:40:51.81318"
"35604","2576","03b4cdc9-dabb-4fd0-b89d-510af43dcb08","11/5/2026 03:02:24.093888","11/5/2026 03:03:54.750318","210","11/5/2026 03:02:24.093888"
"35586","2305","89f4032b-778e-446c-a572-d55abc28742f","11/5/2026 03:00:50.303746","11/5/2026 03:09:50.422502","570","11/5/2026 03:00:50.303746"
"51190","2214","0a198336-4594-4283-a469-865844fec84f","25/5/2026 03:10:53.339197","25/5/2026 03:19:53.408756","570","25/5/2026 03:10:53.339197"
"35584","8228","54ba7a2a-c2ff-4cf7-862b-032556bf2e78","11/5/2026 03:00:49.391054","11/5/2026 03:09:49.366994","570","11/5/2026 03:00:49.391054"
"35587","2303","00ac18a3-efbd-4b2f-86bb-4b4148516828","11/5/2026 03:00:50.336018","11/5/2026 03:09:50.354566","570","11/5/2026 03:00:50.336018"
"35588","2285","f2010e1a-0de7-4dd1-a3f0-7b6722de42f8","11/5/2026 03:00:51.348853","11/5/2026 03:09:51.3502","570","11/5/2026 03:00:51.348853"
"36480","2309","c3b422ff-4375-4205-b3f8-4ed867b8be0d","11/5/2026 06:20:53.989363","11/5/2026 06:29:54.023877","570","11/5/2026 06:20:53.989363"
"36481","2214","a2e699ef-353e-4385-9c50-2515bc00c133","11/5/2026 06:20:54.172718","11/5/2026 06:29:54.166716","570","11/5/2026 06:20:54.172718"
"36482","10481","c3c051db-8090-4077-b527-4d4cf184fedb","11/5/2026 06:20:54.190325","11/5/2026 06:29:54.275938","570","11/5/2026 06:20:54.190325"
"36485","2305","96d0b364-dbf3-497e-b243-0c1fff32f630","11/5/2026 06:20:54.657624","11/5/2026 06:29:54.603895","570","11/5/2026 06:20:54.657624"
"36232","2309","0ca5e9d8-85c5-4ed0-9e67-e7125d63f13f","11/5/2026 05:20:57.344491","11/5/2026 05:29:57.359754","570","11/5/2026 05:20:57.344491"
"36233","2305","aeb59fd7-9d8e-4d7e-896b-2811642e08d8","11/5/2026 05:20:57.429066","11/5/2026 05:29:57.428392","570","11/5/2026 05:20:57.429066"
"36234","2303","675b2506-01fe-4631-9f27-3f2867e08e26","11/5/2026 05:20:57.78001","11/5/2026 05:29:57.820527","570","11/5/2026 05:20:57.78001"
"36235","2285","13199264-99ec-47cf-aa3c-92139743a710","11/5/2026 05:20:57.804675","11/5/2026 05:29:57.840268","570","11/5/2026 05:20:57.804675"
"35585","2309","e53dc634-017e-438f-80d2-b66c8628c331","11/5/2026 03:00:49.554775","11/5/2026 03:09:49.611242","570","11/5/2026 03:00:49.554775"
"36484","2285","ea648b08-6bb6-4d3e-9d11-a63863b8fe8f","11/5/2026 06:20:54.600327","11/5/2026 06:29:54.682597","570","11/5/2026 06:20:54.600327"
"36720","2305","66291003-6058-4644-b7e6-e783d0ba2473","11/5/2026 07:00:50.277763","11/5/2026 07:09:50.250583","570","11/5/2026 07:00:50.277763"
"35916","2305","f730999d-fa3b-4e39-8e4c-3cc1f06bdfa8","11/5/2026 04:00:49.813523","11/5/2026 04:09:49.835717","570","11/5/2026 04:00:49.813523"
"35917","2309","1e25cc01-3b91-4318-be42-4afefd05ebfb","11/5/2026 04:00:50.140381","11/5/2026 04:09:50.200454","570","11/5/2026 04:00:50.140381"
"35918","2303","d7c643da-1592-4140-9743-b355e98f0bab","11/5/2026 04:00:50.441325","11/5/2026 04:09:50.506837","570","11/5/2026 04:00:50.441325"
"35919","2285","4b4fa5fe-8ef3-4f3c-aad2-567ac3d193bf","11/5/2026 04:00:52.135555","11/5/2026 04:09:52.117383","570","11/5/2026 04:00:52.135555"
"35683","8228","bef81b1f-1dbd-4091-b9d8-6b26342b8a98","11/5/2026 03:20:54.801511","11/5/2026 03:29:54.752571","570","11/5/2026 03:20:54.801511"
"35684","2303","017685fc-e951-47fb-b48e-81558b7cca80","11/5/2026 03:20:54.805437","11/5/2026 03:29:54.848443","570","11/5/2026 03:20:54.805437"
"35685","2305","65d7a562-3c84-4cc2-8c0e-e09de8581a3b","11/5/2026 03:20:54.848651","11/5/2026 03:29:54.968184","570","11/5/2026 03:20:54.848651"
"35686","2309","1a145104-2294-46f9-a765-a0f2c2bbe309","11/5/2026 03:20:55.145492","11/5/2026 03:29:55.175107","570","11/5/2026 03:20:55.145492"
"35687","2576","e3edbfe5-33c1-46d0-aa75-3ebb541624cf","11/5/2026 03:20:56.267245","11/5/2026 03:29:55.623361","570","11/5/2026 03:20:56.267245"
"35688","2285","b0426d47-aefb-41a5-a0ce-c6004bb040da","11/5/2026 03:20:57.147585","11/5/2026 03:29:57.181331","570","11/5/2026 03:20:57.147585"
"36603","10481","c422210d-0c44-4d1e-a6a3-068261de6e39","11/5/2026 06:35:42.163416","11/5/2026 06:40:42.158716","330","11/5/2026 06:35:42.163416"
"35794","2576","d4967fe6-c379-481a-9d55-6282fd90d746","11/5/2026 03:32:06.825144","11/5/2026 03:33:52.974793","150","11/5/2026 03:32:06.825144"
"35800","2305","d038bf07-4aca-4db1-bc93-23ad93a3c010","11/5/2026 03:40:49.905351","11/5/2026 03:49:49.889472","570","11/5/2026 03:40:49.905351"
"35801","2309","3b7da17e-8681-4d20-9d50-5499fea17721","11/5/2026 03:40:50.274805","11/5/2026 03:49:50.449224","570","11/5/2026 03:40:50.274805"
"35802","2303","fc50c60f-de86-4710-9a47-e51720ab4b4f","11/5/2026 03:40:50.728509","11/5/2026 03:49:50.824116","570","11/5/2026 03:40:50.728509"
"35803","8228","70e23eab-e47b-4609-897a-22aa4836318c","11/5/2026 03:40:50.875827","11/5/2026 03:49:50.870343","570","11/5/2026 03:40:50.875827"
"35804","2285","bea7a321-2395-46a5-a7af-ac1c10d513d3","11/5/2026 03:40:51.318358","11/5/2026 03:49:51.307889","570","11/5/2026 03:40:51.318358"
"35799","2576","5f6e747e-1490-499e-85ad-c2e01186da0f","11/5/2026 03:40:40.359478","11/5/2026 03:51:04.56732","660","11/5/2026 03:40:40.359478"
"36405","2309","5262aecc-4d28-4583-9d63-c8afaed0c40e","11/5/2026 06:00:49.784513","11/5/2026 06:09:49.788981","570","11/5/2026 06:00:49.784513"
"36308","2305","7c666e46-ffb1-45b2-ad25-0608218c61c2","11/5/2026 05:40:49.871701","11/5/2026 06:09:49.88609","1770","11/5/2026 05:40:49.871701"
"36407","2303","339a82eb-7e40-4d47-95a9-d2b1542549eb","11/5/2026 06:00:50.005713","11/5/2026 06:09:50.009507","570","11/5/2026 06:00:50.005713"
"36408","2285","540101a8-3487-4b1c-a044-ecd0d44ea9ef","11/5/2026 06:00:50.607903","11/5/2026 06:09:50.626487","570","11/5/2026 06:00:50.607903"
"36080","2305","6c17cb80-795f-4e4e-bcbc-8b699240c4de","11/5/2026 04:40:50.169822","11/5/2026 04:49:50.178003","570","11/5/2026 04:40:50.169822"
"36082","2309","7493aa42-9c30-49e9-a4bc-aaf520048ef8","11/5/2026 04:40:50.389491","11/5/2026 04:49:50.389454","570","11/5/2026 04:40:50.389491"
"36081","2303","bfa9626d-25c6-45c7-8828-b653bb86464c","11/5/2026 04:40:50.34342","11/5/2026 04:49:50.400635","570","11/5/2026 04:40:50.34342"
"36083","2285","b6d9bd6d-5f96-43a3-bf8f-5d5b0b7a0e7a","11/5/2026 04:40:51.874403","11/5/2026 04:49:51.868651","570","11/5/2026 04:40:51.874403"
"36156","2309","dcab1276-c54b-41c7-b280-b5acca02b99e","11/5/2026 05:00:49.938927","11/5/2026 05:09:49.992504","570","11/5/2026 05:00:49.938927"
"36158","2303","64d2faa7-1d14-4ae9-aa50-085ab878347d","11/5/2026 05:00:50.105498","11/5/2026 05:09:50.140582","570","11/5/2026 05:00:50.105498"
"36157","2305","10f63753-327b-4776-8398-e2a4855d981c","11/5/2026 05:00:50.083948","11/5/2026 05:09:50.205699","570","11/5/2026 05:00:50.083948"
"35915","8228","2e88916d-5475-4704-96db-d5c14d2e41cc","11/5/2026 04:00:49.700644","11/5/2026 04:07:19.67572","420","11/5/2026 04:00:49.700644"
"36159","2285","299175af-2880-4c8a-854d-efebb0a418a6","11/5/2026 05:00:56.281018","11/5/2026 05:09:56.320937","570","11/5/2026 05:00:56.281018"
"36005","2305","84d5b3d3-0c36-4095-ab27-92cb3b17ffa5","11/5/2026 04:20:54.447659","11/5/2026 04:29:54.491981","570","11/5/2026 04:20:54.447659"
"36006","2303","653c0142-b080-4378-b926-3dceb537de39","11/5/2026 04:20:54.692601","11/5/2026 04:29:54.75808","570","11/5/2026 04:20:54.692601"
"36007","2285","847240d8-9cfa-448c-a018-93c7583c77be","11/5/2026 04:20:56.337195","11/5/2026 04:29:56.370405","570","11/5/2026 04:20:56.337195"
"36004","2309","019fc871-7557-4fd5-b0d2-7921b019de47","11/5/2026 04:20:54.299563","11/5/2026 04:29:59.014656","570","11/5/2026 04:20:54.299563"
"36309","2303","fe30656a-e156-4378-ba7d-010cf74ba856","11/5/2026 05:40:49.901899","11/5/2026 05:49:49.977313","570","11/5/2026 05:40:49.901899"
"36310","2309","40f7d736-7ea6-48e2-989d-19e2645aa397","11/5/2026 05:40:50.223998","11/5/2026 05:49:50.245001","570","11/5/2026 05:40:50.223998"
"36311","2285","5dd509e8-19a7-4655-8940-48a464d37fff","11/5/2026 05:40:50.63337","11/5/2026 05:49:50.740957","570","11/5/2026 05:40:50.63337"
"36855","2309","aa969893-4817-4012-82dd-67562ab6c8cf","11/5/2026 07:20:54.849847","11/5/2026 07:29:54.889309","570","11/5/2026 07:20:54.849847"
"36857","2303","16343fb2-bb8a-4af5-8495-1415f975ef2f","11/5/2026 07:20:56.323903","11/5/2026 07:29:56.320349","570","11/5/2026 07:20:56.323903"
"36710","10481","68bf9e8b-bc6f-4434-bc7b-befd5ce73bdb","11/5/2026 06:56:59.284568","11/5/2026 07:26:29.316442","1800","11/5/2026 06:56:59.284568"
"36853","2214","4c81c8bc-1b22-499d-bcca-d4437dad5a22","11/5/2026 07:20:54.602649","11/5/2026 07:29:54.612591","570","11/5/2026 07:20:54.602649"
"36718","2214","9613c2a4-d645-4262-b8f1-b53692019617","11/5/2026 07:00:49.744568","11/5/2026 07:09:49.704024","570","11/5/2026 07:00:49.744568"
"36721","2303","81012fad-f0ee-49d7-bad6-a9a61cc808bc","11/5/2026 07:00:50.780302","11/5/2026 07:09:50.76983","570","11/5/2026 07:00:50.780302"
"36624","2309","d4f17618-f043-486e-a63a-969391fc95cc","11/5/2026 06:40:49.90969","11/5/2026 06:49:50.019282","570","11/5/2026 06:40:49.90969"
"36625","2305","08edbf31-13e1-41d1-a6fe-6fd693ec818b","11/5/2026 06:40:50.13086","11/5/2026 06:49:50.200861","570","11/5/2026 06:40:50.13086"
"36719","2309","ca042c00-9e7a-4917-89cd-8f31738eb8a9","11/5/2026 07:00:50.002454","11/5/2026 07:09:49.98999","570","11/5/2026 07:00:50.002454"
"36626","2214","8293077c-160a-4c5e-9dd4-386b5ecd457e","11/5/2026 06:40:50.308321","11/5/2026 06:49:50.290128","570","11/5/2026 06:40:50.308321"
"36483","2303","8fcc1f5c-fc52-45ca-8a01-e8ca3f037152","11/5/2026 06:20:54.287013","11/5/2026 06:49:54.296324","1770","11/5/2026 06:20:54.287013"
"36636","10481","2976a206-f6f0-40b6-a158-85c879950b08","11/5/2026 06:42:03.049623","11/5/2026 06:46:33.062966","300","11/5/2026 06:42:03.049623"
"36722","2285","0c76b3f3-85f9-4b5a-9c04-3d8254279be7","11/5/2026 07:00:50.869881","11/5/2026 07:09:50.984428","570","11/5/2026 07:00:50.869881"
"36854","2305","41be44b0-cf8d-47e1-8372-88652d9f4570","11/5/2026 07:20:54.706372","11/5/2026 07:29:54.79923","570","11/5/2026 07:20:54.706372"
"36856","2285","0de09717-783d-4703-b035-9b6d294b2728","11/5/2026 07:20:55.65223","11/5/2026 07:29:55.65026","570","11/5/2026 07:20:55.65223"
"47482","2162","91de529b-be9e-42f4-a1cc-8c52a6c1e33b","19/5/2026 22:20:59.367941","19/5/2026 22:29:59.372368","570","19/5/2026 22:20:59.367941"
"47633","2162","698b75ee-4973-40be-9735-e539da01f3b2","19/5/2026 23:20:53.678788","19/5/2026 23:29:53.543514","570","19/5/2026 23:20:53.678788"
"48603","2162","7267cd8d-2a85-4426-9955-8b20580d0313","20/5/2026 06:20:50.598728","20/5/2026 06:29:50.596647","570","20/5/2026 06:20:50.598728"
"49597","2214","9a6a1ca9-3e57-437f-8e85-d2ca65d2f4d9","20/5/2026 17:00:54.722545","20/5/2026 17:09:54.726","570","20/5/2026 17:00:54.722545"
"49692","2162","0054d181-f7db-4034-9c18-2d5808af242a","20/5/2026 19:20:56.769909","20/5/2026 19:29:56.771605","570","20/5/2026 19:20:56.769909"
"49844","2214","04065acd-d4a8-4212-b146-0161fd97eaba","21/5/2026 00:00:55.815811","21/5/2026 00:09:58.430901","570","21/5/2026 00:00:55.815811"
"49806","2162","340d2d97-f33c-4add-8142-11e7525ac1e4","20/5/2026 22:20:50.196453","20/5/2026 22:29:50.202801","570","20/5/2026 22:20:50.196453"
"50053","2162","af4d13fd-12a1-4fe6-8e94-bd2e5e61d655","21/5/2026 05:20:54.365697","21/5/2026 05:29:54.371455","570","21/5/2026 05:20:54.365697"
"37100","2309","d5998af8-da42-4e60-916a-56d9f7c4ebc8","11/5/2026 08:00:49.958196","11/5/2026 08:09:50.030502","570","11/5/2026 08:00:49.958196"
"37102","2303","694d3b39-0bbe-4279-8b96-b82125da8af2","11/5/2026 08:00:50.406793","11/5/2026 08:09:50.503726","570","11/5/2026 08:00:50.406793"
"37103","2285","8874a51d-8506-48c3-a6f2-976138c2d09b","11/5/2026 08:00:50.550969","11/5/2026 08:09:50.581551","570","11/5/2026 08:00:50.550969"
"37384","2303","13718b76-51ff-46c0-bc16-1b1f2b0891f8","11/5/2026 09:00:49.852265","11/5/2026 09:09:49.874214","570","11/5/2026 09:00:49.852265"
"37385","2214","71cc918a-83ce-4274-bf0a-05fa1f8d97c9","11/5/2026 09:00:50.268648","11/5/2026 09:09:50.424925","570","11/5/2026 09:00:50.268648"
"37386","2305","4bd0cc2e-50eb-4723-9151-ac11f6c2eba2","11/5/2026 09:00:50.776519","11/5/2026 09:09:50.805194","570","11/5/2026 09:00:50.776519"
"37521","2303","12e70104-06bf-4fad-8c77-5953aabbd2bb","11/5/2026 09:40:50.065761","11/5/2026 09:49:50.063021","570","11/5/2026 09:40:50.065761"
"37522","2305","1d5adc60-72aa-4c13-98ae-166677355c98","11/5/2026 09:40:50.581975","11/5/2026 09:49:50.598242","570","11/5/2026 09:40:50.581975"
"37761","2303","68d03b39-5b7e-47b7-b3e4-09a4a3db89d1","11/5/2026 10:40:49.934813","11/5/2026 10:49:49.901581","570","11/5/2026 10:40:49.934813"
"37763","2305","6a682487-b09a-4a26-8e53-c85d54e75652","11/5/2026 10:40:50.892845","11/5/2026 10:49:50.893156","570","11/5/2026 10:40:50.892845"
"37762","2214","788e538d-9c03-4623-a097-39f491e0a524","11/5/2026 10:40:50.794738","11/5/2026 10:49:50.898941","570","11/5/2026 10:40:50.794738"
"37764","2162","7b86b199-1d11-4954-bfe5-3b5718044981","11/5/2026 10:40:51.108001","11/5/2026 10:49:51.169965","570","11/5/2026 10:40:51.108001"
"37595","2576","e9e28183-22c7-4102-a647-1b03ea7f0c07","11/5/2026 09:52:31.708944","11/5/2026 10:08:01.694208","960","11/5/2026 09:52:31.708944"
"37837","2303","36ccd6af-1828-40db-ba7d-7f9c6b2c0924","11/5/2026 11:00:49.885661","11/5/2026 11:09:49.91917","570","11/5/2026 11:00:49.885661"
"37838","2214","fb094bf3-5529-4e50-bb07-c390dfa8ae96","11/5/2026 11:00:50.276225","11/5/2026 11:09:50.253428","570","11/5/2026 11:00:50.276225"
"36970","2309","3f0a961e-a420-4f80-b88c-76d8286e269f","11/5/2026 07:40:49.828506","11/5/2026 07:49:49.844857","570","11/5/2026 07:40:49.828506"
"36971","2214","5d1fee27-b901-4ca9-9956-474b10ef5521","11/5/2026 07:40:50.060236","11/5/2026 07:49:50.01883","570","11/5/2026 07:40:50.060236"
"36972","2305","6c00f1c3-ccc0-4964-bcfe-b284793da7a2","11/5/2026 07:40:50.25505","11/5/2026 07:49:50.357571","570","11/5/2026 07:40:50.25505"
"36973","2303","d1b6b264-97d2-4211-9a49-f812a8a3b4c2","11/5/2026 07:40:50.423895","11/5/2026 07:49:50.456988","570","11/5/2026 07:40:50.423895"
"36974","2285","94ec18d4-8059-4eed-bbe1-d6729f4e1772","11/5/2026 07:40:50.613061","11/5/2026 07:49:50.603867","570","11/5/2026 07:40:50.613061"
"37839","2305","a0888486-e5f0-4043-b209-25789e7ad695","11/5/2026 11:00:50.419491","11/5/2026 11:09:50.388663","570","11/5/2026 11:00:50.419491"
"37606","2162","0d33481a-8939-4b16-840f-c7a33a762799","11/5/2026 10:00:50.298636","11/5/2026 10:09:50.366058","570","11/5/2026 10:00:50.298636"
"37607","2303","23a9df6d-5028-4cb3-8dc1-95fdb08c49b2","11/5/2026 10:00:51.014543","11/5/2026 10:09:51.041485","570","11/5/2026 10:00:51.014543"
"37608","2305","73d44b5a-5a2c-4620-a425-3d65575c31e8","11/5/2026 10:00:51.16914","11/5/2026 10:09:51.175888","570","11/5/2026 10:00:51.16914"
"37840","2162","478846b2-e473-4f38-b606-d8ee9885dcd0","11/5/2026 11:00:50.716216","11/5/2026 11:09:50.713653","570","11/5/2026 11:00:50.716216"
"37289","2309","77d7426e-4e28-4fd1-b7b8-000137a31b48","11/5/2026 08:40:50.054302","11/5/2026 08:49:50.059852","570","11/5/2026 08:40:50.054302"
"37290","2303","330c351b-9ebf-4866-8abb-60e8a859bbd1","11/5/2026 08:40:50.314531","11/5/2026 08:49:50.335252","570","11/5/2026 08:40:50.314531"
"37291","2214","dc00ee4d-65b6-4dbf-b660-4d3a2d729289","11/5/2026 08:40:50.34366","11/5/2026 08:49:50.423353","570","11/5/2026 08:40:50.34366"
"37292","2285","aa010b83-5429-4a76-bc7b-6372623b4ab0","11/5/2026 08:40:50.812354","11/5/2026 08:49:50.752246","570","11/5/2026 08:40:50.812354"
"37194","2305","1f29c1a8-df5d-4734-9a87-3d6fee41a1df","11/5/2026 08:20:49.950028","11/5/2026 08:29:49.98839","570","11/5/2026 08:20:49.950028"
"37196","2214","b46cd458-c29e-4861-8cd1-789269d55e77","11/5/2026 08:20:50.228633","11/5/2026 08:29:50.189346","570","11/5/2026 08:20:50.228633"
"37195","2309","75104314-a711-424d-a2c7-046470771079","11/5/2026 08:20:50.11591","11/5/2026 08:29:50.198679","570","11/5/2026 08:20:50.11591"
"37197","2285","0755d252-1be9-46fb-86df-76fcfda798ac","11/5/2026 08:20:50.482899","11/5/2026 08:29:50.471716","570","11/5/2026 08:20:50.482899"
"37198","2303","b11f8bf7-d9b3-4223-b35d-a931359a2e69","11/5/2026 08:20:50.496207","11/5/2026 08:29:50.500023","570","11/5/2026 08:20:50.496207"
"36959","10481","38589384-c4ae-4f73-94a8-b5d81c154d6d","11/5/2026 07:35:22.800261","11/5/2026 07:57:52.884882","1380","11/5/2026 07:35:22.800261"
"37293","2305","075def7d-5aea-4623-b21c-2721bdaac9a5","11/5/2026 08:40:51.202906","11/5/2026 08:49:51.308809","570","11/5/2026 08:40:51.202906"
"37685","2162","b249ee59-576c-42fa-9f3c-316db125cfbd","11/5/2026 10:20:56.369089","11/5/2026 10:29:56.370691","570","11/5/2026 10:20:56.369089"
"37686","2305","ad1f04ac-421a-48b4-b426-82dd5e0e8d39","11/5/2026 10:20:56.766342","11/5/2026 10:29:56.777475","570","11/5/2026 10:20:56.766342"
"37673","2576","cc51bf44-bf67-4ed9-89d9-9e93212122a5","11/5/2026 10:09:33.736517","11/5/2026 10:13:33.749191","270","11/5/2026 10:09:33.736517"
"37099","2214","5f0f8cef-b164-4d44-8af5-9c9884aa9212","11/5/2026 08:00:49.781562","11/5/2026 08:09:49.827835","570","11/5/2026 08:00:49.781562"
"37101","2305","c31afde8-8517-4809-9c5c-ec6887ec0617","11/5/2026 08:00:50.007246","11/5/2026 08:09:50.024897","570","11/5/2026 08:00:50.007246"
"37687","2214","528773a8-74cb-46c8-8a76-1262f9562099","11/5/2026 10:20:56.828015","11/5/2026 10:29:56.827806","570","11/5/2026 10:20:56.828015"
"37443","2305","07a0e344-3d9e-48b4-814d-82a68afeddee","11/5/2026 09:20:53.428385","11/5/2026 09:29:53.503158","570","11/5/2026 09:20:53.428385"
"37444","2303","c1486b39-3f57-48e1-8e26-c27b3de8d071","11/5/2026 09:20:53.659674","11/5/2026 09:29:53.657712","570","11/5/2026 09:20:53.659674"
"37445","2162","09b05ef2-bafd-428b-9ff1-6efb30cb2b2d","11/5/2026 09:20:53.890499","11/5/2026 09:29:53.942781","570","11/5/2026 09:20:53.890499"
"37441","2214","39b88948-55e2-496e-831e-16afe500e960","11/5/2026 09:20:02.427812","11/5/2026 09:30:02.376542","630","11/5/2026 09:20:02.427812"
"37519","2162","9da79b20-3d81-4ab0-9f94-2d9c232caee9","11/5/2026 09:40:49.618356","11/5/2026 09:49:49.62677","570","11/5/2026 09:40:49.618356"
"37520","2214","aa518703-1bff-4b19-b1b7-ccbd77a8fef6","11/5/2026 09:40:49.902019","11/5/2026 09:49:49.905487","570","11/5/2026 09:40:49.902019"
"37688","2303","ad80c6f3-1483-427d-89dd-ebec8b91c84e","11/5/2026 10:20:57.174146","11/5/2026 10:29:57.146553","570","11/5/2026 10:20:57.174146"
"49075","2162","0b4dc766-032d-432b-8f4a-12bc48af5b9e","20/5/2026 09:20:56.280065","20/5/2026 09:29:56.315837","570","20/5/2026 09:20:56.280065"
"47578","2214","389e0c95-f0a1-4994-9b48-e749cc951dcc","19/5/2026 23:00:55.701422","19/5/2026 23:09:55.693718","570","19/5/2026 23:00:55.701422"
"37913","2305","43b249a3-9fea-4dae-87e1-7ce409d7c9bb","11/5/2026 11:20:53.765598","11/5/2026 11:29:53.845211","570","11/5/2026 11:20:53.765598"
"37914","2162","6b56b84a-e79f-42a2-96dd-1a17656d5e66","11/5/2026 11:20:57.690458","11/5/2026 11:29:57.723863","570","11/5/2026 11:20:57.690458"
"37916","2303","36585684-e7f3-4379-a45c-cf066fdd3a3f","11/5/2026 11:20:57.908979","11/5/2026 11:29:57.888793","570","11/5/2026 11:20:57.908979"
"37915","2214","542994ed-dffe-4542-9ee1-90d56bb0fae1","11/5/2026 11:20:57.893032","11/5/2026 11:29:57.926328","570","11/5/2026 11:20:57.893032"
"48132","2162","91726929-488e-432b-ac36-bbe24a45b3bc","20/5/2026 03:21:03.826637","20/5/2026 03:30:03.817563","570","20/5/2026 03:21:03.826637"
"48702","2214","023141f1-7306-4b32-a74c-12e1828f8b9e","20/5/2026 07:00:59.416177","20/5/2026 07:09:59.43831","570","20/5/2026 07:00:59.416177"
"47785","2162","93f639c0-8899-43b1-b8a8-626555b03efa","20/5/2026 00:20:54.155141","20/5/2026 00:29:54.156683","570","20/5/2026 00:20:54.155141"
"47727","2214","b6f8d3d5-d31c-4800-ba9b-d68aa3200560","20/5/2026 00:01:07.321746","20/5/2026 00:09:53.825477","570","20/5/2026 00:01:07.321746"
"47924","2162","3735be8b-72fc-43c1-b743-9d11de8f77c3","20/5/2026 01:20:55.342377","20/5/2026 01:29:55.339995","570","20/5/2026 01:20:55.342377"
"48017","2214","978a4eb2-0183-4d63-94bb-67645c3242c0","20/5/2026 02:00:52.354316","20/5/2026 02:09:52.498516","570","20/5/2026 02:00:52.354316"
"49426","2162","76756e55-4efc-46e5-b7a5-47ef5cee07e1","20/5/2026 12:20:59.818427","20/5/2026 12:29:59.840926","570","20/5/2026 12:20:59.818427"
"49409","2214","b0cdd819-2f4c-41cd-9a46-eaeb964cdaa3","20/5/2026 12:02:17.093512","20/5/2026 12:09:58.186373","570","20/5/2026 12:02:17.093512"
"49174","2214","afc5705b-6f5a-475f-a15d-076894f72103","20/5/2026 10:00:53.324307","20/5/2026 10:09:53.291705","570","20/5/2026 10:00:53.324307"
"49389","2162","b3d64761-ebea-48f8-a865-e60fc11b6440","20/5/2026 11:20:54.744186","20/5/2026 11:29:54.77272","570","20/5/2026 11:20:54.744186"
"49483","2214","819f7c7d-52b3-49c8-aeb4-8b35a7bb8575","20/5/2026 14:00:57.912245","20/5/2026 14:09:52.871124","570","20/5/2026 14:00:57.912245"
"49502","2162","969e7c4d-a00d-4ed6-91ac-d53296324cf7","20/5/2026 14:20:57.868748","20/5/2026 14:29:57.901377","570","20/5/2026 14:20:57.868748"
"49616","2162","078d0452-f2ce-4c8f-9510-013e20e26edc","20/5/2026 17:25:59.787776","20/5/2026 17:34:59.815234","570","20/5/2026 17:25:59.787776"
"49711","2214","cf3859b7-081b-4f7b-a60e-8f5d4f14eccf","20/5/2026 20:00:53.438427","20/5/2026 20:09:53.425521","570","20/5/2026 20:00:53.438427"
"49825","2214","82593dec-42b2-45a7-9def-af46787d767f","20/5/2026 23:00:54.036822","20/5/2026 23:09:54.031804","570","20/5/2026 23:00:54.036822"
"49863","2162","74020383-4135-4c89-bd81-7e0a8af0ac6f","21/5/2026 00:20:55.323993","21/5/2026 00:29:55.334445","570","21/5/2026 00:20:55.323993"
"38201","2162","49b014bb-3f8f-421d-b646-a420c55879e1","11/5/2026 12:40:50.993704","11/5/2026 12:49:50.981937","570","11/5/2026 12:40:50.993704"
"39073","2162","92fddb4b-4901-4717-b764-f8a85597707c","11/5/2026 16:40:50.960638","11/5/2026 16:49:51.057588","570","11/5/2026 16:40:50.960638"
"39074","2305","95840f32-943a-4098-90d0-f23aac126243","11/5/2026 16:40:51.338747","11/5/2026 16:49:51.377158","570","11/5/2026 16:40:51.338747"
"38350","2162","9dfd9e8c-620b-44dd-b30b-2c21915337b6","11/5/2026 13:20:54.72698","11/5/2026 13:29:54.715218","570","11/5/2026 13:20:54.72698"
"38353","2305","35c37dcb-557a-4afe-a761-e0aa7485dde8","11/5/2026 13:21:14.85345","11/5/2026 13:29:55.122018","570","11/5/2026 13:21:14.85345"
"38351","2303","5d46156f-016b-4294-b9fd-93d289cafbbf","11/5/2026 13:20:55.320722","11/5/2026 13:29:55.338165","570","11/5/2026 13:20:55.320722"
"38352","2214","3f69dd38-874c-4a75-9b11-657ef09bdd1b","11/5/2026 13:20:56.420631","11/5/2026 13:29:56.4258","570","11/5/2026 13:20:56.420631"
"38065","2303","9f175585-2838-4d21-aab5-22587bc3b586","11/5/2026 12:00:50.151953","11/5/2026 12:09:50.206859","570","11/5/2026 12:00:50.151953"
"38067","2214","06b5991b-cf5b-4bf8-b345-a8eb3b162a2e","11/5/2026 12:00:50.753517","11/5/2026 12:09:50.744129","570","11/5/2026 12:00:50.753517"
"38066","2162","b3ea8db7-7b91-472b-806f-9239f6a53de2","11/5/2026 12:00:50.68779","11/5/2026 12:09:50.818993","570","11/5/2026 12:00:50.68779"
"37989","2303","32d80873-01f3-4302-93b9-bf16cae3b73d","11/5/2026 11:40:49.778315","11/5/2026 11:49:49.817175","570","11/5/2026 11:40:49.778315"
"37990","2305","6d16e705-c13a-4b3e-90ae-64731c301e39","11/5/2026 11:40:49.864555","11/5/2026 11:49:49.932261","570","11/5/2026 11:40:49.864555"
"37991","2162","b5fe676b-b75c-4ec6-b93f-7d32c9fe4c43","11/5/2026 11:40:50.196015","11/5/2026 11:49:50.175874","570","11/5/2026 11:40:50.196015"
"37992","2214","2c6d5425-f79b-4afb-952e-5613df577b48","11/5/2026 11:40:50.755584","11/5/2026 11:49:50.787977","570","11/5/2026 11:40:50.755584"
"38578","2305","099fa99e-7144-4165-99b2-04f50781e104","11/5/2026 14:20:53.18029","11/5/2026 14:29:53.322282","570","11/5/2026 14:20:53.18029"
"38580","2162","f459a603-ab5f-4f43-8e57-65b8228e0f5d","11/5/2026 14:20:54.097948","11/5/2026 14:29:54.090596","570","11/5/2026 14:20:54.097948"
"38579","2214","ff6ff740-b75d-4644-b5ea-c01e0ae90e33","11/5/2026 14:20:53.624032","11/5/2026 14:29:54.17525","570","11/5/2026 14:20:53.624032"
"38581","2303","ad027168-6d51-42b2-b958-3eb7c3f15d16","11/5/2026 14:20:54.558421","11/5/2026 14:29:54.514688","570","11/5/2026 14:20:54.558421"
"39149","2162","0b179797-34c7-41f3-b602-df967e092b75","11/5/2026 17:00:50.696566","11/5/2026 17:09:50.712315","570","11/5/2026 17:00:50.696566"
"38274","2305","792a9857-bde4-484a-885e-46f03edbec9f","11/5/2026 13:00:49.65285","11/5/2026 13:09:49.737662","570","11/5/2026 13:00:49.65285"
"38276","2214","23184e42-1557-4ec3-b05a-1efa2021b38a","11/5/2026 13:00:50.237066","11/5/2026 13:09:50.207474","570","11/5/2026 13:00:50.237066"
"38275","2303","7d6a1ac3-e62d-4a45-a936-d29e106209bb","11/5/2026 13:00:50.124515","11/5/2026 13:09:50.252482","570","11/5/2026 13:00:50.124515"
"38277","2162","557c35c0-1a5b-4032-b576-b25a9751085d","11/5/2026 13:00:50.899897","11/5/2026 13:09:50.849794","570","11/5/2026 13:00:50.899897"
"38122","2214","950f9edf-0fc2-4190-b485-9055fd7e2907","11/5/2026 12:20:53.837629","11/5/2026 12:29:53.865202","570","11/5/2026 12:20:53.837629"
"38123","2305","bdc67b07-d013-4d6c-8523-158a1eef67b8","11/5/2026 12:20:54.617889","11/5/2026 12:29:54.41731","570","11/5/2026 12:20:54.617889"
"38124","2162","7caaabaf-8449-436c-b7a1-0482e90a5a8f","11/5/2026 12:20:54.740845","11/5/2026 12:29:54.728798","570","11/5/2026 12:20:54.740845"
"38125","2303","6f018e07-79be-4cea-a022-55f53daf9dca","11/5/2026 12:20:55.07373","11/5/2026 12:29:55.007468","570","11/5/2026 12:20:55.07373"
"39150","2303","df506947-4690-47d3-bfdf-cc44af1d76a1","11/5/2026 17:00:51.42028","11/5/2026 17:09:51.423187","570","11/5/2026 17:00:51.42028"
"39071","2214","78081fba-2411-4bd1-8e2a-a99290a8b957","11/5/2026 16:40:49.628032","11/5/2026 16:49:49.593021","570","11/5/2026 16:40:49.628032"
"39072","2303","7a040022-5876-4f56-aff8-3020b9232bb9","11/5/2026 16:40:50.176272","11/5/2026 16:49:50.334341","570","11/5/2026 16:40:50.176272"
"38806","2214","284d5120-fdbe-46c0-9e56-716b2c763c5e","11/5/2026 15:20:56.878336","11/5/2026 15:29:56.885674","570","11/5/2026 15:20:56.878336"
"38807","2303","6c2e178c-dc47-428d-b9c2-2142c584b579","11/5/2026 15:20:57.340946","11/5/2026 15:29:57.341568","570","11/5/2026 15:20:57.340946"
"38808","2162","8a8e8298-c4aa-466b-ae24-d46d582201ea","11/5/2026 15:20:57.645792","11/5/2026 15:29:57.656253","570","11/5/2026 15:20:57.645792"
"38863","2305","59e0a8a1-2b48-41c6-b205-ab6ba90c37e4","11/5/2026 15:40:49.819923","11/5/2026 15:49:49.849483","570","11/5/2026 15:40:49.819923"
"38864","2162","3e2b5316-9764-4adc-8d0d-6b94afbef6be","11/5/2026 15:40:49.970576","11/5/2026 15:49:49.969544","570","11/5/2026 15:40:49.970576"
"38865","2214","af8b3406-780a-4a52-9d84-65783a721b67","11/5/2026 15:40:50.393391","11/5/2026 15:49:50.392773","570","11/5/2026 15:40:50.393391"
"38654","2303","7ac2fb82-7640-4b6a-834c-a160a085a925","11/5/2026 14:40:49.613757","11/5/2026 14:49:49.631254","570","11/5/2026 14:40:49.613757"
"38655","2162","f304301b-b6e4-4b48-9650-fb28565795b1","11/5/2026 14:40:49.696973","11/5/2026 14:49:49.751816","570","11/5/2026 14:40:49.696973"
"38656","2214","c3f75ddd-949e-48d8-916f-fa5c461d4f8f","11/5/2026 14:40:49.786341","11/5/2026 14:49:49.784728","570","11/5/2026 14:40:49.786341"
"38657","2305","0d4ce058-3194-4dc6-b61a-177c4856c7eb","11/5/2026 14:40:50.868387","11/5/2026 14:49:50.897938","570","11/5/2026 14:40:50.868387"
"38198","2305","733056e0-6ef7-45c3-ad44-24c1bea17103","11/5/2026 12:40:49.746435","11/5/2026 12:49:49.745497","570","11/5/2026 12:40:49.746435"
"38199","2214","1d4c7628-d376-4515-8fc2-0876a27cbe55","11/5/2026 12:40:50.62682","11/5/2026 12:49:50.626663","570","11/5/2026 12:40:50.62682"
"38200","2303","a5f15102-54dc-432a-995c-5d11e3f7b75d","11/5/2026 12:40:50.651785","11/5/2026 12:49:50.680666","570","11/5/2026 12:40:50.651785"
"38502","2162","90b2c053-4ee2-4ece-8750-6f2587162061","11/5/2026 14:00:49.840219","11/5/2026 14:09:49.810162","570","11/5/2026 14:00:49.840219"
"38503","2214","a55fbfa7-1ca6-4e0c-b7a6-b997374bf7d7","11/5/2026 14:00:50.813187","11/5/2026 14:09:50.813968","570","11/5/2026 14:00:50.813187"
"38504","2305","4010e0b1-2bf8-4fad-b306-e46f91a37aa8","11/5/2026 14:00:51.043967","11/5/2026 14:09:51.082854","570","11/5/2026 14:00:51.043967"
"38426","2305","cfa5290e-5ac6-470c-9d71-71649c93a269","11/5/2026 13:40:49.720894","11/5/2026 13:49:49.788908","570","11/5/2026 13:40:49.720894"
"38427","2214","6b360284-77b9-410c-bb65-0544db6feb1d","11/5/2026 13:40:50.228717","11/5/2026 13:49:50.229471","570","11/5/2026 13:40:50.228717"
"38428","2162","7f3e1c54-4f57-4475-97ce-793f99e401f0","11/5/2026 13:40:50.237585","11/5/2026 13:49:50.235585","570","11/5/2026 13:40:50.237585"
"38429","2303","67955e66-e31d-4dfa-81f4-842db823993c","11/5/2026 13:40:50.453917","11/5/2026 13:49:50.430665","570","11/5/2026 13:40:50.453917"
"38505","2303","c03e1c34-687d-472b-9774-f5c5850229cd","11/5/2026 14:00:51.143777","11/5/2026 14:09:51.173897","570","11/5/2026 14:00:51.143777"
"38730","2162","64dc1d0a-af1b-4d1f-848f-24576803e5c7","11/5/2026 15:00:50.319804","11/5/2026 15:09:50.303134","570","11/5/2026 15:00:50.319804"
"38731","2305","364f12bd-1d88-4828-a94a-6907e458c717","11/5/2026 15:00:50.380954","11/5/2026 15:09:50.514589","570","11/5/2026 15:00:50.380954"
"38732","2214","5c616d47-ccca-4149-a51d-f74ea7858c30","11/5/2026 15:00:50.760961","11/5/2026 15:09:50.793487","570","11/5/2026 15:00:50.760961"
"38733","2303","f3e56e83-13a6-4a42-825c-a8f3e11971f4","11/5/2026 15:00:53.135257","11/5/2026 15:09:50.826032","570","11/5/2026 15:00:53.135257"
"38996","2162","58b57b28-388b-4bc7-aa2d-3a011bf12e09","11/5/2026 16:21:00.742618","11/5/2026 16:30:00.742287","570","11/5/2026 16:21:00.742618"
"38920","2214","bd9ab0cb-9ea8-4d0c-9fa8-2dda3696b94f","11/5/2026 16:00:50.507919","11/5/2026 16:09:50.50953","570","11/5/2026 16:00:50.507919"
"38921","2162","12bcd7b1-ba1e-4c26-a0bc-98782ae6d113","11/5/2026 16:00:50.836736","11/5/2026 16:09:50.869277","570","11/5/2026 16:00:50.836736"
"38922","2303","53a0f32c-18f6-4057-9e1f-a1c2d025b748","11/5/2026 16:00:51.206647","11/5/2026 16:09:51.314577","570","11/5/2026 16:00:51.206647"
"38997","2305","56115643-ec1b-4d05-a18c-ddba4672e44e","11/5/2026 16:21:00.770027","11/5/2026 16:30:00.793548","570","11/5/2026 16:21:00.770027"
"38923","2305","d3e67755-a789-473f-b999-d4ef6dc645a6","11/5/2026 16:00:51.267199","11/5/2026 16:09:51.326014","570","11/5/2026 16:00:51.267199"
"38998","2214","dc0755f3-330a-4ba8-9acd-1b3b8e833b1a","11/5/2026 16:21:00.99614","11/5/2026 16:30:01.021356","570","11/5/2026 16:21:00.99614"
"38995","2303","61f8ad07-1171-46df-9696-91861b353c05","11/5/2026 16:21:00.385008","11/5/2026 16:30:02.574828","570","11/5/2026 16:21:00.385008"
"39225","2162","34189461-4899-4fea-9946-ef7d1dd732a6","11/5/2026 17:20:51.120907","11/5/2026 17:29:51.110145","570","11/5/2026 17:20:51.120907"
"39147","2305","1acdcf06-cf98-4c9e-bdef-07c7dd40c0ef","11/5/2026 17:00:50.034846","11/5/2026 17:09:50.036911","570","11/5/2026 17:00:50.034846"
"39148","2214","c464c878-186f-4921-ab6f-4a6a386869ae","11/5/2026 17:00:50.340371","11/5/2026 17:09:50.314784","570","11/5/2026 17:00:50.340371"
"39226","2305","54c9fa0d-b188-4e03-beb5-e920baea6073","11/5/2026 17:20:51.127543","11/5/2026 17:29:51.161251","570","11/5/2026 17:20:51.127543"
"39301","2305","754d5009-b48d-4e89-8910-33f81e35c110","11/5/2026 17:40:50.617201","11/5/2026 17:49:50.630164","570","11/5/2026 17:40:50.617201"
"39223","2303","02e064d7-c2f7-4821-b92f-05a5c8355086","11/5/2026 17:20:49.845205","11/5/2026 17:29:49.821427","570","11/5/2026 17:20:49.845205"
"39224","2214","ba0f48b2-c997-4502-af2d-c7df5847d75f","11/5/2026 17:20:49.994095","11/5/2026 17:29:50.037693","570","11/5/2026 17:20:49.994095"
"39300","2162","a548f802-59c9-4fff-a323-f87d7d2020f5","11/5/2026 17:40:50.18789","11/5/2026 17:49:50.187762","570","11/5/2026 17:40:50.18789"
"39747","2303","28712436-91a1-48e6-8c32-f45ab0c29294","11/5/2026 20:00:49.838091","11/5/2026 20:09:49.853704","570","11/5/2026 20:00:49.838091"
"39748","2162","2cceadac-c21d-436e-8a84-945f1abd16aa","11/5/2026 20:00:50.155898","11/5/2026 20:09:50.133634","570","11/5/2026 20:00:50.155898"
"39633","2305","4a39f17a-8d17-4aad-9fc6-ccf9029a71a4","11/5/2026 19:20:53.213664","11/5/2026 19:29:53.281762","570","11/5/2026 19:20:53.213664"
"39634","2303","d65b45f5-d29d-462f-9a1e-124578093c6d","11/5/2026 19:20:53.329332","11/5/2026 19:29:53.34976","570","11/5/2026 19:20:53.329332"
"39635","2162","7256ff67-c0f4-4111-989e-17d374ba7cd6","11/5/2026 19:20:53.605969","11/5/2026 19:29:53.618858","570","11/5/2026 19:20:53.605969"
"39749","2305","a540e026-a1a1-4e7f-a721-466ba0bed33d","11/5/2026 20:00:50.308878","11/5/2026 20:09:50.327157","570","11/5/2026 20:00:50.308878"
"39900","2305","40eb6ddd-2502-4c89-b011-1a46f1e714d7","11/5/2026 21:00:50.108733","11/5/2026 21:09:50.168592","570","11/5/2026 21:00:50.108733"
"40012","2162","6caa4bd8-d6a6-4976-9edf-bfb2b0bc8888","11/5/2026 21:40:50.118557","11/5/2026 21:49:50.105437","570","11/5/2026 21:40:50.118557"
"40013","2303","390c6ece-faef-49a8-bd39-bc5cee90c6c6","11/5/2026 21:40:50.192342","11/5/2026 21:49:50.191523","570","11/5/2026 21:40:50.192342"
"40050","2303","02e294cc-fd93-4f9c-b8df-7f424b23c5b2","11/5/2026 22:00:49.846404","11/5/2026 22:09:49.915007","570","11/5/2026 22:00:49.846404"
"40051","2162","baed8139-76f2-4e5a-bf70-c0429664cc1a","11/5/2026 22:00:50.359489","11/5/2026 22:09:50.395697","570","11/5/2026 22:00:50.359489"
"40052","2305","b224d4dc-c606-45f2-8f75-f4bcf8f7d510","11/5/2026 22:00:52.049118","11/5/2026 22:09:52.053502","570","11/5/2026 22:00:52.049118"
"39454","2214","92922d24-e9d3-49bf-bb42-50fe31a846fb","11/5/2026 18:20:50.865061","11/5/2026 18:25:50.839247","330","11/5/2026 18:20:50.865061"
"39804","2162","33d044f4-387f-407f-8ece-7facfe298ee1","11/5/2026 20:20:50.069862","11/5/2026 20:29:50.117777","570","11/5/2026 20:20:50.069862"
"39805","2303","9847fa59-5b7b-4a31-989a-35e42400c7be","11/5/2026 20:20:50.338885","11/5/2026 20:29:50.347454","570","11/5/2026 20:20:50.338885"
"39806","2305","23af9dd3-58b1-4fc9-8b78-10ed9f02b110","11/5/2026 20:20:50.776818","11/5/2026 20:29:50.858606","570","11/5/2026 20:20:50.776818"
"39860","2303","15991fbb-083f-43ab-bd7c-c5614600ed76","11/5/2026 20:40:49.929759","11/5/2026 20:49:49.938427","570","11/5/2026 20:40:49.929759"
"39299","2303","6891d5de-e100-486e-89d6-cc88c0878d70","11/5/2026 17:40:49.703924","11/5/2026 17:49:49.678988","570","11/5/2026 17:40:49.703924"
"39302","2214","ccdfcec8-e8eb-4024-b301-654c6d8cd72c","11/5/2026 17:40:51.369059","11/5/2026 17:49:51.428485","570","11/5/2026 17:40:51.369059"
"39861","2305","71828df9-74f1-4ac5-8195-c18db9db8746","11/5/2026 20:40:50.244703","11/5/2026 20:49:50.251692","570","11/5/2026 20:40:50.244703"
"39375","2303","f6c22a6c-278c-4276-9a48-5295e48b5715","11/5/2026 18:00:49.757769","11/5/2026 18:09:49.761637","570","11/5/2026 18:00:49.757769"
"39376","2214","be3babb1-5553-4aaa-ac10-48c1b06b5957","11/5/2026 18:00:49.913888","11/5/2026 18:09:49.915648","570","11/5/2026 18:00:49.913888"
"39377","2162","fae5df54-6ac8-4e13-9700-bf46da037136","11/5/2026 18:00:50.295852","11/5/2026 18:09:50.263146","570","11/5/2026 18:00:50.295852"
"39378","2305","c6bebb89-b537-4345-a356-1eea67a55f31","11/5/2026 18:00:50.88662","11/5/2026 18:09:50.877418","570","11/5/2026 18:00:50.88662"
"39690","2305","fb240832-4338-4b04-8ecd-7be909f2965e","11/5/2026 19:40:50.4459","11/5/2026 19:49:50.507595","570","11/5/2026 19:40:50.4459"
"39691","2162","e2e74c0a-04b6-4295-80b7-94cd634d67c6","11/5/2026 19:40:50.669796","11/5/2026 19:49:50.676709","570","11/5/2026 19:40:50.669796"
"39692","2303","5a4421e3-3b80-4a63-9955-a4a049173412","11/5/2026 19:40:53.762104","11/5/2026 19:49:53.818839","570","11/5/2026 19:40:53.762104"
"40201","2305","1865163f-5a27-462a-81a9-748179aebb98","11/5/2026 23:00:50.124093","11/5/2026 23:09:50.12859","570","11/5/2026 23:00:50.124093"
"39451","2305","42d7c21d-3f0f-41af-8de7-e1d34c2d0859","11/5/2026 18:20:49.989536","11/5/2026 18:29:50.004305","570","11/5/2026 18:20:49.989536"
"39452","2303","3df29132-5aee-42d9-89e5-8714ec2cf076","11/5/2026 18:20:50.131616","11/5/2026 18:29:50.250007","570","11/5/2026 18:20:50.131616"
"39453","2162","7e237a53-c7a0-4d0a-bcc6-16e9a0e5dd3c","11/5/2026 18:20:50.23255","11/5/2026 18:29:50.266382","570","11/5/2026 18:20:50.23255"
"39519","2305","cbcad64a-d4b9-45d9-85a6-6bca7f7835a4","11/5/2026 18:40:49.827779","11/5/2026 18:49:49.920309","570","11/5/2026 18:40:49.827779"
"39520","2162","e273e67d-32a9-4994-b04a-8af6dfa56ee7","11/5/2026 18:40:50.244454","11/5/2026 18:49:50.262304","570","11/5/2026 18:40:50.244454"
"39521","2303","19178327-7b9d-4b23-8bf3-c4f84de14713","11/5/2026 18:40:50.83698","11/5/2026 18:49:50.835676","570","11/5/2026 18:40:50.83698"
"40202","2303","e3c464f0-924d-4786-ade8-b7183d64ae59","11/5/2026 23:00:50.544756","11/5/2026 23:09:50.609772","570","11/5/2026 23:00:50.544756"
"40163","2303","97a2b36c-5c84-4f04-94e9-8e2e55434248","11/5/2026 22:40:49.820634","11/5/2026 22:49:49.850397","570","11/5/2026 22:40:49.820634"
"39576","2303","85377e5e-094d-4e09-858a-f64b1ad99bd8","11/5/2026 19:00:49.718096","11/5/2026 19:09:49.742005","570","11/5/2026 19:00:49.718096"
"39577","2305","f01504f0-98b4-40e7-a52b-60f813e89d98","11/5/2026 19:00:50.33775","11/5/2026 19:09:50.345948","570","11/5/2026 19:00:50.33775"
"40164","2305","f67328d7-0aa7-4e0d-b44e-1e61bbe22817","11/5/2026 22:40:51.161353","11/5/2026 22:49:51.218833","570","11/5/2026 22:40:51.161353"
"39578","2162","04568afd-575f-4e60-9076-a9914c36f60f","11/5/2026 19:00:50.937793","11/5/2026 19:09:50.952905","570","11/5/2026 19:00:50.937793"
"40106","2162","fbbd94e9-67cd-4d73-9289-b58a8768a22f","11/5/2026 22:20:50.042371","11/5/2026 22:29:49.986947","570","11/5/2026 22:20:50.042371"
"40107","2303","dcbccd47-f2c0-40fa-ab88-beb7b07fa69d","11/5/2026 22:20:50.329608","11/5/2026 22:29:50.347289","570","11/5/2026 22:20:50.329608"
"39955","2162","acaf68f8-a433-4119-8602-61ff647b33ee","11/5/2026 21:20:54.5678","11/5/2026 21:29:54.58724","570","11/5/2026 21:20:54.5678"
"39957","2303","a76af018-c089-4b00-aecd-b4e3c02971d9","11/5/2026 21:20:54.914905","11/5/2026 21:29:54.925319","570","11/5/2026 21:20:54.914905"
"39956","2305","f0b57a8b-8749-4137-9eda-1dc85f053e10","11/5/2026 21:20:54.905963","11/5/2026 21:29:54.9291","570","11/5/2026 21:20:54.905963"
"40108","2305","a04f7ba5-96ae-415e-9c1b-fc6969ce7f49","11/5/2026 22:20:50.385684","11/5/2026 22:29:50.381906","570","11/5/2026 22:20:50.385684"
"40203","2162","f5e31cb8-b259-404f-aa43-db69918312c9","11/5/2026 23:00:51.184815","11/5/2026 23:09:51.164884","570","11/5/2026 23:00:51.184815"
"39898","2303","82a11290-1fea-46d8-9379-febca5845eec","11/5/2026 21:00:49.977615","11/5/2026 21:09:49.988209","570","11/5/2026 21:00:49.977615"
"39899","2162","a6716b25-a7b5-4f2b-b228-a3fbf702a919","11/5/2026 21:00:50.08475","11/5/2026 21:09:50.132098","570","11/5/2026 21:00:50.08475"
"40428","2305","90f6cd80-1626-4560-92c7-4376dcc04570","12/5/2026 00:20:50.505683","12/5/2026 00:29:50.528559","570","12/5/2026 00:20:50.505683"
"48050","2162","aa7aefee-9f4e-4aec-a29e-3d56efd04f99","20/5/2026 02:20:51.173922","20/5/2026 02:29:51.187699","570","20/5/2026 02:20:51.173922"
"40371","2162","a83b65e9-ecb6-4f09-9454-e4019b7efccf","12/5/2026 00:00:50.031801","12/5/2026 00:09:50.018418","570","12/5/2026 00:00:50.031801"
"40372","2305","b62aa6d3-5f34-4fbe-ac65-e4cae0a6655c","12/5/2026 00:00:51.032981","12/5/2026 00:09:51.028826","570","12/5/2026 00:00:51.032981"
"40373","2303","91adb21b-7854-4584-a80c-27420d1ba05b","12/5/2026 00:00:51.080001","12/5/2026 00:09:51.098943","570","12/5/2026 00:00:51.080001"
"40314","2305","f2638584-8c17-4b32-9073-4854c3c2502f","11/5/2026 23:40:50.093158","11/5/2026 23:49:50.092868","570","11/5/2026 23:40:50.093158"
"40315","2303","4b3f1773-aa0a-4e2a-b544-9bad9c81b13c","11/5/2026 23:40:50.912808","11/5/2026 23:49:50.909187","570","11/5/2026 23:40:50.912808"
"40316","2162","bcf0baee-981e-4266-b3d4-6249a499dcdb","11/5/2026 23:40:51.000617","11/5/2026 23:49:51.041659","570","11/5/2026 23:40:51.000617"
"40257","2303","99fe5e6a-c62b-44c8-9e17-4d6083f9e152","11/5/2026 23:21:02.616877","11/5/2026 23:30:02.60765","570","11/5/2026 23:21:02.616877"
"40258","2162","06efc49a-8d69-436d-ba25-e3f1cb07730d","11/5/2026 23:21:03.015727","11/5/2026 23:30:03.022742","570","11/5/2026 23:21:03.015727"
"40259","2305","a402920a-2ccb-4714-b9c5-d6a6b874bb55","11/5/2026 23:21:04.460117","11/5/2026 23:30:04.476081","570","11/5/2026 23:21:04.460117"
"40429","2303","39486423-0472-489f-801c-8bb0f807d781","12/5/2026 00:20:50.505683","12/5/2026 00:29:50.53143","570","12/5/2026 00:20:50.505683"
"40430","2162","a3d7932e-2d77-4f15-adba-1921b7fba745","12/5/2026 00:20:50.626353","12/5/2026 00:29:50.622622","570","12/5/2026 00:20:50.626353"
"48231","2214","3c1ccf00-eaf5-473f-8910-0adaa4b7def0","20/5/2026 04:00:52.572235","20/5/2026 04:09:52.442675","570","20/5/2026 04:00:52.572235"
"48761","2162","2596e3b4-31d1-44c0-b882-a0fb5dd6ed48","20/5/2026 07:20:51.176889","20/5/2026 07:29:51.175687","570","20/5/2026 07:20:51.176889"
"49233","2162","5827ae29-be95-4c7a-bac3-745cc7a10bf8","20/5/2026 10:20:54.536234","20/5/2026 10:29:54.555416","570","20/5/2026 10:20:54.536234"
"49445","2214","425e7456-3949-4c46-9ea2-bb900f2d1b60","20/5/2026 13:00:54.460823","20/5/2026 13:09:54.090871","570","20/5/2026 13:00:54.460823"
"49521","2214","c4ba10e9-18ea-4a08-8455-2f2319de57d5","20/5/2026 15:00:52.873016","20/5/2026 15:09:52.904728","570","20/5/2026 15:00:52.873016"
"40485","2162","826ac8e0-8879-42f4-9e97-3deb6abfa4d0","12/5/2026 00:40:49.965065","12/5/2026 00:49:49.999618","570","12/5/2026 00:40:49.965065"
"40486","2305","6376bff3-0711-41c1-8623-3c7bd702bd93","12/5/2026 00:40:51.261209","12/5/2026 00:49:51.312441","570","12/5/2026 00:40:51.261209"
"49635","2214","2400c73d-54ca-4037-98b5-88aa4380bdc7","20/5/2026 18:00:52.178688","20/5/2026 18:09:52.198293","570","20/5/2026 18:00:52.178688"
"49730","2162","dd3d50b8-57b5-49f6-9376-19a5af9bccf9","20/5/2026 20:20:50.790546","20/5/2026 20:29:50.794788","570","20/5/2026 20:20:50.790546"
"51285","2576","fd971f07-1ef7-4519-a62c-1d69c20594e7","25/5/2026 07:01:04.71924","25/5/2026 07:06:34.712928","390","25/5/2026 07:01:04.71924"
"41200","2214","92bedde9-6258-4408-8a24-ff6bb96ffa2b","12/5/2026 20:00:57.002568","12/5/2026 20:09:57.019791","570","12/5/2026 20:00:57.002568"
"40846","2214","b694d7fd-c377-482d-933e-3cae48a87439","12/5/2026 06:53:01.820619","12/5/2026 07:10:01.68083","1050","12/5/2026 06:53:01.820619"
"40819","2214","abc2e92e-6286-47e6-a1ce-e0ed7ea80bd8","12/5/2026 06:23:38.099593","12/5/2026 06:29:38.074434","390","12/5/2026 06:23:38.099593"
"41048","2214","cde94f8c-ab7b-4ab2-a567-4405c6cc6f1d","12/5/2026 12:00:53.349359","12/5/2026 12:09:53.342578","570","12/5/2026 12:00:53.349359"
"42274","2214","a1915b37-68aa-4638-9d2f-1706774377ef","13/5/2026 23:00:52.712324","13/5/2026 23:09:52.714254","570","13/5/2026 23:00:52.712324"
"40487","2303","70007a22-cba0-49e3-a502-f5a88cbcfca7","12/5/2026 00:40:53.809525","12/5/2026 00:49:53.883058","570","12/5/2026 00:40:53.809525"
"42103","2214","cfdf3d5c-656c-44db-b073-8fd12c52df02","13/5/2026 14:00:52.399579","13/5/2026 14:09:52.414379","570","13/5/2026 14:00:52.399579"
"41351","2214","5b83a865-0b4d-43fe-941a-5bfc235d5046","13/5/2026 04:00:53.007746","13/5/2026 04:09:53.007051","570","13/5/2026 04:00:53.007746"
"41238","2214","3bfe6b3b-3387-4166-864e-148a231222e0","12/5/2026 22:00:53.380863","12/5/2026 22:09:53.380057","570","12/5/2026 22:00:53.380863"
"40970","2214","b30f9891-40fe-4ec0-b1d0-0e0ef2961289","12/5/2026 09:40:41.642446","12/5/2026 10:09:41.642363","1770","12/5/2026 09:40:41.642446"
"40832","2214","10676ea5-22dc-4e17-ac2b-e9181ab5839a","12/5/2026 06:32:40.177231","12/5/2026 06:39:10.183503","420","12/5/2026 06:32:40.177231"
"41606","2214","9caad5b3-ae7e-4ac0-8192-6582a832b0a5","13/5/2026 06:00:52.532825","13/5/2026 06:09:52.490576","570","13/5/2026 06:00:52.532825"
"41332","2214","3d6daf42-f0cd-4968-9029-eb2dbd4b05a1","13/5/2026 03:00:54.700337","13/5/2026 03:09:54.69785","570","13/5/2026 03:00:54.700337"
"41275","2214","7f32a0a7-cdf2-42e7-813f-2b5469e5836a","13/5/2026 00:00:52.260852","13/5/2026 00:09:52.266007","570","13/5/2026 00:00:52.260852"
"40881","2214","ad51d861-4eb8-448a-9626-581dcc539e85","12/5/2026 07:27:46.973941","12/5/2026 07:36:46.951364","570","12/5/2026 07:27:46.973941"
"41143","2214","baff991f-e409-455c-8040-aa0a2b0449fa","12/5/2026 17:00:52.704153","12/5/2026 17:09:52.706473","570","12/5/2026 17:00:52.704153"
"41105","2214","6a555ed6-57b3-4415-8c1c-a2aa1800cb2b","12/5/2026 15:00:52.544682","12/5/2026 15:09:52.54534","570","12/5/2026 15:00:52.544682"
"41067","2214","dc419387-5d0f-4597-ad1b-bebe7b8ee85c","12/5/2026 13:00:52.575785","12/5/2026 13:09:52.573074","570","12/5/2026 13:00:52.575785"
"40771","2162","67f5453b-4763-41aa-a5b8-b283e1817dfa","12/5/2026 02:20:58.619152","12/5/2026 02:27:28.65122","420","12/5/2026 02:20:58.619152"
"41181","2214","769ff61b-48f8-4aad-8a43-682c2688ba81","12/5/2026 19:00:54.174443","12/5/2026 19:09:54.210451","570","12/5/2026 19:00:54.174443"
"42236","2214","5879c2a3-3433-4f3c-a4af-c366d960be41","13/5/2026 21:00:53.944796","13/5/2026 21:09:53.974239","570","13/5/2026 21:00:53.944796"
"41029","2214","238f5f72-106e-4df3-b9e2-9eac87bb0d03","12/5/2026 11:00:54.114354","12/5/2026 11:09:54.131817","570","12/5/2026 11:00:54.114354"
"42179","2214","688c7715-5f5d-4769-931a-57f92da53024","13/5/2026 18:00:52.779363","13/5/2026 18:09:52.781139","570","13/5/2026 18:00:52.779363"
"40770","2303","62b0ccab-771e-4477-8df2-c67613b21fce","12/5/2026 02:20:58.042621","12/5/2026 02:29:58.042703","570","12/5/2026 02:20:58.042621"
"40769","2305","94151d96-b466-4ce8-9798-30467de96416","12/5/2026 02:20:57.896967","12/5/2026 02:29:58.052197","570","12/5/2026 02:20:57.896967"
"41219","2214","06d52f1b-3c93-4e82-a6b8-4bcc2ee8672a","12/5/2026 21:00:53.821937","12/5/2026 21:09:53.822582","570","12/5/2026 21:00:53.821937"
"40712","2162","3a91812b-47ee-4d61-bb83-b29cdb33aabd","12/5/2026 02:00:49.815627","12/5/2026 02:09:49.874948","570","12/5/2026 02:00:49.815627"
"40655","2305","4e05ba13-606e-459d-84e9-8df123faf5c7","12/5/2026 01:40:49.731334","12/5/2026 01:49:49.725551","570","12/5/2026 01:40:49.731334"
"40656","2162","be9031c4-b60d-4d62-b9fc-40e838771995","12/5/2026 01:40:50.118637","12/5/2026 01:49:50.254472","570","12/5/2026 01:40:50.118637"
"40657","2303","612b4fdb-0060-4954-93fd-8d85b16d3df8","12/5/2026 01:40:50.710174","12/5/2026 01:49:50.73642","570","12/5/2026 01:40:50.710174"
"40598","2303","10900267-e122-4367-ba1b-7690313e6a97","12/5/2026 01:20:55.307763","12/5/2026 01:29:55.358861","570","12/5/2026 01:20:55.307763"
"40599","2305","0991c408-d9f6-41af-9a22-9caaa689d366","12/5/2026 01:20:56.178543","12/5/2026 01:29:56.229833","570","12/5/2026 01:20:56.178543"
"40600","2162","3cb07420-aba4-4c3e-b50e-0d130312b171","12/5/2026 01:20:56.283804","12/5/2026 01:29:56.349829","570","12/5/2026 01:20:56.283804"
"40713","2305","463afbdd-fcec-4744-a568-b1329b85baf4","12/5/2026 02:00:50.788818","12/5/2026 02:09:50.803244","570","12/5/2026 02:00:50.788818"
"40714","2303","7dec74ec-1bb3-4e26-9df4-22dff019d257","12/5/2026 02:00:51.592528","12/5/2026 02:09:51.55089","570","12/5/2026 02:00:51.592528"
"40541","2303","9124ce7e-1844-4654-9121-943782f79d08","12/5/2026 01:00:53.117525","12/5/2026 01:09:53.138695","570","12/5/2026 01:00:53.117525"
"40542","2305","b5f68af8-ab68-4000-ab77-2712d840d431","12/5/2026 01:00:53.124636","12/5/2026 01:09:53.154991","570","12/5/2026 01:00:53.124636"
"40543","2162","539e7adc-ae4f-4eb4-9164-c56fb9531268","12/5/2026 01:00:53.218589","12/5/2026 01:09:53.372252","570","12/5/2026 01:00:53.218589"
"41467","2214","242eabb3-d60f-4164-923f-2bf6e2bf3490","13/5/2026 05:00:52.69276","13/5/2026 05:09:52.691807","570","13/5/2026 05:00:52.69276"
"40900","2214","7da03e79-1b25-430a-8414-73358a793603","12/5/2026 08:00:57.241282","12/5/2026 08:09:57.242093","570","12/5/2026 08:00:57.241282"
"42122","2214","0fd5eea0-fed6-40e6-965f-b42270d7faf0","13/5/2026 15:00:56.180088","13/5/2026 15:09:56.192441","570","13/5/2026 15:00:56.180088"
"42160","2214","ca67f3be-2ab5-4178-a4cd-2b7720c24f42","13/5/2026 17:00:59.415349","13/5/2026 17:09:59.42705","570","13/5/2026 17:00:59.415349"
"41313","2214","bf87b263-8fb9-4421-88f8-c80ee33deb77","13/5/2026 02:00:53.157562","13/5/2026 02:09:53.161477","570","13/5/2026 02:00:53.157562"
"41257","2214","c3577d41-bda6-4bf9-87b2-55599e29a7fe","12/5/2026 23:00:55.086139","12/5/2026 23:09:55.08215","570","12/5/2026 23:00:55.086139"
"40919","2214","fc8b019c-b6f9-4656-a255-381a2acdf715","12/5/2026 08:44:15.87627","12/5/2026 09:09:45.893108","1560","12/5/2026 08:44:15.87627"
"41367","2576","75cd4379-5ec0-4bde-91fe-aa63ab21e2a8","13/5/2026 04:08:37.356397","13/5/2026 09:17:55.879398","18780","13/5/2026 04:08:37.356397"
"41124","2214","915fc3f4-87e8-4446-b9b9-5000926e6094","12/5/2026 16:00:53.27756","12/5/2026 16:09:53.269416","570","12/5/2026 16:00:53.27756"
"41086","2214","bcc13ed6-eff2-469b-811f-d1d8deee244e","12/5/2026 14:00:53.19445","12/5/2026 14:09:53.175118","570","12/5/2026 14:00:53.19445"
"41162","2214","e0af5cfb-f802-4ab5-ac57-110e004fe394","12/5/2026 18:00:51.988946","12/5/2026 18:09:51.984111","570","12/5/2026 18:00:51.988946"
"41868","2214","2b9533f6-6148-47fa-b9f8-4cf6d2e3f15f","13/5/2026 08:00:56.982109","13/5/2026 08:09:56.978719","570","13/5/2026 08:00:56.982109"
"42028","2214","b32c5cf2-a80a-4af5-a753-4c2e50f12355","13/5/2026 10:00:54.037668","13/5/2026 10:09:54.258981","570","13/5/2026 10:00:54.037668"
"42046","2214","f95f00e8-8efa-47a1-b051-76e8162c8abb","13/5/2026 11:00:52.674584","13/5/2026 11:09:52.680374","570","13/5/2026 11:00:52.674584"
"41294","2214","238071ba-807e-4b66-a6af-920bd595c5c9","13/5/2026 01:00:56.007751","13/5/2026 01:09:56.021172","570","13/5/2026 01:00:56.007751"
"41745","2214","48f9c39d-f7a7-446b-ab4c-7408bda3f1c1","13/5/2026 07:00:52.432474","13/5/2026 07:09:52.429689","570","13/5/2026 07:00:52.432474"
"42198","2214","4014cb25-b20a-4189-8f4f-dd556f79ac02","13/5/2026 19:00:53.974894","13/5/2026 19:09:53.971942","570","13/5/2026 19:00:53.974894"
"42065","2214","7a01160c-429f-4ce3-a313-4da89c4bd413","13/5/2026 12:00:55.647666","13/5/2026 12:09:55.600558","570","13/5/2026 12:00:55.647666"
"41995","2214","3333836b-2190-4ad3-8ad3-96c2de308293","13/5/2026 09:01:00.96116","13/5/2026 09:10:00.942399","570","13/5/2026 09:01:00.96116"
"42141","2214","14ac8b65-651e-48d1-ac06-bb17203f9e61","13/5/2026 16:00:52.392855","13/5/2026 16:09:52.385121","570","13/5/2026 16:00:52.392855"
"42084","2214","e5ea121a-087e-4fea-a6e1-f178b201f363","13/5/2026 13:00:54.46944","13/5/2026 13:09:54.453531","570","13/5/2026 13:00:54.46944"
"42255","2214","be13dc85-125b-43c1-b500-632a5e195c34","13/5/2026 22:01:00.92961","13/5/2026 22:10:00.922125","570","13/5/2026 22:01:00.92961"
"42217","2214","f72d688a-1bc1-4384-9968-63e2e079e256","13/5/2026 20:00:53.20994","13/5/2026 20:09:53.206629","570","13/5/2026 20:00:53.20994"
"42429","2576","a4a4a71d-8dbd-482c-860c-89cdb3151ec6","14/5/2026 02:44:16.983483","14/5/2026 02:46:16.983832","270","14/5/2026 02:44:16.983483"
"42331","2576","7c15883b-29dd-4465-bdec-07c072431040","14/5/2026 01:47:09.250633","14/5/2026 02:30:09.29146","2610","14/5/2026 01:47:09.250633"
"42293","2214","2e5975d1-0161-45f7-b50d-0c11fdd1565c","14/5/2026 00:00:52.741258","14/5/2026 00:09:52.732136","570","14/5/2026 00:00:52.741258"
"42312","2214","dd053d7d-e604-464c-93a3-87e75387da6c","14/5/2026 01:00:54.785625","14/5/2026 01:09:54.795353","570","14/5/2026 01:00:54.785625"
"42354","2214","9bd8aabc-102d-4ea0-89e6-a69d6a489f12","14/5/2026 02:00:55.334522","14/5/2026 02:09:55.334412","570","14/5/2026 02:00:55.334522"
"42433","2576","cadb0179-7db0-48e1-b699-68d331f1a0ff","14/5/2026 02:47:55.141465","14/5/2026 02:47:55.141465","30","14/5/2026 02:47:55.141465"
"49332","2214","82fdb914-464c-4cd0-a162-ad967ef5c476","20/5/2026 11:01:42.074522","20/5/2026 11:09:52.552796","570","20/5/2026 11:01:42.074522"
"48290","2162","3abf64a2-cc3b-4aea-9189-14d8a83a3bae","20/5/2026 04:20:54.287333","20/5/2026 04:29:54.360908","570","20/5/2026 04:20:54.287333"
"48069","2576","cd72b73d-97b2-4103-969a-9704ca78d855","20/5/2026 02:55:16.239546","20/5/2026 11:21:16.196966","30390","20/5/2026 02:55:16.239546"
"48859","2214","8d7edcc4-de40-4501-9e05-029b4be7fc8f","20/5/2026 08:00:53.479557","20/5/2026 08:09:53.478426","570","20/5/2026 08:00:53.479557"
"50015","2162","b1b49180-6e78-4f91-8f6f-f7785797a0f3","21/5/2026 04:20:58.133591","21/5/2026 04:29:58.155803","570","21/5/2026 04:20:58.133591"
"44339","2214","aefe44c5-fd31-4162-821d-09d464c034d9","16/5/2026 13:00:55.838971","16/5/2026 13:09:55.837719","570","16/5/2026 13:00:55.838971"
"43067","2214","8a4aeaf7-fd6e-4a08-900a-b2b85416cf39","14/5/2026 08:00:53.192003","14/5/2026 08:09:53.205987","570","14/5/2026 08:00:53.192003"
"43433","2214","d828e3d0-afa2-478f-bb37-e966bed32bcd","14/5/2026 12:00:57.0092","14/5/2026 12:09:57.00058","570","14/5/2026 12:00:57.0092"
"42434","2576","ff7bbc69-f21d-4f07-82db-a62ec4f03f85","14/5/2026 02:53:06.638451","14/5/2026 03:00:36.588918","630","14/5/2026 02:53:06.638451"
"42659","2214","f8ed8c6d-ecbe-45c4-ad77-6fb16c817369","14/5/2026 05:00:55.55055","14/5/2026 05:09:55.535463","570","14/5/2026 05:00:55.55055"
"43528","2214","e9841fb3-de37-4451-a863-b8250e68e885","14/5/2026 17:00:51.405685","14/5/2026 17:09:51.411313","570","14/5/2026 17:00:51.405685"
"43490","2214","a7aa49a1-927b-4f61-962b-c66a55ce7b43","14/5/2026 15:00:52.320998","14/5/2026 15:09:52.309021","570","14/5/2026 15:00:52.320998"
"43193","2214","eaa29bcd-90ec-4707-badf-15ea456379e5","14/5/2026 09:00:54.547582","14/5/2026 09:09:54.319115","570","14/5/2026 09:00:54.547582"
"44169","2214","aecf64dd-87ba-4c03-8d36-b59802a2d8ea","16/5/2026 04:00:55.014371","16/5/2026 04:09:55.00324","570","16/5/2026 04:00:55.014371"
"43998","2214","b6604973-4163-4380-86e3-0a6e084689ed","15/5/2026 19:00:52.518109","15/5/2026 19:09:52.512193","570","15/5/2026 19:00:52.518109"
"42796","2214","7378d5e8-5f38-418b-ba07-55b10931079a","14/5/2026 06:00:56.147022","14/5/2026 06:09:56.156061","570","14/5/2026 06:00:56.147022"
"43756","2214","4b07eb7b-41b1-4618-9518-a40fd3876e74","15/5/2026 05:00:54.187922","15/5/2026 05:09:54.20486","570","15/5/2026 05:00:54.187922"
"43718","2214","6ac84b19-531f-4b4e-87f7-0704a67fc9d5","15/5/2026 03:00:52.516394","15/5/2026 03:09:52.778377","570","15/5/2026 03:00:52.516394"
"42449","2214","87f44cc2-7906-4d47-b25b-2f2b3fb53cb9","14/5/2026 03:00:57.542375","14/5/2026 03:09:57.552288","570","14/5/2026 03:00:57.542375"
"43585","2214","c61073af-5faa-4e32-8ad7-eaf63eb84033","14/5/2026 20:00:57.897377","14/5/2026 20:09:57.906739","570","14/5/2026 20:00:57.897377"
"43832","2214","6c336505-933a-4ef9-b061-4d697f33512b","15/5/2026 10:02:53.905945","15/5/2026 10:09:53.887193","450","15/5/2026 10:02:53.905945"
"43319","2214","d16da7f5-e32c-47e4-8014-186e4dbb66ed","14/5/2026 10:00:53.412189","14/5/2026 10:09:53.423585","570","14/5/2026 10:00:53.412189"
"43680","2214","ff9f45c3-a777-42d2-9fa1-205f54d1d41e","15/5/2026 01:00:54.434301","15/5/2026 01:09:54.422822","570","15/5/2026 01:00:54.434301"
"42497","2576","4627d248-cb96-4f17-b8d8-957a9c866d2a","14/5/2026 03:45:57.138775","14/5/2026 10:38:27.153731","24960","14/5/2026 03:45:57.138775"
"43452","2214","874afff4-d02f-4aca-9663-03fa448671b3","14/5/2026 13:00:52.501592","14/5/2026 13:09:52.506304","570","14/5/2026 13:00:52.501592"
"43794","2214","0b80c2ac-2e9e-4907-9abd-09ff34ac24ac","15/5/2026 07:00:52.887221","15/5/2026 07:09:52.906094","570","15/5/2026 07:00:52.887221"
"43509","2214","4556a12d-ada4-475a-86e7-d0acd843d8f2","14/5/2026 16:00:55.841331","14/5/2026 16:09:55.818009","570","14/5/2026 16:00:55.841331"
"43547","2214","f099c080-205f-4ee1-8982-6cc656f3cd29","14/5/2026 18:00:53.8472","14/5/2026 18:09:53.830921","570","14/5/2026 18:00:53.8472"
"44301","2214","bce98d20-ac32-4827-9eb5-e3835cde693d","16/5/2026 11:00:57.819726","16/5/2026 11:09:57.835788","570","16/5/2026 11:00:57.819726"
"43642","2214","9a5fde26-4f6d-48a9-9101-b341f259e59e","14/5/2026 23:00:52.941506","14/5/2026 23:09:52.946297","570","14/5/2026 23:00:52.941506"
"43923","2214","64058158-5392-4d99-9985-4fa5efd6205e","15/5/2026 15:00:52.914716","15/5/2026 15:09:52.909435","570","15/5/2026 15:00:52.914716"
"42468","2576","50d1a2f6-72f3-4d8e-8e62-94d59a23cd66","14/5/2026 03:20:36.341998","14/5/2026 03:34:36.434393","870","14/5/2026 03:20:36.341998"
"44244","2214","20fa954a-33ca-4aaa-bdf4-0c63649042c3","16/5/2026 08:10:53.616306","16/5/2026 08:19:53.628484","570","16/5/2026 08:10:53.616306"
"42929","2214","d8e1a263-541e-45e7-9323-cc574a8c3034","14/5/2026 07:00:53.799452","14/5/2026 07:09:53.809506","570","14/5/2026 07:00:53.799452"
"42527","2214","43df360e-3b62-490b-b4f3-cb43f273fd7f","14/5/2026 04:00:55.595155","14/5/2026 04:09:55.58962","570","14/5/2026 04:00:55.595155"
"43414","2214","a6908cb1-51ca-478d-9d8e-b9778c11ea21","14/5/2026 11:00:54.11639","14/5/2026 11:09:54.116809","570","14/5/2026 11:00:54.11639"
"43866","2214","0384cc16-e45d-4f1f-b191-1a1042133313","15/5/2026 12:00:53.377288","15/5/2026 12:09:53.392168","570","15/5/2026 12:00:53.377288"
"43471","2214","dd9045c7-b426-4b6a-aecd-b6f8cf96d94c","14/5/2026 14:00:53.124551","14/5/2026 14:09:53.115892","570","14/5/2026 14:00:53.124551"
"43604","2214","dc01a852-dfee-48c2-ae2b-44c443814d0c","14/5/2026 21:00:53.82449","14/5/2026 21:09:53.834081","570","14/5/2026 21:00:53.82449"
"43979","2214","c26577f4-4c64-4793-aed7-93bcee1cb01d","15/5/2026 18:00:51.915204","15/5/2026 18:09:51.904743","570","15/5/2026 18:00:51.915204"
"44226","2214","04fda67d-1702-4fa7-9aa5-b289c82fdcfc","16/5/2026 07:00:53.270602","16/5/2026 07:09:53.25344","570","16/5/2026 07:00:53.270602"
"44188","2214","b0aadbfe-2a84-4757-88fd-60f48ce75ee6","16/5/2026 05:00:52.824107","16/5/2026 05:09:52.81993","570","16/5/2026 05:00:52.824107"
"43737","2214","9b30af95-5275-4452-b847-c0838f986a21","15/5/2026 04:00:53.326482","15/5/2026 04:09:53.324671","570","15/5/2026 04:00:53.326482"
"43566","2214","e7f2da73-c9a9-409f-99e4-a5ed05479004","14/5/2026 19:00:52.293398","14/5/2026 19:09:52.305868","570","14/5/2026 19:00:52.293398"
"43699","2214","ee94c645-5731-40df-b2ed-2a6da1d134bd","15/5/2026 02:00:53.489454","15/5/2026 02:09:53.478128","570","15/5/2026 02:00:53.489454"
"43775","2214","09a8e0d0-eb76-4b0d-8b47-050e04c1090e","15/5/2026 06:00:53.658492","15/5/2026 06:09:53.676407","570","15/5/2026 06:00:53.658492"
"43661","2214","06e1efdd-0a61-4371-b58b-45e5d565b2aa","15/5/2026 00:00:54.003071","15/5/2026 00:09:54.008088","570","15/5/2026 00:00:54.003071"
"43904","2214","383aa36a-5144-4a99-8a38-17a2ac91e016","15/5/2026 14:00:51.983924","15/5/2026 14:09:51.971246","570","15/5/2026 14:00:51.983924"
"44093","2214","5cfa3323-db32-4683-86c6-8d01aae032a8","16/5/2026 00:00:54.246324","16/5/2026 00:09:54.289512","570","16/5/2026 00:00:54.246324"
"43813","2214","e782961e-6a55-4698-973d-9d0e6101ee9c","15/5/2026 08:00:55.172171","15/5/2026 08:09:55.16982","570","15/5/2026 08:00:55.172171"
"43623","2214","79461f15-d4fb-4083-a420-35a089201c91","14/5/2026 22:00:53.724531","14/5/2026 22:09:53.684364","570","14/5/2026 22:00:53.724531"
"43961","2214","9037ee5c-762c-48a6-b088-4950f55badef","15/5/2026 17:00:52.61635","15/5/2026 17:09:22.624173","540","15/5/2026 17:00:52.61635"
"43847","2214","ae35e918-fd02-4150-98dc-12bc981176fe","15/5/2026 11:00:54.253866","15/5/2026 11:09:51.509547","570","15/5/2026 11:00:54.253866"
"44074","2214","488ca19a-a0dd-4cf7-a7cc-411f293f3cd3","15/5/2026 23:00:52.908346","15/5/2026 23:09:52.909216","570","15/5/2026 23:00:52.908346"
"44055","2214","d439a6b3-ee71-4687-b98b-30b24c564008","15/5/2026 22:00:53.0872","15/5/2026 22:09:53.091064","570","15/5/2026 22:00:53.0872"
"44036","2214","e7c2ec7c-c3b4-4d8e-9c10-9feba084e9ab","15/5/2026 21:00:52.507011","15/5/2026 21:09:52.504485","570","15/5/2026 21:00:52.507011"
"43885","2214","837bb45e-37f4-4926-8c03-275edb3efda2","15/5/2026 13:00:52.201754","15/5/2026 13:09:52.204109","570","15/5/2026 13:00:52.201754"
"43942","2214","1160d153-70e1-4a44-80b9-ce4df940cf18","15/5/2026 16:00:54.1561","15/5/2026 16:09:54.14184","570","15/5/2026 16:00:54.1561"
"44112","2214","bf2ce30e-6bee-4c98-8a27-e89d921422f7","16/5/2026 01:00:52.092406","16/5/2026 01:09:52.088378","570","16/5/2026 01:00:52.092406"
"44017","2214","dc1bc959-0f67-4c86-aeba-2f58d152d7ed","15/5/2026 20:10:54.128268","15/5/2026 20:19:54.140413","570","15/5/2026 20:10:54.128268"
"44263","2214","0d350c1e-8451-42fb-b05e-9a5bc711fd1e","16/5/2026 09:00:52.707816","16/5/2026 09:09:53.100952","570","16/5/2026 09:00:52.707816"
"44131","2214","888fd4d5-237f-4faf-8931-b588d2aceb15","16/5/2026 02:00:53.971966","16/5/2026 02:09:53.973982","570","16/5/2026 02:00:53.971966"
"44150","2214","a2ff0c0a-dc7f-44d8-b26d-09843bfa15b9","16/5/2026 03:00:52.359264","16/5/2026 03:09:52.362423","570","16/5/2026 03:00:52.359264"
"44320","2214","145cec0c-7e0f-4f3c-9e26-b3055ecf9885","16/5/2026 12:00:51.752523","16/5/2026 12:09:51.742928","570","16/5/2026 12:00:51.752523"
"44207","2214","a4220492-f259-4ff2-8a6a-cbee8ff6d565","16/5/2026 06:00:55.039792","16/5/2026 06:09:55.064792","570","16/5/2026 06:00:55.039792"
"44282","2214","f8d28be4-5d4d-4241-9694-c8d2cd341fbd","16/5/2026 10:00:55.699513","16/5/2026 10:09:55.693759","570","16/5/2026 10:00:55.699513"
"44396","2214","ea572032-34a2-4048-93ab-fd949ef17db7","16/5/2026 16:00:54.200178","16/5/2026 16:09:54.199091","570","16/5/2026 16:00:54.200178"
"44358","2214","a11c0ea7-7c61-4495-9d54-d2bb442f2f84","16/5/2026 14:00:53.826748","16/5/2026 14:09:53.815551","570","16/5/2026 14:00:53.826748"
"44415","2214","42724c3d-76ee-40b6-8d14-ee59dabe7ad7","16/5/2026 17:00:54.247223","16/5/2026 17:09:54.25361","570","16/5/2026 17:00:54.247223"
"44377","2214","58dd32b6-e02e-485e-b48e-f72c59046de6","16/5/2026 15:00:54.037458","16/5/2026 15:09:54.044489","570","16/5/2026 15:00:54.037458"
"44434","2214","e2652135-2b49-486c-a085-427d284fc9d3","16/5/2026 18:00:52.687939","16/5/2026 18:09:52.704769","570","16/5/2026 18:00:52.687939"
"44453","2214","b57005ac-2498-45ec-ac83-8cad8dcb2f86","16/5/2026 19:00:52.555007","16/5/2026 19:09:52.538762","570","16/5/2026 19:00:52.555007"
"44472","2214","54540055-1316-4303-acb2-ccb6471a6096","16/5/2026 20:00:56.12195","16/5/2026 20:09:56.119247","570","16/5/2026 20:00:56.12195"
"44491","2214","3ff4b564-5a28-49a3-9aca-8c9cecd4178b","16/5/2026 21:00:57.087382","16/5/2026 21:09:57.111839","570","16/5/2026 21:00:57.087382"
"44510","2214","c05adb2f-23b4-4628-af2d-e79e81fef2b9","16/5/2026 22:00:55.027279","16/5/2026 22:09:55.036715","570","16/5/2026 22:00:55.027279"
"44529","2214","52085714-0e65-4644-851b-bd3dd4b79a0e","16/5/2026 23:00:54.433847","16/5/2026 23:09:54.447566","570","16/5/2026 23:00:54.433847"
"49920","2214","4dadea3a-4352-4308-bc9a-c83e19a0e036","21/5/2026 02:10:54.158469","21/5/2026 02:19:54.061281","570","21/5/2026 02:10:54.158469"
"46031","2214","87eb86db-ae4e-479d-930c-923521a3b87e","19/5/2026 13:01:00.325101","19/5/2026 13:10:00.451992","570","19/5/2026 13:01:00.325101"
"45673","2214","ec7098b1-b751-455c-9954-5231ea26840f","19/5/2026 11:23:33.826507","19/5/2026 12:10:03.564278","2820","19/5/2026 11:23:33.826507"
"46863","2162","175cb9de-1e5e-445d-9701-2658b4d9cf65","19/5/2026 18:20:54.92341","19/5/2026 18:29:54.93898","570","19/5/2026 18:20:54.92341"
"44890","2214","30071310-f1e3-4a14-a71e-587b2175f50f","17/5/2026 18:00:57.329385","17/5/2026 18:09:57.334205","570","17/5/2026 18:00:57.329385"
"44605","2214","71059b92-026e-4c79-a673-802e50c4b49c","17/5/2026 03:00:55.51907","17/5/2026 03:09:55.528679","570","17/5/2026 03:00:55.51907"
"44985","2214","8c244001-0f51-4ba4-8424-ea7f5ca3c333","17/5/2026 23:00:53.778988","17/5/2026 23:09:53.775879","570","17/5/2026 23:00:53.778988"
"45316","2214","68ec7463-4c7c-4403-a5cf-5201960a5e03","19/5/2026 10:11:34.752086","19/5/2026 11:09:36.714574","3510","19/5/2026 10:11:34.752086"
"45241","2162","d8fdcb46-6cf3-4a7b-92b8-33efe90d145c","19/5/2026 09:41:09.612345","19/5/2026 09:49:50.066223","570","19/5/2026 09:41:09.612345"
"45319","2162","367361f5-cf33-48c5-a393-e0a58c96c380","19/5/2026 10:12:03.91726","19/5/2026 11:10:03.896604","3510","19/5/2026 10:12:03.91726"
"45303","2214","076437c8-c6b9-43a9-8f48-1f5da2e892e4","19/5/2026 10:07:18.625666","19/5/2026 10:09:48.563185","180","19/5/2026 10:07:18.625666"
"46090","2162","c37463c4-9cea-4ebd-931f-127137ed6321","19/5/2026 13:20:49.886479","19/5/2026 13:29:49.887835","570","19/5/2026 13:20:49.886479"
"45156","2214","088938dc-b6c2-4046-b9d6-1da06984dd63","18/5/2026 08:00:53.552208","18/5/2026 08:06:23.565964","360","18/5/2026 08:00:53.552208"
"44548","2214","feb36bd0-7b8c-4a21-8076-d8c696e3b8e3","17/5/2026 00:00:53.200257","17/5/2026 00:09:53.200692","570","17/5/2026 00:00:53.200257"
"44738","2214","6793aeed-1d9c-477c-83ef-828428b0ab78","17/5/2026 10:00:53.873183","17/5/2026 10:09:53.896159","570","17/5/2026 10:00:53.873183"
"44795","2214","46234e25-6a41-4501-9c80-d6bb95884edb","17/5/2026 13:00:52.160895","17/5/2026 13:09:52.170217","570","17/5/2026 13:00:52.160895"
"44681","2214","9304c9df-2210-4ba5-aa31-f183b93b9d75","17/5/2026 07:00:52.474146","17/5/2026 07:09:52.461767","570","17/5/2026 07:00:52.474146"
"44947","2214","055c8388-abfc-4d8c-9cb4-55a8b648e299","17/5/2026 21:00:57.144615","17/5/2026 21:09:57.143541","570","17/5/2026 21:00:57.144615"
"44624","2214","06bb48af-78e4-4acb-b255-ffe24382eb3d","17/5/2026 04:00:53.171876","17/5/2026 04:09:53.174391","570","17/5/2026 04:00:53.171876"
"44852","2214","a69010b8-29b3-4444-bba6-9a84bbbd92bc","17/5/2026 16:00:52.922603","17/5/2026 16:09:52.925976","570","17/5/2026 16:00:52.922603"
"45272","2162","37c6420a-0d6d-4ce0-be76-1fa14831fe70","19/5/2026 10:00:52.930615","19/5/2026 10:09:52.930139","570","19/5/2026 10:00:52.930615"
"45214","2214","d15a073e-6346-4570-a957-ee21f31e38e1","19/5/2026 07:59:15.567088","19/5/2026 08:09:15.587595","630","19/5/2026 07:59:15.567088"
"45080","2214","6072f04b-e3ed-4029-a672-ed7e8dcd4e0b","18/5/2026 04:00:53.236814","18/5/2026 04:09:53.24577","570","18/5/2026 04:00:53.236814"
"44567","2214","f542cf32-f65e-4aff-9a5f-947ab8074eb6","17/5/2026 01:00:52.997426","17/5/2026 01:09:52.985182","570","17/5/2026 01:00:52.997426"
"45118","2214","9ae1d819-440d-4a37-a1f8-36e2519a9e80","18/5/2026 06:00:53.683946","18/5/2026 06:09:53.681112","570","18/5/2026 06:00:53.683946"
"44909","2214","de8302b7-c000-4d54-a16d-f5a5b3caa16c","17/5/2026 19:00:53.619697","17/5/2026 19:09:53.648753","570","17/5/2026 19:00:53.619697"
"45042","2214","3fc75428-4c65-4bd9-b9db-200ada593c93","18/5/2026 02:00:55.503162","18/5/2026 02:09:55.511148","570","18/5/2026 02:00:55.503162"
"44757","2214","1dadf247-2713-4e72-bee5-5726151e851a","17/5/2026 11:00:52.471087","17/5/2026 11:09:52.457153","570","17/5/2026 11:00:52.471087"
"44700","2214","8f3b2d40-786e-43df-ad3e-95c7d33dc5e5","17/5/2026 08:00:51.435105","17/5/2026 08:09:51.449155","570","17/5/2026 08:00:51.435105"
"44643","2214","06d66811-bdc8-4606-b4c7-a5907ca63546","17/5/2026 05:01:01.907221","17/5/2026 05:10:01.89849","570","17/5/2026 05:01:01.907221"
"44814","2214","c155157c-0749-4978-9189-58446e7469f5","17/5/2026 14:00:52.084884","17/5/2026 14:09:52.08338","570","17/5/2026 14:00:52.084884"
"45004","2214","36d4d576-e057-4927-b86e-bc9d0eec07a6","18/5/2026 00:00:53.437253","18/5/2026 00:09:53.440883","570","18/5/2026 00:00:53.437253"
"44586","2214","46406c7a-95b4-4b9c-8366-f35dafd11e7b","17/5/2026 02:00:53.307372","17/5/2026 02:09:53.313208","570","17/5/2026 02:00:53.307372"
"45254","2576","1a7d1245-3064-496d-a356-7baa1660ecd6","19/5/2026 09:47:58.973163","19/5/2026 10:11:59.057934","1500","19/5/2026 09:47:58.973163"
"45189","2162","b0e3b99e-adb1-4691-b750-9c3af57230e7","19/5/2026 07:20:50.041458","19/5/2026 07:29:50.039751","570","19/5/2026 07:20:50.041458"
"44871","2214","b7689528-0bc8-4602-9de7-0714c4214aa3","17/5/2026 17:00:55.825936","17/5/2026 17:09:55.810983","570","17/5/2026 17:00:55.825936"
"44966","2214","145e9daa-fa5b-4c2a-9af6-1491ae44a2e6","17/5/2026 22:00:53.407457","17/5/2026 22:09:53.432351","570","17/5/2026 22:00:53.407457"
"46245","2162","05d02919-d9e7-4cea-876e-e25426b1d622","19/5/2026 14:20:50.318944","19/5/2026 14:29:50.31748","570","19/5/2026 14:20:50.318944"
"45235","2214","e99cf84d-5e89-4a0b-8093-7e9115b0a7d2","19/5/2026 09:20:57.099431","19/5/2026 09:23:27.097026","180","19/5/2026 09:20:57.099431"
"44719","2214","ff973123-57e9-4571-b95a-56b1b3406c4a","17/5/2026 09:00:52.632341","17/5/2026 09:09:52.628867","570","17/5/2026 09:00:52.632341"
"44662","2214","ff62bc29-5f1a-41dc-9dd7-bfcb9dadb048","17/5/2026 06:00:51.395977","17/5/2026 06:09:51.399349","570","17/5/2026 06:00:51.395977"
"44776","2214","f085e305-3b26-4da2-9eba-f0d8e5dc368d","17/5/2026 12:00:55.530368","17/5/2026 12:09:55.53089","570","17/5/2026 12:00:55.530368"
"45208","2162","c4214670-5e95-4e2b-af33-ae56b4a88b6a","19/5/2026 07:40:51.274789","19/5/2026 07:43:21.284151","180","19/5/2026 07:40:51.274789"
"44928","2214","a434cb64-be1e-44a4-9498-5fdbabf97f70","17/5/2026 20:00:53.586149","17/5/2026 20:09:53.581372","570","17/5/2026 20:00:53.586149"
"44833","2214","06c0940c-f82d-48bd-ad8f-0e60675e1319","17/5/2026 15:00:52.496577","17/5/2026 15:09:52.506582","570","17/5/2026 15:00:52.496577"
"46187","2214","317a4237-1358-4bbf-bdd2-15597e76eb7b","19/5/2026 14:00:53.361176","19/5/2026 14:09:53.381858","570","19/5/2026 14:00:53.361176"
"45099","2214","a7832479-ccbd-45d2-ba90-6fb80fbec12e","18/5/2026 05:00:55.321438","18/5/2026 05:09:55.332318","570","18/5/2026 05:00:55.321438"
"45061","2214","c02f4362-71d3-469a-ab1d-9f6043633df3","18/5/2026 03:00:54.022956","18/5/2026 03:09:54.033224","570","18/5/2026 03:00:54.022956"
"45023","2214","b9dfb771-8c3b-45b9-9720-71f8dd28647d","18/5/2026 01:00:55.358856","18/5/2026 01:09:55.362832","570","18/5/2026 01:00:55.358856"
"45168","2162","470cbeba-793f-4d0b-8721-0f5d0ab07a79","19/5/2026 06:59:54.778876","19/5/2026 07:09:54.731487","630","19/5/2026 06:59:54.778876"
"45137","2214","c95b3c9d-c2c0-4dae-92d6-15643c69183a","18/5/2026 07:00:52.042224","18/5/2026 07:09:52.051065","570","18/5/2026 07:00:52.042224"
"45273","2214","a6b5c002-1d84-4c93-ba02-4b41ef54866a","19/5/2026 10:00:53.654748","19/5/2026 10:06:23.045106","360","19/5/2026 10:00:53.654748"
"46653","2214","918dba34-43fd-419d-be4f-5883efc668e4","19/5/2026 17:00:57.478584","19/5/2026 17:09:53.78053","570","19/5/2026 17:00:57.478584"
"46718","2162","61360776-570a-42bf-af87-3f22abb4fe62","19/5/2026 17:26:01.192756","19/5/2026 17:35:01.193649","570","19/5/2026 17:26:01.192756"
"45695","2162","e5de13d6-ce30-4527-bbd2-25f2c78c413e","19/5/2026 11:28:57.311878","19/5/2026 11:53:57.177191","1530","19/5/2026 11:28:57.311878"
"45913","2162","2675205e-0322-4f78-8005-89109f835ec5","19/5/2026 12:12:12.793629","19/5/2026 12:13:12.79276","90","19/5/2026 12:12:12.793629"
"46344","2214","00f0fad4-ca20-4b9d-ac4d-aa2a1cea57a7","19/5/2026 15:00:58.833217","19/5/2026 15:09:58.838864","570","19/5/2026 15:00:58.833217"
"45933","2162","6e307662-5446-4db2-8ff6-e895b57c2b4f","19/5/2026 12:20:53.579795","19/5/2026 12:29:53.600203","570","19/5/2026 12:20:53.579795"
"45639","2214","989e17e8-b47b-4a7f-ad73-ac0c5e352d15","19/5/2026 11:12:53.051226","19/5/2026 11:19:52.881738","450","19/5/2026 11:12:53.051226"
"46805","2214","d69c6371-6102-4982-9de7-5b67209be4b7","19/5/2026 18:00:52.372287","19/5/2026 18:09:52.322371","570","19/5/2026 18:00:52.372287"
"46403","2162","003eb16f-4e87-434e-bc81-c75df141d6cf","19/5/2026 15:20:50.369885","19/5/2026 15:29:50.367939","570","19/5/2026 15:20:50.369885"
"46569","2162","53904c7e-b976-4b94-a070-8655bba318ac","19/5/2026 16:25:56.134346","19/5/2026 16:34:56.135764","570","19/5/2026 16:25:56.134346"
"47116","2214","696c8e1a-c13b-42f4-81b7-7ea3affa2e12","19/5/2026 20:00:52.131759","19/5/2026 20:09:52.133029","570","19/5/2026 20:00:52.131759"
"46500","2214","32849cfe-3b94-41aa-a1ee-22b48693e2a5","19/5/2026 16:00:52.93077","19/5/2026 16:09:52.95457","570","19/5/2026 16:00:52.93077"
"46960","2214","df25c657-5d8e-4476-94d8-97ec50b6079e","19/5/2026 19:00:52.691409","19/5/2026 19:09:52.620336","570","19/5/2026 19:00:52.691409"
"47019","2162","e2e06005-f400-40d5-9872-002db029df0e","19/5/2026 19:20:57.677287","19/5/2026 19:29:57.679722","570","19/5/2026 19:20:57.677287"
"47169","2162","936c9a44-7eca-4824-bc0e-d107025b7335","19/5/2026 20:20:55.265949","19/5/2026 20:29:55.255895","570","19/5/2026 20:20:55.265949"
"48080","2214","5fb383af-6fff-4ce9-b9ce-f55bab6a7962","20/5/2026 03:00:55.967922","20/5/2026 03:10:02.931284","570","20/5/2026 03:00:55.967922"
"48389","2214","c1cd42d7-cebf-4140-b602-fc096dea1948","20/5/2026 05:00:54.258454","20/5/2026 05:09:54.233535","570","20/5/2026 05:00:54.258454"
"48918","2162","12695c99-1d3c-4bae-ba81-506076ea9a73","20/5/2026 08:20:54.525016","20/5/2026 08:29:54.537792","570","20/5/2026 08:20:54.525016"
"49540","2162","25881286-91a5-4b48-aadb-2eb89d452fe4","20/5/2026 15:20:51.085728","20/5/2026 15:29:51.067708","570","20/5/2026 15:20:51.085728"
"49464","2162","e43f3a2e-bda3-4c50-8422-3c5178fdc5f3","20/5/2026 13:20:56.640605","20/5/2026 13:29:56.644728","570","20/5/2026 13:20:56.640605"
"50318","2162","3a9c9435-7f70-41d0-8551-c9bf2b76901d","21/5/2026 12:20:50.395365","21/5/2026 12:29:50.425639","570","21/5/2026 12:20:50.395365"
"50630","2214","8b4abe48-e14d-4e52-a066-3d872456269e","21/5/2026 21:00:57.11859","21/5/2026 21:09:56.3709","570","21/5/2026 21:00:57.11859"
"51708","2214","5053ef8f-ad20-4fb3-9af8-112af6b118c8","25/5/2026 23:00:54.683154","25/5/2026 23:09:54.462718","570","25/5/2026 23:00:54.683154"
"51297","2576","24eb590b-ea61-4a37-8461-164aa165159c","25/5/2026 07:07:57.055455","25/5/2026 07:16:57.164781","570","25/5/2026 07:07:57.055455"
"51169","2162","43206aa1-ac64-40cb-b31b-8f41c1b97503","22/5/2026 21:20:56.400372","22/5/2026 21:29:56.407267","570","22/5/2026 21:20:56.400372"
"51055","2162","ddc6c755-edc8-4ad1-96d0-a2c2e393ede4","22/5/2026 15:20:49.850488","22/5/2026 15:29:49.846109","570","22/5/2026 15:20:49.850488"
"50789","2162","a6f2dda0-bf35-40ff-9a5d-fa79b5d29a11","22/5/2026 01:20:55.34702","22/5/2026 01:29:55.366684","570","22/5/2026 01:20:55.34702"
"49654","2162","4c8edaba-50e7-41bf-803b-5e1dd5e62e04","20/5/2026 18:20:54.642991","20/5/2026 18:29:54.651987","570","20/5/2026 18:20:54.642991"
"50459","2162","925514da-c100-4e6e-ae89-35dfe588ad53","21/5/2026 16:21:00.735665","21/5/2026 16:30:00.748603","570","21/5/2026 16:21:00.735665"
"50668","2214","8006e272-5156-4feb-8f02-be3b218a891c","21/5/2026 22:00:52.558562","21/5/2026 22:09:52.461575","570","21/5/2026 22:00:52.558562"
"49977","2162","29051e61-ee8e-48bb-9e79-cb6732953282","21/5/2026 03:20:54.864959","21/5/2026 03:29:54.871213","570","21/5/2026 03:20:54.864959"
"48447","2162","0405d383-e727-4f9d-a678-0862e9a0fc53","20/5/2026 05:20:50.687551","20/5/2026 05:29:50.697323","570","20/5/2026 05:20:50.687551"
"51326","2576","e5547c23-5b19-4546-9780-e7a6449f860e","25/5/2026 07:34:46.354681","25/5/2026 07:44:46.53389","1590","25/5/2026 07:34:46.354681"
"49749","2214","85883df2-6aa7-478c-b185-f8ccfc8ca67f","20/5/2026 21:00:52.827794","20/5/2026 21:09:52.802886","570","20/5/2026 21:00:52.827794"
"51364","2576","c973cba3-a6bf-4064-abe6-9f43eea95bef","25/5/2026 08:13:26.108498","25/5/2026 08:17:26.173027","420","25/5/2026 08:13:26.108498"
"50337","2214","ef86c761-eabb-4630-b637-cfc1c9b047a7","21/5/2026 13:00:54.101665","21/5/2026 13:09:54.104834","570","21/5/2026 13:00:54.101665"
"50497","2162","ca9e4289-d9d6-46b5-b9d6-473c25477e50","21/5/2026 17:20:58.157366","21/5/2026 17:29:58.158003","570","21/5/2026 17:20:58.157366"
"51093","2162","582cc22e-de29-4498-bd5f-a223bc24d02c","22/5/2026 17:20:54.634629","22/5/2026 17:29:54.527587","570","22/5/2026 17:20:54.634629"
"50375","2214","92597d08-0f18-4868-bdfe-dd61bac60ec7","21/5/2026 14:00:53.969099","21/5/2026 14:09:53.806467","570","21/5/2026 14:00:53.969099"
"50827","2162","8b826bbd-0102-4957-825a-2a3357db1dbc","22/5/2026 03:20:51.639862","22/5/2026 03:29:51.637631","570","22/5/2026 03:20:51.639862"
"49018","2214","f990282e-e744-4455-a2e9-99eb36739275","20/5/2026 09:01:27.656632","20/5/2026 09:09:55.608919","570","20/5/2026 09:01:27.656632"
"50034","2214","0f157c3d-1ccd-44ef-9992-ef6c89a36882","21/5/2026 05:00:52.738005","21/5/2026 05:09:52.332527","570","21/5/2026 05:00:52.738005"
"49882","2214","f76a6814-59f5-4a76-99b1-b21d000c3771","21/5/2026 01:00:56.686748","21/5/2026 01:09:56.720155","570","21/5/2026 01:00:56.686748"
"50721","2162","eeffe763-f659-47d3-af1f-9e392342c85f","21/5/2026 23:20:54.617565","21/5/2026 23:29:54.607084","570","21/5/2026 23:20:54.617565"
"50865","2162","dfd849e3-8f53-4fad-b668-d6786636fa99","22/5/2026 05:20:55.073401","22/5/2026 05:29:55.041909","570","22/5/2026 05:20:55.073401"
"51594","2162","fc5a1fad-ac34-433a-a9ad-c9259f7b4861","25/5/2026 18:20:54.643477","25/5/2026 18:29:54.621771","570","25/5/2026 18:20:54.643477"
"50535","2162","1556ea36-d423-4a8e-8119-53e6ea127f70","21/5/2026 18:20:51.486526","21/5/2026 18:29:51.512391","570","21/5/2026 18:20:51.486526"
"47307","2214","633e0e96-0da0-4c95-93a1-bb4bad45c736","19/5/2026 21:20:53.419247","19/5/2026 21:29:53.413797","570","19/5/2026 21:20:53.419247"
"47308","2162","f7fae48d-7812-420d-8cf8-b9e499f15ffe","19/5/2026 21:20:54.841826","19/5/2026 21:29:54.837112","570","19/5/2026 21:20:54.841826"
"50903","2162","5e8ba54b-9e6a-4887-89f8-038d0d4bfa79","22/5/2026 07:25:56.110889","22/5/2026 07:34:56.063071","570","22/5/2026 07:25:56.110889"
"50759","2162","7bb8862d-1eba-44b2-a4dd-c0e0e8a72291","22/5/2026 00:20:50.067248","22/5/2026 00:29:50.067266","570","22/5/2026 00:20:50.067248"
"49559","2214","007b781c-33c2-4a1e-8135-18342ce2a26a","20/5/2026 16:00:58.5468","20/5/2026 16:09:58.567748","570","20/5/2026 16:00:58.5468"
"50072","2214","64248895-a02b-4ec0-8f8e-09bd5151d805","21/5/2026 06:00:54.445068","21/5/2026 06:09:54.670577","570","21/5/2026 06:00:54.445068"
"49939","2162","314979aa-c2ce-465d-93e1-0b6e7f3da397","21/5/2026 02:26:00.331023","21/5/2026 02:35:00.341708","570","21/5/2026 02:26:00.331023"
"50167","2162","d22721ec-ded4-424b-9a22-234441fe6735","21/5/2026 08:20:55.723894","21/5/2026 08:29:55.758032","570","21/5/2026 08:20:55.723894"
"50224","2214","b6919afb-e5ed-4c65-939a-061260749d12","21/5/2026 10:01:24.326903","21/5/2026 10:09:54.438436","570","21/5/2026 10:01:24.326903"
"52348","2214","e007a2b9-2f22-4f15-b65a-eed114d92986","26/5/2026 15:00:52.723493","26/5/2026 15:09:52.70402","570","26/5/2026 15:00:52.723493"
"50261","2214","d6d40289-1233-409c-a9d5-13a83ac49023","21/5/2026 11:01:04.234564","21/5/2026 11:09:57.815786","570","21/5/2026 11:01:04.234564"
"51131","2162","e9fd4906-2fa5-43aa-b314-52d4c60ea526","22/5/2026 19:20:49.918413","22/5/2026 19:29:49.931735","570","22/5/2026 19:20:49.918413"
"50394","2162","2fd408ce-8cb7-4903-840a-aa1dac7c5c2d","21/5/2026 14:20:50.043335","21/5/2026 14:29:50.05651","570","21/5/2026 14:20:50.043335"
"50592","2214","2c8f0235-a7ed-4876-8bb2-1e274e29517c","21/5/2026 20:00:53.355657","21/5/2026 20:09:53.387354","570","21/5/2026 20:00:53.355657"
"51873","2162","8ddbd347-9819-4063-ab86-08a8f490e4a8","26/5/2026 03:21:04.37745","26/5/2026 03:30:04.757899","570","26/5/2026 03:21:04.37745"
"51632","2162","9a771721-f965-4c32-b226-cc68c07bce6e","25/5/2026 20:20:58.157688","25/5/2026 20:29:58.181013","570","25/5/2026 20:20:58.157688"
"50941","2162","78f0eb1e-68a1-4c55-854c-4d118346ce4e","22/5/2026 09:20:58.925696","22/5/2026 09:29:58.791688","570","22/5/2026 09:20:58.925696"
"50421","2162","124c86e7-07cd-4cec-a748-4a86a16ab069","21/5/2026 15:20:58.060149","21/5/2026 15:29:58.069607","570","21/5/2026 15:20:58.060149"
"51746","2214","727f2d6b-f1b5-4275-abd5-56be276d93c7","26/5/2026 00:02:58.920512","26/5/2026 00:09:53.462606","570","26/5/2026 00:02:58.920512"
"51209","2162","9dd2d9ed-54ed-4bf6-adfb-65ca96cc76eb","25/5/2026 03:20:54.250186","25/5/2026 03:29:54.261551","570","25/5/2026 03:20:54.250186"
"50979","2162","d6e5d134-2a53-4143-b899-f678d44e6c7c","22/5/2026 11:20:51.902446","22/5/2026 11:29:51.921059","570","22/5/2026 11:20:51.902446"
"51971","2214","8fcbcf78-9c14-405c-86c2-c5fbe19c43d4","26/5/2026 06:25:59.517876","26/5/2026 06:26:24.056387","1560","26/5/2026 06:25:59.517876"
"51228","2162","c2c06cdf-8685-454c-988a-194a28fa306c","25/5/2026 04:20:50.389166","25/5/2026 04:29:50.37169","570","25/5/2026 04:20:50.389166"
"51017","2162","4cf5584b-1343-4c0e-8d7f-f3d42b0b3323","22/5/2026 13:20:50.883347","22/5/2026 13:29:50.887631","570","22/5/2026 13:20:50.883347"
"51670","2214","7327d2a7-860c-4ce0-920e-095bb850ca72","25/5/2026 22:00:51.863703","25/5/2026 22:09:51.877699","570","25/5/2026 22:00:51.863703"
"51373","2576","a6c9bce3-f5c8-49b4-99a9-5e417e70d259","25/5/2026 08:23:19.158821","25/5/2026 08:29:49.19672","540","25/5/2026 08:23:19.158821"
"51401","2576","987c19a9-15ab-43b4-a4ce-a23ffb0cebfe","25/5/2026 08:31:54.88329","25/5/2026 08:35:54.882978","300","25/5/2026 08:31:54.88329"
"51442","2162","3a07d43c-5b6e-4caf-8a7a-1317ddb651cb","25/5/2026 09:20:58.545103","25/5/2026 09:29:58.543092","570","25/5/2026 09:20:58.545103"
"51422","2576","d78a7a9c-6def-476c-9b00-4501dcaf2195","25/5/2026 08:56:43.021005","25/5/2026 09:05:43.019384","600","25/5/2026 08:56:43.021005"
"51407","2576","60a58b62-d632-4910-abfe-32e7e84e696c","25/5/2026 08:41:10.058109","25/5/2026 08:44:40.097761","270","25/5/2026 08:41:10.058109"
"51461","2162","db58e250-7524-4c85-a43b-7abb4ceb1f9c","25/5/2026 10:20:49.771154","25/5/2026 10:29:49.775631","570","25/5/2026 10:20:49.771154"
"52139","2162","1cee5999-9772-4f44-9862-f0f77b6b941c","26/5/2026 09:26:03.872648","26/5/2026 09:35:03.884799","570","26/5/2026 09:26:03.872648"
"51556","2162","c0dd3f8a-fcb7-4b86-bd9b-a8d39f165972","25/5/2026 15:20:50.998567","25/5/2026 15:29:50.997767","570","25/5/2026 15:20:50.998567"
"51941","2162","86731fc6-505c-4a72-8c1d-d3428801fcfd","26/5/2026 05:20:55.199384","26/5/2026 05:29:55.188734","570","26/5/2026 05:20:55.199384"
"51780","2214","c3692a39-f820-46e9-8577-350eeb0870d7","26/5/2026 01:01:01.426835","26/5/2026 01:10:01.434539","570","26/5/2026 01:01:01.426835"
"51818","2214","6b7540a1-4b55-435e-8ee2-04e76521f4c1","26/5/2026 02:01:04.702736","26/5/2026 02:09:52.967807","570","26/5/2026 02:01:04.702736"
"52053","2162","d856bade-dbe5-4698-a988-f8d93e4a7948","26/5/2026 08:06:21.558611","26/5/2026 08:29:51.551152","1440","26/5/2026 08:06:21.558611"
"52177","2162","a64f7c85-de8c-48a4-91dd-8f2531b6feb6","26/5/2026 10:20:51.238652","26/5/2026 10:29:51.205456","570","26/5/2026 10:20:51.238652"
"52215","2162","188e0112-844a-42d3-91ef-0bcf717116fa","26/5/2026 11:20:57.661368","26/5/2026 11:29:57.685922","570","26/5/2026 11:20:57.661368"
"52291","2162","28e86ca5-647d-4185-8419-a23fb5bdd9db","26/5/2026 13:20:57.118772","26/5/2026 13:29:57.133106","570","26/5/2026 13:20:57.118772"
"52329","2162","14a66c78-7986-4edf-a7ae-b63c5ae6f0ef","26/5/2026 14:20:55.474452","26/5/2026 14:29:55.475546","570","26/5/2026 14:20:55.474452"
"52367","2162","1482e208-b782-4609-95d7-3a221665f708","26/5/2026 15:20:54.46193","26/5/2026 15:29:54.453618","570","26/5/2026 15:20:54.46193"
"52386","2214","fdd3cb5e-0948-4f8f-8658-879c5e4b9aec","26/5/2026 16:00:53.33831","26/5/2026 16:09:53.285305","570","26/5/2026 16:00:53.33831"
"52405","2162","1269b4e3-828f-4ef3-86cc-3292d2cfd542","26/5/2026 16:20:55.249925","26/5/2026 16:29:55.251926","570","26/5/2026 16:20:55.249925"
"52424","2214","6ed44a94-5b41-4882-bc89-3dfae230c57b","26/5/2026 17:00:54.30905","26/5/2026 17:09:54.312805","570","26/5/2026 17:00:54.30905"
"52443","2162","7a9aa649-9592-4fbb-b5ed-2c1c9b40a818","26/5/2026 17:20:54.827754","26/5/2026 17:29:54.833123","570","26/5/2026 17:20:54.827754"
"51036","2162","428669e7-7c8a-420d-9adb-17c3e6d784b1","22/5/2026 14:20:57.477285","22/5/2026 14:29:57.486774","570","22/5/2026 14:20:57.477285"
"51799","2162","8f7b9d6b-052e-4379-9acd-fc1619ceb67e","26/5/2026 01:21:02.619744","26/5/2026 01:30:02.605553","570","26/5/2026 01:21:02.619744"
"51689","2162","a0a43b8a-2b04-4d5c-8072-86dde3efb671","25/5/2026 22:20:54.681727","25/5/2026 22:29:54.684652","570","25/5/2026 22:20:54.681727"
"45378","2576","01c6e27b-e5dd-4654-9fba-76a4d42888f1","19/5/2026 10:26:35.420339","20/5/2026 02:08:05.327244","56640","19/5/2026 10:26:35.420339"
"51480","2162","bdf01b09-894f-4e67-bb75-0bca08fc1afe","25/5/2026 11:20:51.491319","25/5/2026 11:29:51.496611","570","25/5/2026 11:20:51.491319"
"51112","2162","96571bd4-a7fd-43f1-bcdf-39491d0f4c44","22/5/2026 18:20:57.161283","22/5/2026 18:29:57.16023","570","22/5/2026 18:20:57.161283"
"50649","2162","fe36195d-7db6-47e7-b12b-636f4fbd15c9","21/5/2026 21:20:57.631507","21/5/2026 21:29:57.659217","570","21/5/2026 21:20:57.631507"
"50478","2214","c9751b3a-0cf7-4a9a-9f46-6fabe85cae7c","21/5/2026 17:00:55.93014","21/5/2026 17:09:55.91346","570","21/5/2026 17:00:55.93014"
"50242","2162","ec7157ba-9b46-4dbf-8f0c-75c3628e99e8","21/5/2026 10:20:56.356499","21/5/2026 10:29:56.354163","570","21/5/2026 10:20:56.356499"
"50148","2214","e7e5ccb5-da71-4ed1-be8b-5af4cd74585c","21/5/2026 08:00:54.536902","21/5/2026 08:09:54.540179","570","21/5/2026 08:00:54.536902"
"49768","2162","73a2d68a-28a1-43fb-a450-d487f9e19634","20/5/2026 21:20:55.171688","20/5/2026 21:29:55.187524","570","20/5/2026 21:20:55.171688"
"50091","2162","a606b77f-a1b4-4259-9b4a-22fd2f089a66","21/5/2026 06:20:50.886472","21/5/2026 06:29:50.895376","570","21/5/2026 06:20:50.886472"
"51369","2162","8525b795-6999-4e5b-b201-2e0bf9b69b91","25/5/2026 08:20:50.102817","25/5/2026 08:29:50.122235","570","25/5/2026 08:20:50.102817"
"51406","2576","3ebd054d-97b5-4fc2-892c-0449fe7cd6d3","25/5/2026 08:38:23.273472","25/5/2026 08:38:23.273472","60","25/5/2026 08:38:23.273472"
"48546","2214","577679e9-4391-4263-a699-47822220936a","20/5/2026 06:00:55.931563","20/5/2026 06:09:52.500582","570","20/5/2026 06:00:55.931563"
"51266","2162","3adee6fc-0674-4075-9a64-be233bf2a749","25/5/2026 06:20:49.997078","25/5/2026 06:29:49.993843","570","25/5/2026 06:20:49.997078"
"50356","2162","14238d6e-2c9f-4ced-ac4d-ca80eb68d2a9","21/5/2026 13:20:50.79015","21/5/2026 13:29:50.783117","570","21/5/2026 13:20:50.79015"
"50573","2162","b60b1a4c-8ae5-415e-b42b-67842775b143","21/5/2026 19:20:51.632472","21/5/2026 19:29:51.639816","570","21/5/2026 19:20:51.632472"
"50922","2162","1335b8b6-6e1d-4626-a063-2fb63fc63af8","22/5/2026 08:20:54.663575","22/5/2026 08:29:54.682578","570","22/5/2026 08:20:54.663575"
"50413","2214","8c823bf1-0a0c-41a4-ac06-cb636cacee8c","21/5/2026 15:00:53.9183","21/5/2026 15:04:23.981548","240","21/5/2026 15:00:53.9183"
"49901","2162","4e5a7523-ec09-4a99-8a55-b98758deebe0","21/5/2026 01:20:58.141796","21/5/2026 01:29:58.143806","570","21/5/2026 01:20:58.141796"
"50186","2214","2ded5a50-dffa-4ae8-956c-49e048ca1d08","21/5/2026 09:00:58.613997","21/5/2026 09:09:58.680401","570","21/5/2026 09:00:58.613997"
"50110","2214","209522b2-3d4b-4baa-b4dc-23493d37d32c","21/5/2026 07:00:55.034056","21/5/2026 07:09:54.949802","570","21/5/2026 07:00:55.034056"
"49578","2162","47364bda-c393-4bae-9ba6-19d8a86fdc77","20/5/2026 16:21:01.034649","20/5/2026 16:30:01.050297","570","20/5/2026 16:21:01.034649"
"50740","2214","a2b99df0-eb23-4846-975f-6f96f0aa27a7","22/5/2026 00:10:58.934509","22/5/2026 00:19:59.005134","570","22/5/2026 00:10:58.934509"
"50280","2162","87e1df94-c387-4102-95dd-1531074d814b","21/5/2026 11:20:56.050672","21/5/2026 11:29:56.051551","570","21/5/2026 11:20:56.050672"
"50846","2162","5545987d-4c06-43e6-b9e5-8df366aa0eb7","22/5/2026 04:20:54.768552","22/5/2026 04:29:54.76134","570","22/5/2026 04:20:54.768552"
"50516","2214","4816b41e-8a9d-4400-ba62-aa1ca14a57f7","21/5/2026 18:00:52.262775","21/5/2026 18:09:52.247872","570","21/5/2026 18:00:52.262775"
"50998","2162","2fa4b4ad-befb-4d28-8a35-9f8df8878df4","22/5/2026 12:20:55.48537","22/5/2026 12:29:55.496782","570","22/5/2026 12:20:55.48537"
"50685","2162","2be559f6-89eb-4b18-86d4-a9768158d071","21/5/2026 22:20:54.146812","21/5/2026 22:29:54.139407","570","21/5/2026 22:20:54.146812"
"49958","2214","858d317e-d7c7-4254-a5a4-7f2b4bbdd800","21/5/2026 03:00:52.198905","21/5/2026 03:09:52.258588","570","21/5/2026 03:00:52.198905"
"51415","2576","5755b9f6-078c-4350-a586-a93df90918d2","25/5/2026 08:46:37.508153","25/5/2026 08:48:37.514153","180","25/5/2026 08:46:37.508153"
"51907","2162","f652f5f9-e523-4c22-9cb2-39f976b0c382","26/5/2026 04:20:54.129393","26/5/2026 04:29:54.155467","570","26/5/2026 04:20:54.129393"
"50778","2214","69e24c22-bdb9-460b-9011-c64ee80e81f2","22/5/2026 01:01:01.844008","22/5/2026 01:05:52.490086","330","22/5/2026 01:01:01.844008"
"50129","2162","51743a8f-dc67-4a41-b469-3ec88bd3fd17","21/5/2026 07:25:55.518798","21/5/2026 07:34:55.507483","570","21/5/2026 07:25:55.518798"
"50205","2162","6ff62d85-20af-450f-82d3-4aa64fdf30c5","21/5/2026 09:21:02.941817","21/5/2026 09:30:02.934554","570","21/5/2026 09:21:02.941817"
"51074","2162","7a603859-02e5-4d81-aee6-9793ca20221d","22/5/2026 16:20:55.302809","22/5/2026 16:29:55.312737","570","22/5/2026 16:20:55.302809"
"50440","2214","2dbda531-c403-4bdf-9c4c-aff9b90c0125","21/5/2026 16:00:55.318768","21/5/2026 16:09:52.06833","570","21/5/2026 16:00:55.318768"
"50611","2162","bac32371-7209-4c9e-a9d6-a1fe2027b043","21/5/2026 20:20:55.517311","21/5/2026 20:29:55.49383","570","21/5/2026 20:20:55.517311"
"51856","2214","0b6f8981-f65c-41a2-a4cb-d654ac5bde6f","26/5/2026 03:02:12.896981","26/5/2026 03:09:53.504846","570","26/5/2026 03:02:12.896981"
"51727","2162","1cd32cbd-b9a6-4086-8332-1dc01d42de7d","25/5/2026 23:20:54.860252","25/5/2026 23:29:54.858758","570","25/5/2026 23:20:54.860252"
"51247","2162","1625e3f6-0e2d-48c1-8db4-a58d0b9d5784","25/5/2026 05:20:50.157121","25/5/2026 05:29:50.160818","570","25/5/2026 05:20:50.157121"
"50554","2214","9b514017-5c0b-4349-a9d4-2e127a37c7bc","21/5/2026 19:00:52.876461","21/5/2026 19:09:52.901323","570","21/5/2026 19:00:52.876461"
"51150","2162","47af4870-87e6-42c9-afda-ca11f3366605","22/5/2026 20:20:58.312738","22/5/2026 20:29:58.284514","570","22/5/2026 20:20:58.312738"
"51338","2576","e979641e-0ca1-4a2d-9792-45215aa3d5a8","25/5/2026 07:46:13.202749","25/5/2026 07:56:13.193843","630","25/5/2026 07:46:13.202749"
"50884","2162","9d70ab71-0f5f-46e7-b6b6-dd751c953576","22/5/2026 06:21:00.306445","22/5/2026 06:30:00.285771","570","22/5/2026 06:21:00.306445"
"50704","2214","2ba5d6cb-33e1-414e-a70b-29a831d03f59","21/5/2026 23:01:25.039979","21/5/2026 23:09:22.997765","540","21/5/2026 23:01:25.039979"
"50960","2162","75d1d60e-f7cd-43a7-b2c4-87b9e1f94ebf","22/5/2026 10:20:55.523013","22/5/2026 10:29:55.532216","570","22/5/2026 10:20:55.523013"
"51926","2214","b68ebbff-8e07-45d5-8f0b-ae6405ef4904","26/5/2026 05:00:52.914386","26/5/2026 05:07:53.164966","450","26/5/2026 05:00:52.914386"
"51761","2162","7416f600-dc08-46d1-8841-4e0414138a1d","26/5/2026 00:20:54.202866","26/5/2026 00:29:54.189859","570","26/5/2026 00:20:54.202866"
"51307","2162","308a738a-2681-4ba2-b6d0-d9f77d44607f","25/5/2026 07:20:54.949347","25/5/2026 07:29:54.969591","570","25/5/2026 07:20:54.949347"
"51575","2162","3dca6107-ae83-456c-a052-b1f50259139d","25/5/2026 17:20:54.653383","25/5/2026 17:29:54.657161","570","25/5/2026 17:20:54.653383"
"51537","2162","19f7a43e-536e-4cab-a379-75249e27a404","25/5/2026 14:20:54.409641","25/5/2026 14:29:54.425865","570","25/5/2026 14:20:54.409641"
"51518","2162","c3edcbda-0309-49c7-8205-3621c1b8c5aa","25/5/2026 13:20:50.975561","25/5/2026 13:29:50.992517","570","25/5/2026 13:20:50.975561"
"51499","2162","a20b1212-eb1b-4eb7-b764-6f9de1475633","25/5/2026 12:20:58.319244","25/5/2026 12:29:58.317526","570","25/5/2026 12:20:58.319244"
"51613","2162","d4b3ed4b-6ddf-4ca4-ab0e-ec999c914b3c","25/5/2026 19:20:56.366125","25/5/2026 19:29:56.369826","570","25/5/2026 19:20:56.366125"
"51837","2162","bebbe944-6e01-4f25-bdbc-e7f8878d2d10","26/5/2026 02:20:50.176718","26/5/2026 02:29:50.188558","570","26/5/2026 02:20:50.176718"
"51651","2162","8c06ae53-d823-408a-8af0-e07b21eaeb87","25/5/2026 21:20:55.203897","25/5/2026 21:29:55.218049","570","25/5/2026 21:20:55.203897"
"51960","2162","d61c76cc-0d35-415d-bf5a-3cde41d2c3db","26/5/2026 06:20:54.06641","26/5/2026 06:29:54.069165","570","26/5/2026 06:20:54.06641"
"51892","2214","7494d7e4-76a8-4cc9-8770-2ccfe028c703","26/5/2026 04:03:15.038024","26/5/2026 04:09:54.507174","570","26/5/2026 04:03:15.038024"
"51990","2162","6ea0c839-119b-4d42-b7df-34f85b3ba60c","26/5/2026 07:20:51.560372","26/5/2026 07:29:51.603167","570","26/5/2026 07:20:51.560372"
"51982","2162","a31fc9a6-41c1-4be8-9f54-2ac674aaeac4","26/5/2026 06:49:57.473145","26/5/2026 06:53:27.471652","240","26/5/2026 06:49:57.473145"
"52083","2214","cf76978a-86cf-4bef-ae67-889338875d75","26/5/2026 08:17:33.256821","26/5/2026 08:23:03.246054","360","26/5/2026 08:17:33.256821"
"52009","2214","645c3a50-fa06-48fe-abcf-f66e90a70c1d","26/5/2026 07:44:48.179795","26/5/2026 08:09:48.138845","1530","26/5/2026 07:44:48.179795"
"52120","2214","fbf8e18a-db1d-44de-9e8b-e5a92dc5301a","26/5/2026 09:00:55.074033","26/5/2026 09:09:55.080262","570","26/5/2026 09:00:55.074033"
"52158","2214","56cd6e21-48c6-41df-a8fa-2470d42629ea","26/5/2026 10:00:53.12969","26/5/2026 10:09:53.147271","570","26/5/2026 10:00:53.12969"
"52196","2214","04b6856b-4a6d-4650-b897-9c0f5dbf38c2","26/5/2026 11:00:54.303712","26/5/2026 11:09:54.293767","570","26/5/2026 11:00:54.303712"
"52234","2214","484786a4-4427-4a38-b96a-f78ec329ff9c","26/5/2026 12:00:56.761779","26/5/2026 12:09:56.687721","570","26/5/2026 12:00:56.761779"
"52253","2162","da7f3f57-78bf-4414-ab29-fa031a304c03","26/5/2026 12:20:50.531087","26/5/2026 12:29:50.537793","570","26/5/2026 12:20:50.531087"
"52272","2214","ebfeaac8-265e-4cfa-b02d-da8136bdd5dc","26/5/2026 13:00:53.174425","26/5/2026 13:09:53.170962","570","26/5/2026 13:00:53.174425"
"52310","2214","5d3324fe-a9fa-459b-8820-a1b2622194e2","26/5/2026 14:00:53.290005","26/5/2026 14:09:53.306529","570","26/5/2026 14:00:53.290005"
"53165","2162","01b08991-3b91-4d0f-8183-5519849a266a","27/5/2026 12:20:50.016759","27/5/2026 12:29:50.020769","570","27/5/2026 12:20:50.016759"
"53070","2214","3cdc6f83-3cec-4744-adae-d25f1b4b6d6b","27/5/2026 10:00:53.530297","27/5/2026 10:09:53.543104","570","27/5/2026 10:00:53.530297"
"52956","2214","e4f01b3d-fc8c-41a9-9250-093e98aa8f9b","27/5/2026 07:00:55.226807","27/5/2026 07:09:55.899885","570","27/5/2026 07:00:55.226807"
"52804","2214","2f811cb6-d8b6-4d8f-beea-d531ea684e36","27/5/2026 03:00:52.609749","27/5/2026 03:09:52.609231","570","27/5/2026 03:00:52.609749"
"52519","2162","4b6e352c-c8a0-46d5-8bc3-98658d578a54","26/5/2026 19:20:51.338143","26/5/2026 19:29:51.344186","570","26/5/2026 19:20:51.338143"
"52899","2162","838ac54c-8396-45b9-9469-246d90098abe","27/5/2026 05:20:55.817106","27/5/2026 05:29:55.833867","570","27/5/2026 05:20:55.817106"
"53641","2576","9428d2af-08fe-4d9b-bceb-29a53b90199f","28/5/2026 07:15:34.91233","28/5/2026 08:18:34.924556","3810","28/5/2026 07:15:34.91233"
"52918","2214","ae30df24-8b35-498d-956a-6293fbe92164","27/5/2026 06:00:53.629908","27/5/2026 06:09:53.636853","570","27/5/2026 06:00:53.629908"
"53222","2214","7c148aad-d114-4598-9c66-8a160dcd22c8","27/5/2026 14:00:54.75585","27/5/2026 14:09:54.746829","570","27/5/2026 14:00:54.75585"
"52652","2214","0e56e24b-53af-44ec-8106-5a9e7fe6ba3d","26/5/2026 23:00:53.107644","26/5/2026 23:09:53.109825","570","26/5/2026 23:00:53.107644"
"52462","2214","0fc36458-2d3e-4e1e-88e6-2c1b912e5bfe","26/5/2026 18:00:54.717254","26/5/2026 18:09:54.710469","570","26/5/2026 18:00:54.717254"
"52709","2162","9e4a5813-27ef-42b8-93ef-1432948c18d6","27/5/2026 00:20:58.24041","27/5/2026 00:29:58.261072","570","27/5/2026 00:20:58.24041"
"52595","2162","87501580-8ac7-472c-b61d-dcc856e4a5f3","26/5/2026 21:20:51.408119","26/5/2026 21:29:51.414727","570","26/5/2026 21:20:51.408119"
"52861","2162","b7ad1e44-1ab0-4ecc-89e4-e51357719578","27/5/2026 04:20:50.613027","27/5/2026 04:29:51.764968","570","27/5/2026 04:20:50.613027"
"52538","2214","5f8e9a26-8422-4888-8877-733a359f9443","26/5/2026 20:01:00.610462","26/5/2026 20:09:59.450824","570","26/5/2026 20:01:00.610462"
"52766","2214","6b691392-b8ad-4e06-90b8-3440371d0564","27/5/2026 02:00:52.927363","27/5/2026 02:09:52.924677","570","27/5/2026 02:00:52.927363"
"53108","2214","e3d437ca-fc3a-4ddc-8413-6f2e7f40a1fb","27/5/2026 11:00:52.304758","27/5/2026 11:09:52.295388","570","27/5/2026 11:00:52.304758"
"53241","2162","da887057-c21a-410c-a0e9-20fda9f992f5","27/5/2026 14:20:56.865945","27/5/2026 14:21:26.869479","60","27/5/2026 14:20:56.865945"
"53433","2214","61fdd8cb-07e2-43a6-99ea-5851403e0abe","28/5/2026 01:00:52.594405","28/5/2026 01:09:52.598432","570","28/5/2026 01:00:52.594405"
"52481","2162","d613e7d7-3304-45af-bd1d-761d0df1ea75","26/5/2026 18:20:57.059882","26/5/2026 18:29:57.051565","570","26/5/2026 18:20:57.059882"
"52823","2162","fdc8334a-e4c7-4f49-be1f-eab1e28bda6d","27/5/2026 03:20:55.548699","27/5/2026 03:29:55.53984","570","27/5/2026 03:20:55.548699"
"53471","2214","78fc00c2-669f-4fd2-99cc-eceba6304bc2","28/5/2026 03:00:52.22529","28/5/2026 03:09:52.234531","570","28/5/2026 03:00:52.22529"
"52671","2162","118361bd-7edd-4a34-9764-a0a2832a4d33","26/5/2026 23:20:56.58247","26/5/2026 23:29:56.593033","570","26/5/2026 23:20:56.58247"
"52614","2214","b77a3fb5-2937-46f2-82d4-14f41fa49be7","26/5/2026 22:00:55.198625","26/5/2026 22:09:55.197966","570","26/5/2026 22:00:55.198625"
"53146","2214","2a2c9748-4580-4920-abc5-8baf8cc88d87","27/5/2026 12:00:55.819163","27/5/2026 12:09:55.790764","570","27/5/2026 12:00:55.819163"
"52557","2162","a6d11fbe-4a6f-40cb-a8ec-331c54bc4f18","26/5/2026 20:21:01.888738","26/5/2026 20:30:01.914602","570","26/5/2026 20:21:01.888738"
"52728","2214","e427e0db-2e60-4941-805c-0dcefee5a3c7","27/5/2026 01:10:54.514188","27/5/2026 01:19:54.533409","570","27/5/2026 01:10:54.514188"
"53013","2162","156cc05b-324c-4131-ba9a-0144b058b2fe","27/5/2026 08:20:55.711841","27/5/2026 08:29:55.723019","570","27/5/2026 08:20:55.711841"
"52500","2214","0235e8cc-1941-4c69-95bb-2c9d61b26b06","26/5/2026 19:00:59.596884","26/5/2026 19:09:59.612016","570","26/5/2026 19:00:59.596884"
"52975","2162","56e86d1f-c4cb-44cb-ac63-81729fc1a26e","27/5/2026 07:20:56.289664","27/5/2026 07:29:56.278549","570","27/5/2026 07:20:56.289664"
"53051","2162","caaa45c3-bb2c-4b9a-8272-8964948bae63","27/5/2026 09:20:57.460759","27/5/2026 09:29:57.44329","570","27/5/2026 09:20:57.460759"
"52785","2162","7da225c5-f199-4a44-a7d7-df81e6b4a905","27/5/2026 02:26:01.477468","27/5/2026 02:35:01.474096","570","27/5/2026 02:26:01.477468"
"52937","2162","b36ef580-4ba3-48bf-8d23-1001bb3c37b4","27/5/2026 06:20:55.620979","27/5/2026 06:29:55.621767","570","27/5/2026 06:20:55.620979"
"52880","2214","00fc2bbb-d29d-4546-af47-11e413eeb181","27/5/2026 05:00:52.622405","27/5/2026 05:09:52.606171","570","27/5/2026 05:00:52.622405"
"52633","2162","942d501e-7827-496c-9fb5-6af8e1990e02","26/5/2026 22:20:50.555432","26/5/2026 22:29:50.526986","570","26/5/2026 22:20:50.555432"
"53203","2162","0cd5659c-1c0d-4203-a1d7-085d20ce808d","27/5/2026 13:20:49.837917","27/5/2026 13:29:49.842512","570","27/5/2026 13:20:49.837917"
"52576","2214","4a605d56-1ff2-4533-bc49-8fcce1a945c1","26/5/2026 21:00:53.974644","26/5/2026 21:09:53.980951","570","26/5/2026 21:00:53.974644"
"52690","2214","37e56bb2-2c84-487c-b512-80bc4cbf2335","27/5/2026 00:00:53.730916","27/5/2026 00:09:53.748272","570","27/5/2026 00:00:53.730916"
"53338","2214","5d08b491-57d7-45c6-9d7c-a94f887799d0","27/5/2026 20:00:53.160573","27/5/2026 20:09:53.179842","570","27/5/2026 20:00:53.160573"
"52842","2214","19a7d8d3-3913-4280-94b6-efe00ba9cd32","27/5/2026 04:00:53.533652","27/5/2026 04:09:53.137528","570","27/5/2026 04:00:53.533652"
"53089","2162","95f4d4bb-0388-4f5f-ac20-597ea8f97fcb","27/5/2026 10:20:55.63876","27/5/2026 10:29:55.703183","570","27/5/2026 10:20:55.63876"
"52747","2162","51c63887-2a06-4b70-a539-ff2969536a04","27/5/2026 01:25:55.480802","27/5/2026 01:34:55.527032","570","27/5/2026 01:25:55.480802"
"53319","2214","22f4afa6-4f25-4124-8ab4-9033071cedc2","27/5/2026 19:00:54.310247","27/5/2026 19:09:54.301208","570","27/5/2026 19:00:54.310247"
"53300","2214","7fb629b7-067c-48bf-9efc-3ea585cbc60a","27/5/2026 18:00:55.313184","27/5/2026 18:09:54.29949","570","27/5/2026 18:00:55.313184"
"53184","2214","6b5534ac-1c74-410a-994d-ac55ecd253ea","27/5/2026 13:00:55.8338","27/5/2026 13:09:55.843813","570","27/5/2026 13:00:55.8338"
"53127","2162","9802b27e-9b64-4d00-878f-a46f2361705d","27/5/2026 11:20:54.932083","27/5/2026 11:29:54.935102","570","27/5/2026 11:20:54.932083"
"53281","2214","318b1c79-ac76-4f2f-9002-36e06b658f06","27/5/2026 17:00:55.47009","27/5/2026 17:09:55.355605","570","27/5/2026 17:00:55.47009"
"53032","2214","c8f479fa-98f7-4f42-8a46-2ad75c66a65c","27/5/2026 09:00:54.306997","27/5/2026 09:09:54.288368","570","27/5/2026 09:00:54.306997"
"52994","2214","70c176b4-d69d-43c0-8aae-49704ad09f5f","27/5/2026 08:00:53.260466","27/5/2026 08:09:53.2767","570","27/5/2026 08:00:53.260466"
"53357","2214","0b5c4ed2-3933-4b44-b9a1-bcd952ad3333","27/5/2026 21:00:56.623437","27/5/2026 21:09:56.649974","570","27/5/2026 21:00:56.623437"
"53262","2214","416d1ba3-f800-41ea-8e9c-69147bb420da","27/5/2026 16:00:53.349027","27/5/2026 16:09:53.357751","570","27/5/2026 16:00:53.349027"
"53528","2162","33076003-27fa-4662-a491-691b413f3b03","28/5/2026 04:20:57.621836","28/5/2026 04:29:57.025636","570","28/5/2026 04:20:57.621836"
"53243","2214","47cc304a-9a7b-4ecf-afbc-524d170f79b5","27/5/2026 15:00:52.633055","27/5/2026 15:09:52.639376","570","27/5/2026 15:00:52.633055"
"53376","2214","aedfc21d-666f-434d-a112-cd7548c44255","27/5/2026 22:00:54.197182","27/5/2026 22:09:54.124234","570","27/5/2026 22:00:54.197182"
"53585","2214","228cf4ed-ad78-4d4c-a441-71d49ab72a6b","28/5/2026 06:00:53.267436","28/5/2026 06:06:53.266331","390","28/5/2026 06:00:53.267436"
"53395","2214","8415a971-bea7-4f4e-9f2e-a0f7644c6117","27/5/2026 23:00:53.401032","27/5/2026 23:09:53.403852","570","27/5/2026 23:00:53.401032"
"53452","2214","990bf1ff-6957-40c7-a51c-9548601bdc9f","28/5/2026 02:00:54.695013","28/5/2026 02:09:54.693861","570","28/5/2026 02:00:54.695013"
"53414","2214","d7b60a6d-6d63-4022-b793-fd9c18276763","28/5/2026 00:01:01.222722","28/5/2026 00:09:55.128881","570","28/5/2026 00:01:01.222722"
"53617","2214","c085cd38-55e6-412c-b43a-45fba00798a2","28/5/2026 07:00:52.42446","28/5/2026 07:09:52.400296","570","28/5/2026 07:00:52.42446"
"53547","2214","52348b51-9242-4503-b831-cf163ce9d038","28/5/2026 05:00:52.555426","28/5/2026 05:09:52.577457","570","28/5/2026 05:00:52.555426"
"53509","2214","1b333897-3e24-4386-b4a2-91a3513c7d9d","28/5/2026 04:00:53.595988","28/5/2026 04:09:53.6068","570","28/5/2026 04:00:53.595988"
"53490","2162","d7c8b811-61c1-4fb9-ad26-f0a5109fd3a5","28/5/2026 03:20:54.821719","28/5/2026 03:29:54.641345","570","28/5/2026 03:20:54.821719"
"53566","2162","b6f4fec0-7675-4823-a958-ea073931a6ac","28/5/2026 05:20:55.608131","28/5/2026 05:29:55.617524","570","28/5/2026 05:20:55.608131"
"53598","2162","12d48483-10c7-4016-8054-b6010143dda9","28/5/2026 06:20:55.646849","28/5/2026 06:29:55.635801","570","28/5/2026 06:20:55.646849"
"53729","2214","f9e63ffe-b9bd-46cb-b49d-8224bb2f134c","28/5/2026 07:50:00.877574","28/5/2026 08:10:00.806487","1230","28/5/2026 07:50:00.877574"
"53632","2576","91ea2a41-b758-4792-9dbe-72e2b273f369","28/5/2026 07:07:53.405543","28/5/2026 07:09:53.372586","150","28/5/2026 07:07:53.405543"
"53652","2162","3bbb7768-a42c-4e52-b100-712056f94239","28/5/2026 07:20:56.557554","28/5/2026 07:29:56.534517","570","28/5/2026 07:20:56.557554"
"53926","2214","fb2f6754-c80f-41c9-9968-c251a6bb897c","28/5/2026 09:01:00.512543","28/5/2026 09:10:00.527618","570","28/5/2026 09:01:00.512543"
"53831","2162","56b40f40-c607-4e2a-82f6-2b57908842cc","28/5/2026 08:20:54.27969","28/5/2026 08:29:54.270455","570","28/5/2026 08:20:54.27969"
"116301","8228","9003419a-8b42-478e-935e-c4ef2401bb99","9/6/2026 07:10:57.383109","9/6/2026 07:13:27.332791","180","9/6/2026 07:10:57.383109"
"53984","2162","4752bc6a-aef5-4478-a4bc-6deb0ff39ba8","28/5/2026 09:20:56.556848","28/5/2026 09:29:56.074471","570","28/5/2026 09:20:56.556848"
"70930","2162","069025b9-77ba-4d31-8722-57944eab6918","30/5/2026 14:20:50.569979","30/5/2026 14:29:50.567024","570","30/5/2026 14:20:50.569979"
"60848","2162","21472660-a252-45b4-b79c-5bbc3570ebc0","29/5/2026 11:20:55.18863","29/5/2026 11:29:55.197617","570","29/5/2026 11:20:55.18863"
"54977","2162","8ec13ea1-001b-46bb-97b4-07e663a1e505","28/5/2026 13:20:56.157414","28/5/2026 13:29:56.156832","570","28/5/2026 13:20:56.157414"
"64999","2162","70cf1a6d-42ba-4734-ad87-4295fcc7ca0a","29/5/2026 22:20:55.630251","29/5/2026 22:29:55.594433","570","29/5/2026 22:20:55.630251"
"59373","2162","11f2245b-3639-48bc-8229-47f1c7ad4592","29/5/2026 06:21:01.254915","29/5/2026 06:35:01.243011","870","29/5/2026 06:21:01.254915"
"60153","2162","6c9159ae-6204-40f9-8768-8e1266dedeeb","29/5/2026 09:20:50.079389","29/5/2026 09:29:50.07557","570","29/5/2026 09:20:50.079389"
"56013","2162","9aa12c9f-4932-4e4e-b7b6-305dcc301a24","28/5/2026 17:20:59.407235","28/5/2026 17:29:59.442427","570","28/5/2026 17:20:59.407235"
"58595","2162","9f5777e1-125d-442e-b5ac-f6e613846fc5","29/5/2026 03:21:00.979717","29/5/2026 03:35:00.507406","870","29/5/2026 03:21:00.979717"
"63862","2162","7250c013-43ea-4bd9-bd2e-163ed9ada785","29/5/2026 19:20:54.302925","29/5/2026 19:29:54.298798","570","29/5/2026 19:20:54.302925"
"58080","2162","07af4240-c74f-451e-b211-488dd7f0ed22","29/5/2026 01:20:57.393181","29/5/2026 01:29:57.400332","570","29/5/2026 01:20:57.393181"
"55237","2162","8747d56b-504b-49d6-81ff-3c29efc66f6c","28/5/2026 14:20:56.897311","28/5/2026 14:29:56.886816","570","28/5/2026 14:20:56.897311"
"73908","2162","4852a48b-998d-4d06-bd9c-6f934add65fc","30/5/2026 22:20:53.867547","30/5/2026 22:29:23.889999","540","30/5/2026 22:20:53.867547"
"56788","2162","25408c82-e229-4d7d-9446-cd6ac77021ba","28/5/2026 20:20:55.289971","28/5/2026 20:29:55.301509","570","28/5/2026 20:20:55.289971"
"68702","2162","ad06cede-768d-474d-9a60-28dd282ca3c8","30/5/2026 08:20:55.921747","30/5/2026 08:29:55.926327","570","30/5/2026 08:20:55.921747"
"57304","2162","012f6edb-dd49-43c6-b644-396a9d7a117c","28/5/2026 22:20:55.291162","28/5/2026 22:29:55.28056","570","28/5/2026 22:20:55.291162"
"62354","2162","411889d6-8053-4aba-a3ad-85693bb55fa1","29/5/2026 15:20:57.400939","29/5/2026 15:29:57.391947","570","29/5/2026 15:20:57.400939"
"69450","2162","0161467d-1e20-4cc8-9bbc-09adebec78cf","30/5/2026 10:20:57.060399","30/5/2026 10:29:57.054451","570","30/5/2026 10:20:57.060399"
"56271","2162","828064b1-cb84-4ded-862b-7b304daabfca","28/5/2026 18:20:54.924469","28/5/2026 18:29:54.921444","570","28/5/2026 18:20:54.924469"
"55495","2162","7fbaf980-1688-41a3-b502-4ef9c1c61df9","28/5/2026 15:20:56.153422","28/5/2026 15:29:56.154776","570","28/5/2026 15:20:56.153422"
"61255","2162","3046f548-05fc-4e77-90cb-5fa78af40e0b","29/5/2026 12:26:04.164363","29/5/2026 12:35:04.160869","570","29/5/2026 12:26:04.164363"
"60471","2162","dc3ebce2-1895-4942-ae59-03452ff9dcb3","29/5/2026 10:20:59.506764","29/5/2026 10:29:59.508186","570","29/5/2026 10:20:59.506764"
"60224","2257","e3130d9d-2e8a-4da7-b5a0-325765aa8305","29/5/2026 09:33:47.013638","29/5/2026 09:35:17.062554","690","29/5/2026 09:33:47.013638"
"54201","2162","c85e9539-be18-4bab-b5b3-a51f983806b2","28/5/2026 10:20:51.191654","28/5/2026 10:29:51.178989","570","28/5/2026 10:20:51.191654"
"57820","2162","9eefa6fc-61d8-4d16-8a75-baaf3fb682b8","29/5/2026 00:20:52.24743","29/5/2026 00:29:52.211753","570","29/5/2026 00:20:52.24743"
"66471","2162","32601128-3b7e-45aa-a81d-74fdeb0f74fb","30/5/2026 02:20:53.797883","30/5/2026 02:29:53.806129","570","30/5/2026 02:20:53.797883"
"54461","2162","fe81f093-bd87-4dff-aa7b-7c58557be359","28/5/2026 11:20:56.472093","28/5/2026 11:29:56.472228","570","28/5/2026 11:20:56.472093"
"69079","2162","58cac668-0bea-4972-8611-f90ea6859672","30/5/2026 09:20:56.703365","30/5/2026 09:29:56.707529","570","30/5/2026 09:20:56.703365"
"69823","2162","dca16826-a6aa-45d2-96aa-e3b63053d3cc","30/5/2026 11:20:54.866605","30/5/2026 11:29:54.869116","570","30/5/2026 11:20:54.866605"
"55754","2162","8924c0e2-c786-40c0-9411-fa17f921e5ee","28/5/2026 16:20:54.438163","28/5/2026 16:29:54.454583","570","28/5/2026 16:20:54.438163"
"59115","2162","baf00a8e-e231-4efa-87e0-50e0dc279f00","29/5/2026 05:21:10.564652","29/5/2026 05:29:59.784061","570","29/5/2026 05:21:10.564652"
"70191","2162","0d6ba9ab-09a0-41de-b112-894338baab5d","30/5/2026 12:20:55.763295","30/5/2026 12:29:55.881423","570","30/5/2026 12:20:55.763295"
"54720","2162","cbc62b77-d336-4168-ba52-b64477d17345","28/5/2026 12:21:00.027098","28/5/2026 12:29:56.765612","570","28/5/2026 12:21:00.027098"
"65409","2162","0952ac36-23fc-451f-9032-d544409a5fbf","29/5/2026 23:26:01.102744","29/5/2026 23:35:01.105379","570","29/5/2026 23:26:01.102744"
"57046","2162","16af41a7-eaca-468a-83cd-42ee76fd366d","28/5/2026 21:20:58.951881","28/5/2026 21:29:58.955256","570","28/5/2026 21:20:58.951881"
"72785","2162","b9679111-59f1-4562-b5f6-c353c16d8d79","30/5/2026 19:20:57.102598","30/5/2026 19:29:57.107816","570","30/5/2026 19:20:57.102598"
"56530","2162","bebe3219-40bf-4733-bf7b-93ba0b5927c3","28/5/2026 19:20:50.938652","28/5/2026 19:29:50.930739","570","28/5/2026 19:20:50.938652"
"58862","2162","7352a023-e704-4b75-987b-fd4b339f3adb","29/5/2026 04:21:00.836055","29/5/2026 04:30:00.85433","570","29/5/2026 04:21:00.836055"
"65755","2162","3f6f0ed5-3cda-4827-844a-b92b42ac1cb0","30/5/2026 00:20:50.174827","30/5/2026 00:20:50.174827","30","30/5/2026 00:20:50.174827"
"63107","2162","cd24c6d7-2648-418b-bf29-9cf362d74be5","29/5/2026 17:20:58.780244","29/5/2026 17:29:58.779212","570","29/5/2026 17:20:58.780244"
"66094","2162","6987ecc6-6ccd-4201-89b4-3562c27f1cec","30/5/2026 01:20:50.951929","30/5/2026 01:29:50.952853","570","30/5/2026 01:20:50.951929"
"57563","2162","7f239833-7217-4f91-b0f4-05a7464d575a","28/5/2026 23:21:02.868578","28/5/2026 23:30:02.856437","570","28/5/2026 23:21:02.868578"
"59638","2162","181fcc7b-2cda-4645-840d-5ed0266eba45","29/5/2026 07:20:57.892624","29/5/2026 07:29:52.974523","570","29/5/2026 07:20:57.892624"
"63484","2162","d9edd47a-3ae8-4630-8797-15fd9fad5280","29/5/2026 18:20:56.987816","29/5/2026 18:29:56.959168","570","29/5/2026 18:20:56.987816"
"58336","2162","ec57a50c-da0e-46b1-90ad-cb2b65edfded","29/5/2026 02:20:55.1462","29/5/2026 02:29:50.697482","570","29/5/2026 02:20:55.1462"
"61602","2162","a36c7ed2-6f2b-4940-b7d3-459c1ebae815","29/5/2026 13:20:50.250553","29/5/2026 13:29:50.253955","570","29/5/2026 13:20:50.250553"
"67229","2162","82148cf6-f464-49ce-968e-7101ed37dac9","30/5/2026 04:20:57.035432","30/5/2026 04:29:57.038488","570","30/5/2026 04:20:57.035432"
"59894","2162","c415f743-2dfd-4f5f-9f38-6920a9005d24","29/5/2026 08:20:50.84743","29/5/2026 08:29:50.842429","570","29/5/2026 08:20:50.84743"
"62728","2162","ab790fb2-f571-4690-a673-c1c1926e1651","29/5/2026 16:20:50.244021","29/5/2026 16:29:50.273697","570","29/5/2026 16:20:50.244021"
"64620","2162","acbeef76-d335-48b2-9ce3-526ddf120884","29/5/2026 21:20:55.199152","29/5/2026 21:29:55.215763","570","29/5/2026 21:20:55.199152"
"64241","2162","852edbb7-2d39-437f-9f43-9dad93e72189","29/5/2026 20:20:54.693583","29/5/2026 20:29:54.688136","570","29/5/2026 20:20:54.693583"
"66849","2162","85750b96-df88-4d52-8ff3-cc008340d33d","30/5/2026 03:20:55.184943","30/5/2026 03:29:55.213193","570","30/5/2026 03:20:55.184943"
"61978","2162","4beb9ade-b6b2-4c2f-818b-035f5c4ab6bf","29/5/2026 14:20:50.491722","29/5/2026 14:29:50.50115","570","29/5/2026 14:20:50.491722"
"68343","2162","6102afb8-e5d1-44dc-a6dd-34981381648d","30/5/2026 07:20:53.985763","30/5/2026 07:29:53.972459","570","30/5/2026 07:20:53.985763"
"70566","2162","38fd09fd-9667-48cc-841d-97ea9407630a","30/5/2026 13:20:50.093269","30/5/2026 13:29:50.119722","570","30/5/2026 13:20:50.093269"
"67981","2162","6424687d-6872-41f5-9e95-3c6c242fb11b","30/5/2026 06:21:03.124131","30/5/2026 06:30:03.119048","570","30/5/2026 06:21:03.124131"
"71674","2162","038b4a9b-a329-4d63-a563-b74ac955de97","30/5/2026 16:20:50.354574","30/5/2026 16:29:50.358893","570","30/5/2026 16:20:50.354574"
"72406","2162","02b46fea-6bb1-4046-a539-edc2c0ad56df","30/5/2026 18:20:55.724453","30/5/2026 18:29:55.726519","570","30/5/2026 18:20:55.724453"
"67608","2162","8036ae53-589e-42c9-8c0c-cd002090d47e","30/5/2026 05:20:56.685409","30/5/2026 05:29:56.731442","570","30/5/2026 05:20:56.685409"
"72032","2162","857bc97d-9afa-44f0-a8c9-8be4498bd0b7","30/5/2026 17:20:50.927081","30/5/2026 17:29:50.931968","570","30/5/2026 17:20:50.927081"
"71299","2162","e6ebb012-3e35-4917-b8c7-e2cfa2f7a827","30/5/2026 15:20:55.019339","30/5/2026 15:29:55.020793","570","30/5/2026 15:20:55.019339"
"74658","2162","11e068c0-46cc-4f5b-85c4-dcfb9061e9f9","31/5/2026 00:20:59.505437","31/5/2026 00:29:59.517463","570","31/5/2026 00:20:59.505437"
"73534","2162","6dcc5399-dd12-4dea-be05-76e55083b977","30/5/2026 21:20:56.211597","30/5/2026 21:29:56.197727","570","30/5/2026 21:20:56.211597"
"74281","2162","d795d357-28bf-4a31-a0c2-c391e782e42a","30/5/2026 23:20:57.436602","30/5/2026 23:29:57.434283","570","30/5/2026 23:20:57.436602"
"73160","2162","3d5a5d32-5699-40b0-9201-66ae64ef4ca8","30/5/2026 20:20:56.9383","30/5/2026 20:29:56.952075","570","30/5/2026 20:20:56.9383"
"76140","2162","d8f677bc-a209-4b71-9b2a-81bce7f0db22","31/5/2026 04:20:54.634222","31/5/2026 04:29:54.62324","570","31/5/2026 04:20:54.634222"
"75032","2162","1689c0f4-0200-4b8d-8a48-978f42b24032","31/5/2026 01:20:52.49972","31/5/2026 01:29:52.529709","570","31/5/2026 01:20:52.49972"
"75395","2162","6e1b2cab-9436-40d7-ae9e-d1161229a068","31/5/2026 02:21:00.582835","31/5/2026 02:30:00.594658","570","31/5/2026 02:21:00.582835"
"75770","2162","7f7c5013-e937-4b4b-9ccc-17771a558087","31/5/2026 03:21:02.524241","31/5/2026 03:30:02.536609","570","31/5/2026 03:21:02.524241"
"116295","2576","82d48c5f-ea7a-49c4-8993-6787b4add3fc","9/6/2026 07:09:48.44563","9/6/2026 07:14:48.470136","330","9/6/2026 07:09:48.44563"
"116929","2303","3f73138b-79fb-4341-8384-55656daa2dac","9/6/2026 08:44:35.604841","9/6/2026 08:51:35.589369","570","9/6/2026 08:44:35.604841"
"76517","2162","ad76f5f3-acc8-4226-9177-ac72eb3e2f52","31/5/2026 05:21:01.638381","31/5/2026 05:30:01.62806","570","31/5/2026 05:21:01.638381"
"152450","2303","7970f0fa-31b2-42d3-b0ad-b94957a649ec","11/6/2026 20:00:52.415723","11/6/2026 20:09:52.511173","570","11/6/2026 20:00:52.415723"
"89764","2257","d106164c-b46b-4bcd-9b02-31d71634ce3c","2/6/2026 03:39:12.672224","2/6/2026 03:40:42.67535","120","2/6/2026 03:39:12.672224"
"92838","2257","4f9c1c3c-38e8-4563-a3df-4486557a3f19","2/6/2026 22:20:54.675301","2/6/2026 22:29:54.652305","570","2/6/2026 22:20:54.675301"
"89804","2257","ad0dca91-eaee-4cc2-96da-af40860ae4d7","2/6/2026 03:54:23.669472","2/6/2026 04:29:53.686165","2160","2/6/2026 03:54:23.669472"
"91752","2257","217036e1-3d6e-4a51-a5df-431f23bd13c5","2/6/2026 15:20:49.150573","2/6/2026 15:29:49.202208","570","2/6/2026 15:20:49.150573"
"60271","2257","ab070085-f668-4f6d-befe-975c02abe320","29/5/2026 09:44:38.899438","1/6/2026 07:40:41.058052","252189","29/5/2026 09:44:38.899438"
"85601","2257","a2ddf10e-55f6-4352-95fa-e68625828fca","1/6/2026 07:49:21.390816","1/6/2026 07:57:46.691234","540","1/6/2026 07:49:21.390816"
"53828","2576","e5a432f3-8359-4f7c-817f-0b9fb8d4f845","28/5/2026 08:19:26.399553","1/6/2026 03:20:26.271717","327690","28/5/2026 08:19:26.399553"
"76892","2162","f7def5e2-86d2-4a84-bada-9f3b3fd14186","31/5/2026 06:21:02.29155","31/5/2026 06:30:02.29239","570","31/5/2026 06:21:02.29155"
"85810","2257","d9a4740d-c281-4dc4-baa3-f8ae6d8a8a37","1/6/2026 08:46:13.728085","1/6/2026 08:48:46.768331","180","1/6/2026 08:46:13.728085"
"79484","2162","53d4880b-faa4-4599-8882-9f79eaf3e4eb","31/5/2026 13:20:56.239115","31/5/2026 13:29:56.216817","570","31/5/2026 13:20:56.239115"
"85638","2257","2ae16ad5-0569-43c9-8f97-a2672ae66a73","1/6/2026 07:59:14.691789","1/6/2026 08:00:04.218884","60","1/6/2026 07:59:14.691789"
"78003","2162","9c8cfb5c-883c-4b8b-bbef-bfefc05f4680","31/5/2026 09:20:58.185646","31/5/2026 09:29:58.184657","570","31/5/2026 09:20:58.185646"
"85644","2257","f8414b28-f3a8-4c7f-b743-3151d76ec714","1/6/2026 08:01:27.886211","1/6/2026 08:12:27.991074","690","1/6/2026 08:01:27.886211"
"78375","2162","d7744b1d-7903-454b-a3e7-a792c842046d","31/5/2026 10:20:55.842616","31/5/2026 10:29:55.838235","570","31/5/2026 10:20:55.842616"
"90210","10481","37c955ff-69b7-4c77-913d-534638326a20","2/6/2026 06:12:57.838541","2/6/2026 06:42:27.814867","1800","2/6/2026 06:12:57.838541"
"77636","2162","a649312b-f259-403b-8d9e-99662e4ec179","31/5/2026 08:20:54.543892","31/5/2026 08:29:54.525836","570","31/5/2026 08:20:54.543892"
"80605","2162","11f69ccd-148b-42cd-abb7-d76924110472","31/5/2026 16:20:55.480427","31/5/2026 16:29:55.479787","570","31/5/2026 16:20:55.480427"
"77265","2162","41abf3c8-0a15-4b5f-bac8-d3fdddf9b899","31/5/2026 07:21:01.620932","31/5/2026 07:30:01.662341","570","31/5/2026 07:21:01.620932"
"80981","2162","4588f49c-5424-4373-9a58-7d2018e34c40","31/5/2026 17:20:55.932002","31/5/2026 17:29:55.955236","570","31/5/2026 17:20:55.932002"
"81357","2162","f8d5eddc-3b65-4398-a129-d590ac24274a","31/5/2026 18:20:55.578389","31/5/2026 18:29:55.579285","570","31/5/2026 18:20:55.578389"
"80230","2162","5a1f5255-e935-40b3-98ed-b5761742b7c0","31/5/2026 15:20:51.006016","31/5/2026 15:29:51.001915","570","31/5/2026 15:20:51.006016"
"85691","2257","513a569c-1498-4fc2-a325-8cc4758745e3","1/6/2026 08:13:37.301859","1/6/2026 08:27:04.586818","840","1/6/2026 08:13:37.301859"
"78747","2162","0aecd55c-ef66-4037-8710-5befe68bc6ce","31/5/2026 11:20:57.671871","31/5/2026 11:29:57.668629","570","31/5/2026 11:20:57.671871"
"90473","10481","2132ba7b-01b2-4319-834f-c7e4d611a634","2/6/2026 07:37:27.408155","2/6/2026 08:17:57.544408","2460","2/6/2026 07:37:27.408155"
"90725","10481","1037389b-80b9-4246-9125-0f6fc9fa4a8b","2/6/2026 08:54:03.014594","2/6/2026 09:41:03.041195","2850","2/6/2026 08:54:03.014594"
"85852","2257","66f11cde-2bcd-442a-803d-e4daade771b9","1/6/2026 08:59:02.006612","2/6/2026 03:36:01.98677","67050","1/6/2026 08:59:02.006612"
"89793","10481","bea2ab40-7264-4d37-9b30-f1a3683ab490","2/6/2026 03:51:40.675853","2/6/2026 04:16:40.72453","1530","2/6/2026 03:51:40.675853"
"79110","2162","7484beb1-7ddd-49c2-958e-ce01192c2c3b","31/5/2026 12:20:56.11211","31/5/2026 12:29:56.113466","570","31/5/2026 12:20:56.11211"
"91166","2257","612a4197-20bf-41f3-903a-f09bb6d9484b","2/6/2026 11:21:00.928309","2/6/2026 11:30:00.960242","570","2/6/2026 11:21:00.928309"
"79856","2162","798c2327-d91d-45f6-bfb7-fa0e459b418c","31/5/2026 14:20:55.980648","31/5/2026 14:29:55.983762","570","31/5/2026 14:20:55.980648"
"81738","2162","050ce929-5128-45c2-a5f6-5006bd8a15ad","31/5/2026 19:21:01.433949","31/5/2026 19:30:01.421196","570","31/5/2026 19:21:01.433949"
"91058","2162","b2bb4fb3-d771-4aea-a024-37ce1962bda4","2/6/2026 10:35:52.439674","2/6/2026 10:44:52.443107","570","2/6/2026 10:35:52.439674"
"82113","2162","7e53a127-0ac2-48e0-9012-dfd5e2409784","31/5/2026 20:20:50.708623","31/5/2026 20:27:50.71435","450","31/5/2026 20:20:50.708623"
"89757","2257","d9cbe6a2-687b-4b36-83f9-c96d74abb4e5","2/6/2026 03:37:05.61014","2/6/2026 03:38:05.611386","90","2/6/2026 03:37:05.61014"
"91168","2162","62ddf7bc-8baf-414d-9537-54b3afc8e9db","2/6/2026 11:21:07.816614","2/6/2026 11:30:01.981897","570","2/6/2026 11:21:07.816614"
"90421","2257","d5238d52-5362-4a4c-8efe-e77e731aab2b","2/6/2026 07:20:54.413962","2/6/2026 07:29:54.422513","570","2/6/2026 07:20:54.413962"
"85746","2257","06eaf4c5-88a0-44c0-bda8-7ff00fb00a04","1/6/2026 08:28:48.550263","1/6/2026 08:32:35.420677","270","1/6/2026 08:28:48.550263"
"85827","2257","03250fde-0bc1-4912-85d3-67c62dd39bf9","1/6/2026 08:51:50.787277","1/6/2026 08:57:49.594754","390","1/6/2026 08:51:50.787277"
"85767","2257","27a34238-563e-4106-8350-1b084f2a24b4","1/6/2026 08:35:06.167158","1/6/2026 08:45:08.182532","630","1/6/2026 08:35:06.167158"
"90087","2257","22cda449-69c8-4dfe-97e9-42bec6614833","2/6/2026 05:20:54.859618","2/6/2026 05:29:54.834438","570","2/6/2026 05:20:54.859618"
"90241","2257","0263b320-bd5a-4060-acda-40f5c14080c3","2/6/2026 06:20:50.550877","2/6/2026 06:29:50.585905","570","2/6/2026 06:20:50.550877"
"92377","2162","3b6429cc-2414-4c72-98e7-859bc4031021","2/6/2026 19:20:55.820545","2/6/2026 19:29:55.832929","570","2/6/2026 19:20:55.820545"
"91773","2162","e238ad67-3613-46e4-bbab-59be0ba05616","2/6/2026 15:25:49.881415","2/6/2026 15:34:49.880083","570","2/6/2026 15:25:49.881415"
"91009","2257","eb3b23cd-e06a-4a2e-b9c4-b3c11fb981ab","2/6/2026 10:20:50.143907","2/6/2026 10:29:50.09876","570","2/6/2026 10:20:50.143907"
"90642","2257","8c68b2f9-7ec4-4d87-a66b-a538f0eaae80","2/6/2026 08:20:53.652556","2/6/2026 08:29:53.636586","570","2/6/2026 08:20:53.652556"
"91284","2162","3f9febf6-49f0-4ba4-9bf7-3a6476656982","2/6/2026 12:20:55.58124","2/6/2026 12:29:55.582785","570","2/6/2026 12:20:55.58124"
"91285","2257","5515a6ca-3fc3-4a60-a46a-9b0c0d74c269","2/6/2026 12:20:55.904345","2/6/2026 12:29:55.907294","570","2/6/2026 12:20:55.904345"
"90830","2257","1d0a6792-402b-4652-ba99-112790953ab9","2/6/2026 09:20:55.702814","2/6/2026 09:29:55.690541","570","2/6/2026 09:20:55.702814"
"92839","2162","63951d40-e300-491c-97a0-974745b5f94c","2/6/2026 22:20:55.553566","2/6/2026 22:29:55.572491","570","2/6/2026 22:20:55.553566"
"92063","2257","f93bbddc-beaf-40ac-85a5-f45e86ab7981","2/6/2026 17:20:49.479422","2/6/2026 17:29:49.433888","570","2/6/2026 17:20:49.479422"
"92064","2162","a0714a6d-949f-4376-93a1-df0d000e7e76","2/6/2026 17:20:51.081023","2/6/2026 17:29:51.08681","570","2/6/2026 17:20:51.081023"
"91598","2162","3cb6b400-62e3-4100-abd2-313419d9a46b","2/6/2026 14:20:49.92581","2/6/2026 14:29:49.934889","570","2/6/2026 14:20:49.92581"
"91441","2257","e24b20e8-4499-495b-a334-2bb53c1849b9","2/6/2026 13:20:54.345559","2/6/2026 13:29:54.330222","570","2/6/2026 13:20:54.345559"
"91442","2162","e88b6b78-2599-41d6-93c9-30efbd9e3976","2/6/2026 13:20:55.017739","2/6/2026 13:29:55.014457","570","2/6/2026 13:20:55.017739"
"91599","2257","f6472c71-2733-4716-8e89-25c38c2b8e80","2/6/2026 14:20:51.421958","2/6/2026 14:29:51.424198","570","2/6/2026 14:20:51.421958"
"92523","2257","9c6f602d-6fdf-4813-a88b-287376fc51b8","2/6/2026 20:20:55.186275","2/6/2026 20:29:55.131314","570","2/6/2026 20:20:55.186275"
"91910","2257","288ea7ec-39b9-4c85-89bf-6bc5799bc23d","2/6/2026 16:20:55.099673","2/6/2026 16:29:55.070778","570","2/6/2026 16:20:55.099673"
"92524","2162","19ee947e-de2d-4f20-a28f-0bd934ff9b81","2/6/2026 20:20:55.262193","2/6/2026 20:29:55.268614","570","2/6/2026 20:20:55.262193"
"92992","2162","b4a24d85-cced-490d-8612-f4ebf1bd80d7","2/6/2026 23:20:54.168382","2/6/2026 23:29:54.171098","570","2/6/2026 23:20:54.168382"
"91911","2162","5f813ead-b374-41bb-9d7e-d1c95ad2180c","2/6/2026 16:20:55.245193","2/6/2026 16:29:55.231126","570","2/6/2026 16:20:55.245193"
"92993","2257","4e946121-8b8e-4fff-8cb8-70ddce6cf95e","2/6/2026 23:20:54.432867","2/6/2026 23:29:54.388102","570","2/6/2026 23:20:54.432867"
"92376","2257","b784709d-3e13-4c80-b1d2-0fc50e4f2541","2/6/2026 19:20:55.644922","2/6/2026 19:29:53.705316","570","2/6/2026 19:20:55.644922"
"92220","2162","37938c8f-912d-4142-9182-3a3fa6bc531a","2/6/2026 18:20:55.479439","2/6/2026 18:29:55.344522","570","2/6/2026 18:20:55.479439"
"92221","2257","bd8579eb-0994-4453-a6b5-ef534eca1db7","2/6/2026 18:20:55.51657","2/6/2026 18:29:55.513524","570","2/6/2026 18:20:55.51657"
"92680","2257","9b8ae344-55d3-4eee-8226-5fb6d2a0cf2c","2/6/2026 21:20:53.67086","2/6/2026 21:29:53.652115","570","2/6/2026 21:20:53.67086"
"92681","2162","c531b8d8-3b97-4b64-aca2-348a96afb897","2/6/2026 21:20:54.779249","2/6/2026 21:29:54.792244","570","2/6/2026 21:20:54.779249"
"93150","2162","da6d7888-998a-4560-bfaf-46b1ff668150","3/6/2026 00:20:57.858936","3/6/2026 00:29:57.880401","570","3/6/2026 00:20:57.858936"
"93149","2257","e7d778d9-406c-4ed4-9a09-7ecd7ecac8eb","3/6/2026 00:20:56.282302","3/6/2026 00:29:56.241288","570","3/6/2026 00:20:56.282302"
"54044","2214","db11b179-7b35-4c08-9b5f-5bebafd1e0ec","28/5/2026 09:41:34.88094","5/6/2026 03:11:04.876346","667950","28/5/2026 09:41:34.88094"
"93328","2257","71382c93-db98-4470-9279-bb2db8dcc471","3/6/2026 01:26:06.216907","3/6/2026 01:29:36.240749","240","3/6/2026 01:26:06.216907"
"93302","2257","bda0a423-3002-4a13-9d14-e74edd136fe2","3/6/2026 01:20:50.318556","3/6/2026 01:22:20.317799","120","3/6/2026 01:20:50.318556"
"126944","2309","98226f0e-48bd-4463-a4ff-e575ff3e3663","10/6/2026 01:31:53.702476","10/6/2026 13:32:23.641158","43260","10/6/2026 01:31:53.702476"
"97926","2257","ffa96091-c01b-4b81-87ad-a19b5f80c65f","4/6/2026 09:18:17.095348","4/6/2026 09:24:47.221541","420","4/6/2026 09:18:17.095348"
"133491","2303","92b01381-2442-4593-99d2-4c3137544b58","10/6/2026 11:01:02.588912","10/6/2026 11:10:02.582207","570","10/6/2026 11:01:02.588912"
"93303","2162","5217ce22-5d29-4234-83b7-957a4e9a4a4c","3/6/2026 01:20:51.331645","3/6/2026 01:29:51.375615","570","3/6/2026 01:20:51.331645"
"97073","2257","8ecbe3c4-6292-4506-ad42-2abea27fe863","4/6/2026 03:39:03.181263","4/6/2026 03:48:03.226085","570","4/6/2026 03:39:03.181263"
"94269","2162","c21d8124-a42c-45a5-afb8-41a2ba5656b9","3/6/2026 08:21:00.660873","3/6/2026 08:30:00.651731","570","3/6/2026 08:21:00.660873"
"97610","2257","b7f3814b-e898-4614-9c60-90f6f1c2d0a9","4/6/2026 07:21:01.091744","4/6/2026 07:30:01.083971","570","4/6/2026 07:21:01.091744"
"96882","2257","822e6fb2-724d-41ea-8339-e5b21fc47174","4/6/2026 02:27:07.582979","4/6/2026 02:35:07.706711","510","4/6/2026 02:27:07.582979"
"93856","2162","00fec05d-4678-40ad-b2f8-8573b016be2c","3/6/2026 05:20:59.092342","3/6/2026 05:29:59.130701","570","3/6/2026 05:20:59.092342"
"116369","2576","34b53e74-2515-4cc4-9255-3fa0942bdcaa","9/6/2026 07:24:21.762662","9/6/2026 07:30:21.769078","390","9/6/2026 07:24:21.762662"
"96928","2257","7e672a6d-bcb8-4ae5-bc1e-dd6083124b1e","4/6/2026 02:42:03.447705","4/6/2026 02:44:03.391245","150","4/6/2026 02:42:03.447705"
"100309","2162","70a2e367-122a-4c2f-b8e3-91171cc73b93","5/6/2026 08:45:58.284441","5/6/2026 09:29:58.249911","2850","5/6/2026 08:45:58.284441"
"93449","2162","689908af-5c0f-49c2-8fb5-a9ae5c9c26b4","3/6/2026 02:20:50.820016","3/6/2026 02:29:50.84212","570","3/6/2026 02:20:50.820016"
"97453","2257","20b0d2f2-a6d6-49a1-b505-cf49e734e7a0","4/6/2026 06:20:57.759024","4/6/2026 06:29:57.820931","570","4/6/2026 06:20:57.759024"
"97113","2257","ec775299-1e5f-4f21-ac5b-220db34fdb5b","4/6/2026 03:49:21.235056","4/6/2026 03:53:51.308103","300","4/6/2026 03:49:21.235056"
"96944","2257","b3f6d5c2-e7d7-4b3a-a88d-699f5cd74d23","4/6/2026 02:47:23.06555","4/6/2026 02:51:23.118336","270","4/6/2026 02:47:23.06555"
"97145","2257","fe685699-a548-4408-bf1e-ac04f05fb93e","4/6/2026 04:00:51.952684","4/6/2026 04:02:21.969843","120","4/6/2026 04:00:51.952684"
"93993","2162","322561c3-3998-43e8-9073-94a37a4a469c","3/6/2026 06:20:56.857927","3/6/2026 06:29:56.959656","570","3/6/2026 06:20:56.857927"
"184566","2303","649334c9-5e0d-49c3-a619-42ec36ec8108","14/6/2026 00:00:51.574131","14/6/2026 00:09:51.587854","570","14/6/2026 00:00:51.574131"
"100469","2162","a29cc394-82e5-409a-839a-b1b3587052ee","5/6/2026 09:44:09.032244","6/6/2026 13:04:39.001991","98460","5/6/2026 09:44:09.032244"
"97972","2257","21691b0c-1fcf-47c8-89ee-3d0dfce1beee","4/6/2026 09:34:22.75485","4/6/2026 09:40:19.840513","390","4/6/2026 09:34:22.75485"
"97180","2257","b6872151-06d7-44da-a0d4-0f86f78d6f54","4/6/2026 04:16:20.984085","4/6/2026 04:18:20.985904","270","4/6/2026 04:16:20.984085"
"93599","2162","55e21ad2-3f59-4092-9ddb-3e09afd1dc02","3/6/2026 03:26:05.971249","3/6/2026 03:35:05.972252","570","3/6/2026 03:26:05.971249"
"96970","2257","8faf6754-80f7-44ad-88c8-4a05d72274e9","4/6/2026 02:55:46.606567","4/6/2026 03:01:16.656416","360","4/6/2026 02:55:46.606567"
"94310","2162","4e34359f-b0b9-4d36-b9e1-73a6c6cf660b","3/6/2026 08:32:00.103765","3/6/2026 12:42:30.090823","15060","3/6/2026 08:32:00.103765"
"109858","2162","7138763f-ac40-430f-9a0c-13f690d85c69","8/6/2026 03:07:52.304091","8/6/2026 03:09:22.307842","120","8/6/2026 03:07:52.304091"
"97845","2257","96dfd0ed-e544-4aca-9619-1d6b7d378021","4/6/2026 08:54:33.666205","4/6/2026 09:07:03.69334","780","4/6/2026 08:54:33.666205"
"97023","2257","1e15a1ae-a8f8-466b-b0cf-b6b4ccd57808","4/6/2026 03:18:43.852398","4/6/2026 03:22:43.850575","600","4/6/2026 03:18:43.852398"
"100458","2214","e8fcb822-872b-4426-82a1-0e3a1785dfe3","5/6/2026 09:38:48.208887","6/6/2026 12:08:18.130346","95400","5/6/2026 09:38:48.208887"
"94130","2162","5c70d1d6-6804-45ef-861e-9e29373c5f10","3/6/2026 07:20:55.542783","3/6/2026 07:29:59.686345","570","3/6/2026 07:20:55.542783"
"97049","2257","54807420-9d20-42fa-b2f7-1854651f7d73","4/6/2026 03:28:06.524898","4/6/2026 03:29:06.543743","90","4/6/2026 03:28:06.524898"
"96842","2257","927b4dd6-e786-4081-bf22-1e7621bb3b6b","4/6/2026 02:15:20.277722","4/6/2026 02:19:50.288844","300","4/6/2026 02:15:20.277722"
"93718","2162","8f6a75cb-6e36-473d-aacb-7a57c259bf1f","3/6/2026 04:20:57.6817","3/6/2026 04:29:57.677129","570","3/6/2026 04:20:57.6817"
"97749","2257","a63b3334-303d-4568-b407-ec5227361366","4/6/2026 08:20:50.077722","4/6/2026 08:29:50.059655","570","4/6/2026 08:20:50.077722"
"96865","2257","68256cd5-cb68-4c15-9c61-a88670f53ac1","4/6/2026 02:22:00.289329","4/6/2026 02:24:30.227482","180","4/6/2026 02:22:00.289329"
"97805","2257","cf613311-95df-4f0b-af6b-696a76595e1a","4/6/2026 08:39:26.349359","4/6/2026 08:39:26.349359","30","4/6/2026 08:39:26.349359"
"97821","2257","cc4cbe7f-020d-404d-bbdf-863f325c7c67","4/6/2026 08:46:41.543354","4/6/2026 08:46:41.543354","30","4/6/2026 08:46:41.543354"
"100018","2214","a4e05cc6-734b-46cd-8bd0-81b37fe4a5e5","5/6/2026 03:12:13.861303","5/6/2026 03:15:13.86205","210","5/6/2026 03:12:13.861303"
"97521","2257","8c493e57-c117-46f1-9c09-150441353273","4/6/2026 06:45:26.395376","4/6/2026 06:54:26.447463","570","4/6/2026 06:45:26.395376"
"97900","2257","b0d57a2c-754f-42e7-ac1a-aa7fcb7829e9","4/6/2026 09:09:27.405241","4/6/2026 09:12:57.351647","240","4/6/2026 09:09:27.405241"
"97314","2257","a31e983d-0c12-4b83-a7a2-611f85a13d4f","4/6/2026 05:20:53.535238","4/6/2026 05:29:53.530592","570","4/6/2026 05:20:53.535238"
"111440","2162","f0f9f562-e140-416e-82e8-d22cec9e9b30","8/6/2026 10:33:08.226796","12/6/2026 01:46:38.439513","314040","8/6/2026 10:33:08.226796"
"117024","2309","2bfeed53-220c-40b4-af2c-e714f947645f","9/6/2026 09:03:26.986109","9/6/2026 09:07:56.926722","300","9/6/2026 09:03:26.986109"
"97825","2257","0a0a7f32-9575-436c-a703-3bdddca1fd3d","4/6/2026 08:48:31.0619","4/6/2026 08:52:01.064224","240","4/6/2026 08:48:31.0619"
"105161","2214","47466e62-c71a-48c0-b99b-843e4ca711c0","6/6/2026 12:22:00.045229","6/6/2026 12:58:29.910799","2220","6/6/2026 12:22:00.045229"
"100025","2214","92c76817-edaa-491f-9627-3a000b3c9aa1","5/6/2026 06:21:03.778928","5/6/2026 09:19:33.816818","10740","5/6/2026 06:21:03.778928"
"192002","2303","fd0b4794-ab56-4c24-a633-aa7b7d6b7ba3","14/6/2026 12:00:50.724647","14/6/2026 12:09:50.713357","570","14/6/2026 12:00:50.724647"
"132223","2303","b9d5e010-bfff-458e-a84b-632d803d8fa5","10/6/2026 09:00:52.825073","10/6/2026 09:09:52.833706","570","10/6/2026 09:00:52.825073"
"111154","2162","f914eec3-9f02-4200-a412-1c9e14fdac67","8/6/2026 08:36:20.337653","8/6/2026 08:40:50.281969","360","8/6/2026 08:36:20.337653"
"172205","2303","234cf76e-fc0c-4546-a2ef-383893a29aa4","13/6/2026 04:00:50.757968","13/6/2026 04:09:50.754081","570","13/6/2026 04:00:50.757968"
"109873","2162","97d0cfa3-80b1-4db6-82cb-c27b93ec0ecb","8/6/2026 03:13:35.264937","8/6/2026 08:34:05.333687","19260","8/6/2026 03:13:35.264937"
"128752","2303","a5d1c41c-3b4f-4e36-8896-2bda644163a2","10/6/2026 04:00:53.012488","10/6/2026 04:09:52.997068","570","10/6/2026 04:00:53.012488"
"111232","2162","0e50f7f7-f688-4f92-bd8c-7a5591272748","8/6/2026 09:11:12.259487","8/6/2026 09:32:42.208103","1320","8/6/2026 09:11:12.259487"
"117071","2303","ffac7a76-7674-47e8-8ea6-403fa24c8583","9/6/2026 09:10:56.701399","9/6/2026 09:19:56.638735","570","9/6/2026 09:10:56.701399"
"130903","2303","8264d5ff-d0d4-44a2-bea7-ae3b127a6ce1","10/6/2026 07:00:53.403966","10/6/2026 07:09:53.313748","570","10/6/2026 07:00:53.403966"
"129488","2303","43707bdf-9b93-4351-af38-08de92bedd25","10/6/2026 05:00:52.554804","10/6/2026 05:09:52.597631","570","10/6/2026 05:00:52.554804"
"177148","2303","3a1a119a-d97c-4224-9b0f-604a59259002","13/6/2026 12:00:51.979804","13/6/2026 12:09:51.958186","570","13/6/2026 12:00:51.979804"
"139666","2303","a13d61ca-ca1b-4e92-87e4-acdcdc6b32ca","10/6/2026 23:00:51.982661","10/6/2026 23:09:51.996977","570","10/6/2026 23:00:51.982661"
"153067","2303","1aa5e765-d9c9-450c-932c-02f425d58e8f","11/6/2026 21:00:53.547431","11/6/2026 21:09:53.549563","570","11/6/2026 21:00:53.547431"
"179622","2303","14e1114c-173a-446c-8e22-76b9dccd17a0","13/6/2026 16:00:51.839323","13/6/2026 16:09:51.827749","570","13/6/2026 16:00:51.839323"
"174676","2303","6a1094fe-f0b6-4e55-8ce4-dcc390047abc","13/6/2026 08:00:50.7477","13/6/2026 08:09:50.7626","570","13/6/2026 08:00:50.7477"
"188914","2303","e43aff98-8735-4632-8fb1-044d0d18438d","14/6/2026 07:00:54.234837","14/6/2026 07:09:52.167644","570","14/6/2026 07:00:54.234837"
"187058","2303","374c197b-f766-4617-b64e-5d106f6dd914","14/6/2026 04:00:51.780777","14/6/2026 04:09:51.810708","570","14/6/2026 04:00:51.780777"
"191385","2303","63bca5fe-7be9-4201-8eb3-9b85ee9d43c3","14/6/2026 11:00:52.037272","14/6/2026 11:09:52.055718","570","14/6/2026 11:00:52.037272"
"192722","2303","68e85a16-0731-4902-a30e-8961cd6a7cb9","14/6/2026 13:10:56.696945","14/6/2026 13:19:56.75085","570","14/6/2026 13:10:56.696945"
"193858","2303","29839bb9-4626-41dd-bb5f-b64cd90ccf19","14/6/2026 15:00:51.041957","14/6/2026 15:09:51.037534","570","14/6/2026 15:00:51.041957"
"117108","2285","0a1a3b00-412b-4caa-bab7-22b170abdd17","9/6/2026 09:15:02.53485","16/6/2026 06:21:32.656584","594420","9/6/2026 09:15:02.53485"
"195097","2303","6f3b269a-e5b1-4d55-96e6-d9b58d5ce953","14/6/2026 17:00:54.435773","14/6/2026 17:09:54.42875","570","14/6/2026 17:00:54.435773"
"197567","2303","06fefd2e-2ee3-494c-bce1-e6d9c4bdd257","14/6/2026 21:00:50.671084","14/6/2026 21:09:50.676913","570","14/6/2026 21:00:50.671084"
"198185","2303","7b387f7e-f89e-45f4-b1c1-e213402cfe64","14/6/2026 22:00:50.597663","14/6/2026 22:09:50.592301","570","14/6/2026 22:00:50.597663"
"199422","2303","e7468a1a-195e-4172-bbfb-5bfbbe8a0b26","15/6/2026 00:00:53.715636","15/6/2026 00:09:53.714159","570","15/6/2026 00:00:53.715636"
"200574","2257","3a649885-e66d-4777-b02d-190132bbba46","15/6/2026 01:52:27.33663","15/6/2026 01:58:54.91669","420","15/6/2026 01:52:27.33663"
"148134","2303","e1c3457e-5cea-4151-addf-5cd743f03e69","11/6/2026 13:00:52.543176","11/6/2026 13:09:52.51354","570","11/6/2026 13:00:52.543176"
"145065","2303","5fc1953e-ea92-4bfe-be46-0a3b58e4e577","11/6/2026 08:00:52.770731","11/6/2026 08:09:52.741955","570","11/6/2026 08:00:52.770731"
"195714","2303","f5410866-7afa-4da5-b824-cfb4c7110841","14/6/2026 18:00:50.672291","14/6/2026 18:09:50.729794","570","14/6/2026 18:00:50.672291"
"131607","2303","f98e8750-e29f-45ed-848a-54074fad48f0","10/6/2026 08:00:54.475871","10/6/2026 08:09:56.331989","570","10/6/2026 08:00:54.475871"
"140832","2303","1b6a6ea6-c43f-42ba-9fd3-4f27b6fadc27","11/6/2026 01:00:52.629127","11/6/2026 01:09:52.680008","570","11/6/2026 01:00:52.629127"
"117054","2285","48b46b9c-52ea-4a1d-be7f-f7c13749c3e1","9/6/2026 09:08:54.778372","9/6/2026 09:10:54.762827","150","9/6/2026 09:08:54.778372"
"127298","2303","6fa55cc4-b5f0-436f-a517-903cdec303a2","10/6/2026 02:01:28.049653","10/6/2026 02:09:58.564912","570","10/6/2026 02:01:28.049653"
"130219","2303","cd283e7a-337a-4e29-bd85-f54a23e3271d","10/6/2026 06:00:52.686984","10/6/2026 06:09:52.758751","570","10/6/2026 06:00:52.686984"
"187676","2303","79bec484-91c2-497e-b8cc-c1bbff88c137","14/6/2026 05:00:51.173781","14/6/2026 05:09:51.244784","570","14/6/2026 05:00:51.173781"
"154303","2303","79bc14f7-7113-4398-9960-4efc66a3cc41","11/6/2026 23:00:53.550131","11/6/2026 23:09:53.474275","570","11/6/2026 23:00:53.550131"
"132861","2303","0006d68a-e88b-4012-aec4-51da771f39bf","10/6/2026 10:00:53.793953","10/6/2026 10:09:53.825601","570","10/6/2026 10:00:53.793953"
"151218","2303","29f1668f-459e-4709-8e63-465458e71795","11/6/2026 18:00:52.866611","11/6/2026 18:09:52.900123","570","11/6/2026 18:00:52.866611"
"149988","2303","76ab3cc8-5c4b-409d-9208-898835d2017b","11/6/2026 16:00:52.389995","11/6/2026 16:09:52.394316","570","11/6/2026 16:00:52.389995"
"134671","2303","33fd57de-e784-4b56-99a9-66ff581ab1f0","10/6/2026 13:00:54.961739","10/6/2026 13:09:52.222405","570","10/6/2026 13:00:54.961739"
"190768","2303","9e3ceddc-7a15-4a59-8b57-8a93141bbab5","14/6/2026 10:00:50.606911","14/6/2026 10:09:50.608633","570","14/6/2026 10:00:50.606911"
"143232","2303","4a3c53aa-4130-4b7f-93bd-45ac7ec15382","11/6/2026 05:00:53.880076","11/6/2026 05:09:53.959997","570","11/6/2026 05:00:53.880076"
"140279","2303","8d6b0b0d-0575-4935-99f9-8521f5c32abe","11/6/2026 00:00:52.967251","11/6/2026 00:09:53.039544","570","11/6/2026 00:00:52.967251"
"172824","2303","7ffd0a9b-a6c2-418f-8449-170eb93746dd","13/6/2026 05:00:50.997072","13/6/2026 05:09:51.008448","570","13/6/2026 05:00:50.997072"
"159855","2303","75af2c59-6950-4daa-97cb-fc9276c97f49","12/6/2026 08:00:59.49783","12/6/2026 08:09:59.477882","570","12/6/2026 08:00:59.49783"
"164786","2303","260edf7d-8ddf-4ca6-a6bb-bce4877e5ec7","12/6/2026 16:00:49.982197","12/6/2026 16:09:50.006069","570","12/6/2026 16:00:49.982197"
"162312","2303","3d4c8ff1-2771-47f0-be5c-daca3d2d8392","12/6/2026 12:00:51.809922","12/6/2026 12:09:51.829081","570","12/6/2026 12:00:51.809922"
"144459","2303","43546e18-4e3b-460c-b1ad-0e9cecf66ad6","11/6/2026 07:00:55.710967","11/6/2026 07:09:55.741488","570","11/6/2026 07:00:55.710967"
"148753","2303","00740020-eed5-4b15-af5d-24d80722c97d","11/6/2026 14:00:54.597193","11/6/2026 14:09:54.536085","570","11/6/2026 14:00:54.597193"
"116415","2305","e677d330-db45-4188-beb4-7043dfe3a068","9/6/2026 07:32:39.119918","10/6/2026 10:23:39.103905","96690","9/6/2026 07:32:39.119918"
"155539","2303","b51953ae-09a9-4849-90a5-409ca1570095","12/6/2026 01:00:53.801735","12/6/2026 01:09:53.841697","570","12/6/2026 01:00:53.801735"
"156770","2303","e52b3c87-42d6-4499-9361-4a86ecd57287","12/6/2026 03:00:55.274502","12/6/2026 03:09:55.021114","570","12/6/2026 03:00:55.274502"
"145677","2303","be2972be-6ce1-417e-932d-d348de4c304a","11/6/2026 09:00:52.851777","11/6/2026 09:09:52.805689","570","11/6/2026 09:00:52.851777"
"151834","2303","715af007-45a7-46b4-b87b-58af228f8102","11/6/2026 19:00:53.550292","11/6/2026 19:09:53.628309","570","11/6/2026 19:00:53.550292"
"160466","2303","db33dfbd-2cf1-4bc3-978d-7027acaa2187","12/6/2026 09:00:50.860182","12/6/2026 09:09:50.870714","570","12/6/2026 09:00:50.860182"
"170349","2303","3eab9ee7-f3cf-4032-aa30-7d5f1e5c2c8b","13/6/2026 01:00:49.809106","13/6/2026 01:09:49.882272","570","13/6/2026 01:00:49.809106"
"194476","2303","c4cb808e-8209-4c3b-9117-d931338c500d","14/6/2026 16:00:50.72467","14/6/2026 16:09:50.939331","570","14/6/2026 16:00:50.72467"
"134054","2303","8893bc7b-a50b-4107-8619-4e087169d24d","10/6/2026 12:00:52.072543","10/6/2026 12:09:52.094235","570","10/6/2026 12:00:52.072543"
"158619","2303","0498204a-33df-49e0-a0d7-b871f5915848","12/6/2026 06:00:52.868796","12/6/2026 06:09:52.974947","570","12/6/2026 06:00:52.868796"
"147517","2303","12ddfc89-ebf3-4b25-a1a5-ab06362828c7","11/6/2026 12:00:52.347802","11/6/2026 12:09:52.361954","570","11/6/2026 12:00:52.347802"
"142009","2303","ced4bc46-8d82-4c8b-9d70-c90b07088415","11/6/2026 03:00:53.672604","11/6/2026 03:09:53.660029","570","11/6/2026 03:00:53.672604"
"146904","2303","2d983518-8721-4b1d-bdec-04edb57dd3bf","11/6/2026 11:00:54.427416","11/6/2026 11:09:54.519248","570","11/6/2026 11:00:54.427416"
"141437","2303","75fed963-0699-40c6-8631-b407d6d8c38f","11/6/2026 02:00:52.930072","11/6/2026 02:09:53.161133","570","11/6/2026 02:00:52.930072"
"153687","2303","ae3b7551-e0b5-464c-995a-f38a8efc9ec6","11/6/2026 22:00:57.948146","11/6/2026 22:09:58.034892","570","11/6/2026 22:00:57.948146"
"158001","2303","6036cd8b-6505-4489-898c-2e7c2d1a4c33","12/6/2026 05:00:54.291644","12/6/2026 05:09:54.267597","570","12/6/2026 05:00:54.291644"
"154919","2303","4765d6ba-d358-456b-858e-8976b392a799","12/6/2026 00:00:55.708144","12/6/2026 00:09:54.510458","570","12/6/2026 00:00:55.708144"
"142624","2303","62a5a723-14ce-4d9f-8b04-ef24eb7394f6","11/6/2026 04:00:53.434552","11/6/2026 04:09:53.451843","570","11/6/2026 04:00:53.434552"
"164170","2303","1f4b6d9f-f7b4-461e-a092-32fd82046f45","12/6/2026 15:00:52.247177","12/6/2026 15:09:52.283608","570","12/6/2026 15:00:52.247177"
"167879","2303","2f2c6962-4d8e-4da9-9aeb-5c45cb5e8eda","12/6/2026 21:00:52.286417","12/6/2026 21:09:52.304715","570","12/6/2026 21:00:52.286417"
"182714","2303","a27c185a-5a99-4483-8263-f5d51fed3fba","13/6/2026 21:00:51.126444","13/6/2026 21:09:51.148082","570","13/6/2026 21:00:51.126444"
"150600","2303","44b8d82a-f37f-452b-9d8d-857eb7ae93a5","11/6/2026 17:01:02.468914","11/6/2026 17:09:59.098828","570","11/6/2026 17:01:02.468914"
"180240","2303","c197981e-c992-43ff-bed6-e57355601226","13/6/2026 17:00:50.446764","13/6/2026 17:09:50.457805","570","13/6/2026 17:00:50.446764"
"180859","2303","f240429c-30c3-4d11-99ce-9932f38c6e29","13/6/2026 18:00:52.916093","13/6/2026 18:09:52.922658","570","13/6/2026 18:00:52.916093"
"198804","2303","0056339a-549a-4579-ba0e-025dc4a218fe","14/6/2026 23:00:50.954879","14/6/2026 23:09:50.933642","570","14/6/2026 23:00:50.954879"
"162931","2303","374c5d22-8807-470f-a376-51046d19d1a8","12/6/2026 13:00:50.552768","12/6/2026 13:09:50.597735","570","12/6/2026 13:00:50.552768"
"177768","2303","a4d14ea0-7763-4dc1-8b0a-bfe98f1d7c22","13/6/2026 13:00:52.146559","13/6/2026 13:09:52.149065","570","13/6/2026 13:00:52.146559"
"169733","2303","3c5b7601-b026-4aab-9ab4-b85898defc94","13/6/2026 00:00:50.276312","13/6/2026 00:09:50.276754","570","13/6/2026 00:00:50.276312"
"166643","2303","b25630f8-8150-43d6-bc26-184d95044e3e","12/6/2026 19:00:51.951868","12/6/2026 19:09:51.960599","570","12/6/2026 19:00:51.951868"
"189531","2303","5f9825a3-6518-41f9-bdc4-e7837751221e","14/6/2026 08:00:50.835705","14/6/2026 08:09:50.852984","570","14/6/2026 08:00:50.835705"
"193239","2303","f8d8e9b6-e3db-4469-ad60-b8c29f1e150c","14/6/2026 14:00:51.887304","14/6/2026 14:09:51.870006","570","14/6/2026 14:00:51.887304"
"175293","2303","c8b44066-2773-4d03-8164-11dc9d92ee04","13/6/2026 09:00:51.442651","13/6/2026 09:09:51.443471","570","13/6/2026 09:00:51.442651"
"185183","2303","78049891-66b8-446c-a3e1-f09ba2ebf5f4","14/6/2026 01:00:51.40353","14/6/2026 01:09:51.486473","570","14/6/2026 01:00:51.40353"
"181478","2303","cf674573-cb3f-4226-a31f-984233301ef4","13/6/2026 19:00:52.649355","13/6/2026 19:09:52.591067","570","13/6/2026 19:00:52.649355"
"200138","2303","b33fcf55-e8ac-4eac-9a56-217d74207271","15/6/2026 01:10:51.886358","15/6/2026 01:19:51.796547","570","15/6/2026 01:10:51.886358"
"206533","2303","1bd63e95-1959-40e6-9f50-482a696521d6","15/6/2026 13:00:51.460618","15/6/2026 13:09:50.442741","570","15/6/2026 13:00:51.460618"
"201692","2303","f59a065d-e9ae-4a4a-bf77-e5d341ba7a2b","15/6/2026 04:00:50.063232","15/6/2026 04:09:49.967985","570","15/6/2026 04:00:50.063232"
"200679","2303","5af81cbb-8036-456b-a3b9-ac73193e7da4","15/6/2026 02:02:09.579593","15/6/2026 02:09:57.048557","570","15/6/2026 02:02:09.579593"
"205306","2303","d2f78c07-065d-4b11-b367-43f9ea32da4a","15/6/2026 11:00:50.519529","15/6/2026 11:09:50.522788","570","15/6/2026 11:00:50.519529"
"205921","2303","98c9da96-4af9-4566-9edd-60e11f5cd2b4","15/6/2026 12:00:50.67347","15/6/2026 12:09:50.755856","570","15/6/2026 12:00:50.67347"
"207141","2303","c11f619e-108d-4349-8622-6a7ea00c701d","15/6/2026 14:00:50.110078","15/6/2026 14:09:50.109171","570","15/6/2026 14:00:50.110078"
"209615","2303","023f3bc7-90ce-466c-b0b8-637ba03a1d65","15/6/2026 18:00:51.481025","15/6/2026 18:09:51.645552","570","15/6/2026 18:00:51.481025"
"211270","2303","3dd95ee7-230f-4d54-af3e-c3f6b859440d","15/6/2026 21:00:51.094789","15/6/2026 21:09:51.162608","570","15/6/2026 21:00:51.094789"
"213265","2303","5ca7031f-1c05-46ef-9090-d941bbdf6392","16/6/2026 01:00:59.648479","16/6/2026 01:09:50.564105","570","16/6/2026 01:00:59.648479"
"213763","2303","7c8b9ad6-c9e3-4be6-9e25-ac471296fa5c","16/6/2026 02:00:50.441602","16/6/2026 02:09:50.443694","570","16/6/2026 02:00:50.441602"
"214971","2303","a1ef7c43-2890-460d-a9d1-5d68046aedd6","16/6/2026 04:00:51.559592","16/6/2026 04:09:51.565757","570","16/6/2026 04:00:51.559592"
"215589","2303","bab83985-9414-4f87-afcd-ff2967887cf0","16/6/2026 05:00:50.897959","16/6/2026 05:09:50.905616","570","16/6/2026 05:00:50.897959"
"133061","2305","ed7e3350-dfb3-473c-b8ed-9eb0c353f25a","10/6/2026 10:16:52.080639","10/6/2026 10:18:22.102015","120","10/6/2026 10:16:52.080639"
"167261","2303","e89c7e68-4ee0-4f61-bcfe-17891a3a4455","12/6/2026 20:00:51.637366","12/6/2026 20:09:51.63442","570","12/6/2026 20:00:51.637366"
"143842","2303","7a564710-3eb4-4587-ad13-017b1dbd3821","11/6/2026 06:00:52.727131","11/6/2026 06:09:52.77662","570","11/6/2026 06:00:52.727131"
"204167","2303","1165a3d2-5203-4301-b3bc-36f1da97bae7","15/6/2026 09:00:50.356262","15/6/2026 09:09:21.310851","540","15/6/2026 09:00:50.356262"
"196334","2303","185b9ef9-031d-4705-b870-f5f51675f5ca","14/6/2026 19:00:52.368285","14/6/2026 19:09:52.337893","570","14/6/2026 19:00:52.368285"
"146292","2303","d964f2e7-185c-4796-b903-51cd61f8c855","11/6/2026 10:00:52.617502","11/6/2026 10:09:52.601357","570","11/6/2026 10:00:52.617502"
"138839","2309","80d60dab-02db-48f1-b84c-82ab63094a9a","10/6/2026 21:38:52.720915","16/6/2026 06:20:52.023677","463350","10/6/2026 21:38:52.720915"
"190149","2303","d7e3bb98-e85e-421b-ada6-b67d9d0dad21","14/6/2026 09:00:51.391165","14/6/2026 09:09:51.387657","570","14/6/2026 09:00:51.391165"
"213881","2257","b69fb88f-aa16-45d1-8119-0ac4acc0a967","16/6/2026 02:13:05.976628","16/6/2026 06:21:35.825765","14940","16/6/2026 02:13:05.976628"
"170967","2303","98c5f648-4a6a-4c50-8da6-643d305a6290","13/6/2026 02:00:51.67531","13/6/2026 02:09:51.639521","570","13/6/2026 02:00:51.67531"
"149371","2303","d942fdea-504d-4db2-b96b-37ba31f74669","11/6/2026 15:00:52.52321","11/6/2026 15:09:52.500754","570","11/6/2026 15:00:52.52321"
"182097","2303","4e997d81-7929-430b-88a3-76b3d259192e","13/6/2026 20:00:52.20845","13/6/2026 20:09:52.192788","570","13/6/2026 20:00:52.20845"
"165406","2303","374b8d75-731e-4be3-a5ba-a0140d5e94dd","12/6/2026 17:00:53.522704","12/6/2026 17:09:53.590338","570","12/6/2026 17:00:53.522704"
"188295","2303","1fead84a-0772-439e-a62e-32553b494814","14/6/2026 06:00:55.750273","14/6/2026 06:09:51.693526","570","14/6/2026 06:00:55.750273"
"117058","2309","f7cd198c-f079-486e-ae72-dc71fede3967","9/6/2026 09:09:25.644077","10/6/2026 01:30:25.635023","58890","9/6/2026 09:09:25.644077"
"161078","2303","ba66263b-f114-4635-b5bd-67682bb84f8f","12/6/2026 10:00:56.000515","12/6/2026 10:09:56.041813","570","12/6/2026 10:00:56.000515"
"159235","2303","9c21885b-e2d2-413d-99ea-53dc446d5d9a","12/6/2026 07:00:53.636538","12/6/2026 07:09:53.612818","570","12/6/2026 07:00:53.636538"
"139059","2303","736aa465-13c8-460b-82c6-5a9b5a5b0b3c","10/6/2026 22:00:52.089069","10/6/2026 22:09:52.280237","570","10/6/2026 22:00:52.089069"
"168497","2303","b5b46c92-15bd-40e1-98b9-de706f1bfaa9","12/6/2026 22:00:51.886821","12/6/2026 22:09:51.905682","570","12/6/2026 22:00:51.886821"
"204460","2257","d1cc54b2-1e78-42cd-82d1-6911beb9b321","15/6/2026 09:35:11.28025","15/6/2026 09:51:11.319267","990","15/6/2026 09:35:11.28025"
"185801","2303","d5354d15-44ab-4373-a268-000ec9c894eb","14/6/2026 02:00:51.574442","14/6/2026 02:19:51.64589","1170","14/6/2026 02:00:51.574442"
"173443","2303","e042889c-ca26-4055-8360-529c0d5a1961","13/6/2026 06:00:51.712945","13/6/2026 06:09:51.713973","570","13/6/2026 06:00:51.712945"
"128022","2303","9dc88998-abc5-47f8-a787-6bfd40b6e425","10/6/2026 03:00:52.936651","10/6/2026 03:09:52.805176","570","10/6/2026 03:00:52.936651"
"203672","2303","00eba289-6c68-4a80-873c-30772dedd480","15/6/2026 08:00:53.307148","15/6/2026 08:09:53.422206","570","15/6/2026 08:00:53.307148"
"202190","2303","452e9df5-ce57-469a-8e68-1e64f47dee48","15/6/2026 05:00:49.993385","15/6/2026 05:09:50.032554","570","15/6/2026 05:00:49.993385"
"157385","2303","eeebf9bd-e346-4d25-9ab8-b48d13a3ee15","12/6/2026 04:00:53.335899","12/6/2026 04:09:53.320159","570","12/6/2026 04:00:53.335899"
"200829","2162","4d43076e-5eb2-4933-b235-5bd2ef0e1f89","15/6/2026 02:15:33.060935","15/6/2026 02:20:33.069582","330","15/6/2026 02:15:33.060935"
"204633","2257","0100cebd-2a00-4b58-b391-121f0a2a2866","15/6/2026 09:52:45.298833","15/6/2026 10:09:45.275459","1050","15/6/2026 09:52:45.298833"
"216211","2303","f9330e44-d40a-4f0c-858a-65bfa3b9f9df","16/6/2026 06:01:19.96044","16/6/2026 06:09:50.676365","570","16/6/2026 06:01:19.96044"
"163551","2303","8cad8b63-9d9c-4fdc-9f5e-9f2188574943","12/6/2026 14:00:52.111757","12/6/2026 14:09:52.084801","570","12/6/2026 14:00:52.111757"
"178385","2303","0fcf2a63-43e6-474c-83cb-39c897875d9b","13/6/2026 14:00:52.548146","13/6/2026 14:09:52.543245","570","13/6/2026 14:00:52.548146"
"203175","2303","fec5e275-4932-4670-af0b-9dbf77097c28","15/6/2026 07:00:50.991552","15/6/2026 07:09:51.032206","570","15/6/2026 07:00:50.991552"
"207760","2303","bda84604-5f63-4aac-ab7c-8e3295ae8062","15/6/2026 15:00:49.971156","15/6/2026 15:09:49.947434","570","15/6/2026 15:00:49.971156"
"175911","2303","a1538bdf-5feb-499d-98ce-15b6fb674ce9","13/6/2026 10:00:51.98945","13/6/2026 10:09:51.989841","570","13/6/2026 10:00:51.98945"
"183333","2303","8106012f-92bc-42b8-b740-6097d02b588d","13/6/2026 22:00:51.878427","13/6/2026 22:09:51.921598","570","13/6/2026 22:00:51.878427"
"156022","2162","c451c93d-6984-46bc-96d9-65e9274b3b22","12/6/2026 01:47:39.474157","15/6/2026 02:14:09.463252","260820","12/6/2026 01:47:39.474157"
"211770","2303","b0c3071a-f035-4877-9bca-9e02442483ed","15/6/2026 22:00:53.246088","15/6/2026 22:09:53.165827","570","15/6/2026 22:00:53.246088"
"210234","2303","4cd7a19a-82e2-4872-ad5a-8d160e4a1f4b","15/6/2026 19:00:51.418402","15/6/2026 19:09:51.409271","570","15/6/2026 19:00:51.418402"
"169115","2303","d060ff6e-c66b-4dca-8cdb-6f3f34bb58a0","12/6/2026 23:00:50.446398","12/6/2026 23:09:50.202301","570","12/6/2026 23:00:50.446398"
"105309","2214","d91c2a4a-9759-4a10-ae6b-9c640167db7e","6/6/2026 12:59:47.87434","16/6/2026 06:21:17.834572","840120","6/6/2026 12:59:47.87434"
"116426","8228","4d1baca7-c669-451b-a98d-0c9a5e58abd6","9/6/2026 07:34:23.716817","16/6/2026 06:21:23.745067","600450","9/6/2026 07:34:23.716817"
"183949","2303","08fdc27e-8485-4e9e-9c8f-efacc3d86f43","13/6/2026 23:00:49.902719","13/6/2026 23:09:49.947353","570","13/6/2026 23:00:49.902719"
"214359","2303","2ff6353f-ce6a-4955-b215-d4cad9852a0f","16/6/2026 03:00:52.885887","16/6/2026 03:09:52.851266","570","16/6/2026 03:00:52.885887"
"161695","2303","9b653f39-53a4-4729-bba9-9cbf7f3de897","12/6/2026 11:00:51.183228","12/6/2026 11:09:51.234195","570","12/6/2026 11:00:51.183228"
"212267","2303","8a85e60c-b525-4313-90d6-8e29ea966e8c","15/6/2026 23:00:50.364432","15/6/2026 23:09:50.361298","570","15/6/2026 23:00:50.364432"
"176530","2303","897ed253-a6f7-45e2-aec4-86eb54669311","13/6/2026 11:00:51.082069","13/6/2026 11:09:51.062551","570","13/6/2026 11:00:51.082069"
"208379","2303","83e12060-e95e-40ef-a207-58ef30d9a9ce","15/6/2026 16:00:50.265874","15/6/2026 16:09:50.271378","570","15/6/2026 16:00:50.265874"
"202678","2303","0c667672-d98a-41c7-8e10-d9711eba03bc","15/6/2026 06:00:54.079413","15/6/2026 06:09:54.10259","570","15/6/2026 06:00:54.079413"
"166024","2303","381a7b7e-b73c-4171-8638-2c8e2d91ea0a","12/6/2026 18:00:51.828956","12/6/2026 18:09:51.831718","570","12/6/2026 18:00:51.828956"
"210772","2303","54ad8b0c-4c2b-44a5-8883-1f7f77915128","15/6/2026 20:00:50.649748","15/6/2026 20:09:50.682555","570","15/6/2026 20:00:50.649748"
"179003","2303","8cee93b0-da1c-4d5e-a704-a07eb24c69d7","13/6/2026 15:00:51.228971","13/6/2026 15:09:51.22497","570","13/6/2026 15:00:51.228971"
"156153","2303","ef867c46-2def-431e-b4f1-e20bf3b7f2e2","12/6/2026 02:00:58.298749","12/6/2026 02:09:58.177568","570","12/6/2026 02:00:58.298749"
"201201","2303","3d86db02-aaf2-40f2-b605-b29bed6d777a","15/6/2026 03:00:51.410347","15/6/2026 03:09:51.476822","570","15/6/2026 03:00:51.410347"
"186440","2303","fcb418d8-e36d-4953-b866-00e125ffe24e","14/6/2026 03:00:50.676824","14/6/2026 03:09:51.076669","570","14/6/2026 03:00:50.676824"
"204715","2303","875fd324-6598-4c03-a0a9-cfec2e89b2a2","15/6/2026 10:00:50.724568","15/6/2026 10:09:50.767601","570","15/6/2026 10:00:50.724568"
"196948","2303","152e7520-648f-4b6a-a7ab-2d033c969261","14/6/2026 20:00:50.833211","14/6/2026 20:09:50.838941","570","14/6/2026 20:00:50.833211"
"171586","2303","d275799c-8f2c-4fbd-b258-f1d8784b0a99","13/6/2026 03:00:50.391475","13/6/2026 03:09:50.392469","570","13/6/2026 03:00:50.391475"
"174061","2303","59fb0f1c-65dd-45f7-8e73-f8a5d14d14fe","13/6/2026 07:00:51.404187","13/6/2026 07:09:51.404701","570","13/6/2026 07:00:51.404187"
"204914","2257","34325925-98c7-4984-af98-6d2a7ed9a5dd","15/6/2026 10:21:05.446837","15/6/2026 19:19:58.223391","32370","15/6/2026 10:21:05.446837"
"208996","2303","9234f2cf-2d3d-4f64-86b4-a1b03c2e0623","15/6/2026 17:00:51.720987","15/6/2026 17:09:51.70803","570","15/6/2026 17:00:51.720987"
"212765","2303","f61d518b-f325-4074-a132-f6d6f676b6de","16/6/2026 00:00:50.471472","16/6/2026 00:09:50.601475","570","16/6/2026 00:00:50.471472"
